date,product,category,demand_units,unit_price_eur,demand_value_eur,cold_chain,disruption_event,seasonality_type
2022-01-01,Paracetamol_500mg,OTC,3492,0.05,174.6,False,covid_wave,winter_peak
2022-01-02,Paracetamol_500mg,OTC,3323,0.05,166.15,False,covid_wave,winter_peak
2022-01-03,Paracetamol_500mg,OTC,4418,0.05,220.9,False,covid_wave,winter_peak
2022-01-04,Paracetamol_500mg,OTC,4713,0.05,235.65,False,covid_wave,winter_peak
2022-01-05,Paracetamol_500mg,OTC,4123,0.05,206.15,False,covid_wave,winter_peak
2022-01-06,Paracetamol_500mg,OTC,4124,0.05,206.2,False,covid_wave,winter_peak
2022-01-07,Paracetamol_500mg,OTC,4734,0.05,236.7,False,covid_wave,winter_peak
2022-01-08,Paracetamol_500mg,OTC,3569,0.05,178.45,False,covid_wave,winter_peak
2022-01-09,Paracetamol_500mg,OTC,3236,0.05,161.8,False,covid_wave,winter_peak
2022-01-10,Paracetamol_500mg,OTC,4387,0.05,219.35,False,covid_wave,winter_peak
2022-01-11,Paracetamol_500mg,OTC,4049,0.05,202.45,False,covid_wave,winter_peak
2022-01-12,Paracetamol_500mg,OTC,4049,0.05,202.45,False,covid_wave,winter_peak
2022-01-13,Paracetamol_500mg,OTC,4288,0.05,214.4,False,covid_wave,winter_peak
2022-01-14,Paracetamol_500mg,OTC,3563,0.05,178.15,False,covid_wave,winter_peak
2022-01-15,Paracetamol_500mg,OTC,2901,0.05,145.05,False,covid_wave,winter_peak
2022-01-16,Paracetamol_500mg,OTC,3215,0.05,160.75,False,covid_wave,winter_peak
2022-01-17,Paracetamol_500mg,OTC,3868,0.05,193.4,False,covid_wave,winter_peak
2022-01-18,Paracetamol_500mg,OTC,4315,0.05,215.75,False,covid_wave,winter_peak
2022-01-19,Paracetamol_500mg,OTC,3904,0.05,195.2,False,covid_wave,winter_peak
2022-01-20,Paracetamol_500mg,OTC,3735,0.05,186.75,False,covid_wave,winter_peak
2022-01-21,Paracetamol_500mg,OTC,4705,0.05,235.25,False,covid_wave,winter_peak
2022-01-22,Paracetamol_500mg,OTC,3308,0.05,165.4,False,covid_wave,winter_peak
2022-01-23,Paracetamol_500mg,OTC,3388,0.05,169.4,False,covid_wave,winter_peak
2022-01-24,Paracetamol_500mg,OTC,3733,0.05,186.65,False,covid_wave,winter_peak
2022-01-25,Paracetamol_500mg,OTC,4030,0.05,201.5,False,covid_wave,winter_peak
2022-01-26,Paracetamol_500mg,OTC,4251,0.05,212.55,False,covid_wave,winter_peak
2022-01-27,Paracetamol_500mg,OTC,3826,0.05,191.3,False,covid_wave,winter_peak
2022-01-28,Paracetamol_500mg,OTC,4342,0.05,217.1,False,covid_wave,winter_peak
2022-01-29,Paracetamol_500mg,OTC,3210,0.05,160.5,False,covid_wave,winter_peak
2022-01-30,Paracetamol_500mg,OTC,3294,0.05,164.7,False,covid_wave,winter_peak
2022-01-31,Paracetamol_500mg,OTC,4014,0.05,200.7,False,covid_wave,winter_peak
2022-02-01,Paracetamol_500mg,OTC,4669,0.05,233.45,False,covid_wave,winter_peak
2022-02-02,Paracetamol_500mg,OTC,4063,0.05,203.15,False,covid_wave,winter_peak
2022-02-03,Paracetamol_500mg,OTC,3724,0.05,186.2,False,covid_wave,winter_peak
2022-02-04,Paracetamol_500mg,OTC,4336,0.05,216.8,False,covid_wave,winter_peak
2022-02-05,Paracetamol_500mg,OTC,2936,0.05,146.8,False,covid_wave,winter_peak
2022-02-06,Paracetamol_500mg,OTC,3309,0.05,165.45,False,covid_wave,winter_peak
2022-02-07,Paracetamol_500mg,OTC,3432,0.05,171.6,False,covid_wave,winter_peak
2022-02-08,Paracetamol_500mg,OTC,3638,0.05,181.9,False,covid_wave,winter_peak
2022-02-09,Paracetamol_500mg,OTC,4135,0.05,206.75,False,covid_wave,winter_peak
2022-02-10,Paracetamol_500mg,OTC,4312,0.05,215.6,False,covid_wave,winter_peak
2022-02-11,Paracetamol_500mg,OTC,4128,0.05,206.4,False,covid_wave,winter_peak
2022-02-12,Paracetamol_500mg,OTC,3228,0.05,161.4,False,covid_wave,winter_peak
2022-02-13,Paracetamol_500mg,OTC,3180,0.05,159.0,False,covid_wave,winter_peak
2022-02-14,Paracetamol_500mg,OTC,3592,0.05,179.6,False,covid_wave,winter_peak
2022-02-15,Paracetamol_500mg,OTC,3840,0.05,192.0,False,covid_wave,winter_peak
2022-02-16,Paracetamol_500mg,OTC,3925,0.05,196.25,False,covid_wave,winter_peak
2022-02-17,Paracetamol_500mg,OTC,4420,0.05,221.0,False,covid_wave,winter_peak
2022-02-18,Paracetamol_500mg,OTC,4188,0.05,209.4,False,covid_wave,winter_peak
2022-02-19,Paracetamol_500mg,OTC,2801,0.05,140.05,False,covid_wave,winter_peak
2022-02-20,Paracetamol_500mg,OTC,3346,0.05,167.3,False,covid_wave,winter_peak
2022-02-21,Paracetamol_500mg,OTC,3952,0.05,197.6,False,covid_wave,winter_peak
2022-02-22,Paracetamol_500mg,OTC,3857,0.05,192.85,False,covid_wave,winter_peak
2022-02-23,Paracetamol_500mg,OTC,4279,0.05,213.95,False,covid_wave,winter_peak
2022-02-24,Paracetamol_500mg,OTC,4416,0.05,220.8,False,covid_wave,winter_peak
2022-02-25,Paracetamol_500mg,OTC,4384,0.05,219.2,False,covid_wave,winter_peak
2022-02-26,Paracetamol_500mg,OTC,3045,0.05,152.25,False,covid_wave,winter_peak
2022-02-27,Paracetamol_500mg,OTC,3184,0.05,159.2,False,covid_wave,winter_peak
2022-02-28,Paracetamol_500mg,OTC,4190,0.05,209.5,False,covid_wave,winter_peak
2022-03-01,Paracetamol_500mg,OTC,3586,0.05,179.3,False,covid_wave,winter_peak
2022-03-02,Paracetamol_500mg,OTC,3199,0.05,159.95,False,covid_wave,winter_peak
2022-03-03,Paracetamol_500mg,OTC,3278,0.05,163.9,False,covid_wave,winter_peak
2022-03-04,Paracetamol_500mg,OTC,3033,0.05,151.65,False,covid_wave,winter_peak
2022-03-05,Paracetamol_500mg,OTC,2407,0.05,120.35,False,covid_wave,winter_peak
2022-03-06,Paracetamol_500mg,OTC,2836,0.05,141.8,False,covid_wave,winter_peak
2022-03-07,Paracetamol_500mg,OTC,3690,0.05,184.5,False,covid_wave,winter_peak
2022-03-08,Paracetamol_500mg,OTC,3310,0.05,165.5,False,covid_wave,winter_peak
2022-03-09,Paracetamol_500mg,OTC,3597,0.05,179.85,False,covid_wave,winter_peak
2022-03-10,Paracetamol_500mg,OTC,3427,0.05,171.35,False,covid_wave,winter_peak
2022-03-11,Paracetamol_500mg,OTC,3159,0.05,157.95,False,covid_wave,winter_peak
2022-03-12,Paracetamol_500mg,OTC,2741,0.05,137.05,False,covid_wave,winter_peak
2022-03-13,Paracetamol_500mg,OTC,2993,0.05,149.65,False,covid_wave,winter_peak
2022-03-14,Paracetamol_500mg,OTC,3322,0.05,166.1,False,covid_wave,winter_peak
2022-03-15,Paracetamol_500mg,OTC,3750,0.05,187.5,False,covid_wave,winter_peak
2022-03-16,Paracetamol_500mg,OTC,2634,0.05,131.7,False,covid_wave,winter_peak
2022-03-17,Paracetamol_500mg,OTC,3553,0.05,177.65,False,covid_wave,winter_peak
2022-03-18,Paracetamol_500mg,OTC,3357,0.05,167.85,False,covid_wave,winter_peak
2022-03-19,Paracetamol_500mg,OTC,2604,0.05,130.2,False,covid_wave,winter_peak
2022-03-20,Paracetamol_500mg,OTC,2687,0.05,134.35,False,covid_wave,winter_peak
2022-03-21,Paracetamol_500mg,OTC,2805,0.05,140.25,False,covid_wave,winter_peak
2022-03-22,Paracetamol_500mg,OTC,3277,0.05,163.85,False,covid_wave,winter_peak
2022-03-23,Paracetamol_500mg,OTC,3431,0.05,171.55,False,covid_wave,winter_peak
2022-03-24,Paracetamol_500mg,OTC,3731,0.05,186.55,False,covid_wave,winter_peak
2022-03-25,Paracetamol_500mg,OTC,3199,0.05,159.95,False,covid_wave,winter_peak
2022-03-26,Paracetamol_500mg,OTC,2497,0.05,124.85,False,covid_wave,winter_peak
2022-03-27,Paracetamol_500mg,OTC,2563,0.05,128.15,False,covid_wave,winter_peak
2022-03-28,Paracetamol_500mg,OTC,3583,0.05,179.15,False,covid_wave,winter_peak
2022-03-29,Paracetamol_500mg,OTC,3427,0.05,171.35,False,covid_wave,winter_peak
2022-03-30,Paracetamol_500mg,OTC,3198,0.05,159.9,False,covid_wave,winter_peak
2022-03-31,Paracetamol_500mg,OTC,3477,0.05,173.85,False,covid_wave,winter_peak
2022-04-01,Paracetamol_500mg,OTC,1101,0.05,55.05,False,none,winter_peak
2022-04-02,Paracetamol_500mg,OTC,942,0.05,47.1,False,none,winter_peak
2022-04-03,Paracetamol_500mg,OTC,825,0.05,41.25,False,none,winter_peak
2022-04-04,Paracetamol_500mg,OTC,1065,0.05,53.25,False,none,winter_peak
2022-04-05,Paracetamol_500mg,OTC,1059,0.05,52.95,False,none,winter_peak
2022-04-06,Paracetamol_500mg,OTC,965,0.05,48.25,False,none,winter_peak
2022-04-07,Paracetamol_500mg,OTC,1120,0.05,56.0,False,none,winter_peak
2022-04-08,Paracetamol_500mg,OTC,1117,0.05,55.85,False,none,winter_peak
2022-04-09,Paracetamol_500mg,OTC,875,0.05,43.75,False,none,winter_peak
2022-04-10,Paracetamol_500mg,OTC,859,0.05,42.95,False,none,winter_peak
2022-04-11,Paracetamol_500mg,OTC,970,0.05,48.5,False,none,winter_peak
2022-04-12,Paracetamol_500mg,OTC,1058,0.05,52.9,False,none,winter_peak
2022-04-13,Paracetamol_500mg,OTC,1065,0.05,53.25,False,none,winter_peak
2022-04-14,Paracetamol_500mg,OTC,1024,0.05,51.2,False,none,winter_peak
2022-04-15,Paracetamol_500mg,OTC,1081,0.05,54.05,False,none,winter_peak
2022-04-16,Paracetamol_500mg,OTC,904,0.05,45.2,False,none,winter_peak
2022-04-17,Paracetamol_500mg,OTC,1008,0.05,50.4,False,none,winter_peak
2022-04-18,Paracetamol_500mg,OTC,1111,0.05,55.55,False,none,winter_peak
2022-04-19,Paracetamol_500mg,OTC,1118,0.05,55.9,False,none,winter_peak
2022-04-20,Paracetamol_500mg,OTC,1089,0.05,54.45,False,none,winter_peak
2022-04-21,Paracetamol_500mg,OTC,927,0.05,46.35,False,none,winter_peak
2022-04-22,Paracetamol_500mg,OTC,1094,0.05,54.7,False,none,winter_peak
2022-04-23,Paracetamol_500mg,OTC,880,0.05,44.0,False,none,winter_peak
2022-04-24,Paracetamol_500mg,OTC,1049,0.05,52.45,False,none,winter_peak
2022-04-25,Paracetamol_500mg,OTC,1079,0.05,53.95,False,none,winter_peak
2022-04-26,Paracetamol_500mg,OTC,1123,0.05,56.15,False,none,winter_peak
2022-04-27,Paracetamol_500mg,OTC,1094,0.05,54.7,False,none,winter_peak
2022-04-28,Paracetamol_500mg,OTC,994,0.05,49.7,False,none,winter_peak
2022-04-29,Paracetamol_500mg,OTC,1197,0.05,59.85,False,none,winter_peak
2022-04-30,Paracetamol_500mg,OTC,930,0.05,46.5,False,none,winter_peak
2022-05-01,Paracetamol_500mg,OTC,881,0.05,44.05,False,none,winter_peak
2022-05-02,Paracetamol_500mg,OTC,961,0.05,48.05,False,none,winter_peak
2022-05-03,Paracetamol_500mg,OTC,1153,0.05,57.65,False,none,winter_peak
2022-05-04,Paracetamol_500mg,OTC,920,0.05,46.0,False,none,winter_peak
2022-05-05,Paracetamol_500mg,OTC,1086,0.05,54.3,False,none,winter_peak
2022-05-06,Paracetamol_500mg,OTC,1219,0.05,60.95,False,none,winter_peak
2022-05-07,Paracetamol_500mg,OTC,764,0.05,38.2,False,none,winter_peak
2022-05-08,Paracetamol_500mg,OTC,792,0.05,39.6,False,none,winter_peak
2022-05-09,Paracetamol_500mg,OTC,1046,0.05,52.3,False,none,winter_peak
2022-05-10,Paracetamol_500mg,OTC,996,0.05,49.8,False,none,winter_peak
2022-05-11,Paracetamol_500mg,OTC,909,0.05,45.45,False,none,winter_peak
2022-05-12,Paracetamol_500mg,OTC,1043,0.05,52.15,False,none,winter_peak
2022-05-13,Paracetamol_500mg,OTC,950,0.05,47.5,False,none,winter_peak
2022-05-14,Paracetamol_500mg,OTC,861,0.05,43.05,False,none,winter_peak
2022-05-15,Paracetamol_500mg,OTC,769,0.05,38.45,False,none,winter_peak
2022-05-16,Paracetamol_500mg,OTC,1167,0.05,58.35,False,none,winter_peak
2022-05-17,Paracetamol_500mg,OTC,973,0.05,48.65,False,none,winter_peak
2022-05-18,Paracetamol_500mg,OTC,1012,0.05,50.6,False,none,winter_peak
2022-05-19,Paracetamol_500mg,OTC,1106,0.05,55.3,False,none,winter_peak
2022-05-20,Paracetamol_500mg,OTC,937,0.05,46.85,False,none,winter_peak
2022-05-21,Paracetamol_500mg,OTC,846,0.05,42.3,False,none,winter_peak
2022-05-22,Paracetamol_500mg,OTC,918,0.05,45.9,False,none,winter_peak
2022-05-23,Paracetamol_500mg,OTC,906,0.05,45.3,False,none,winter_peak
2022-05-24,Paracetamol_500mg,OTC,1055,0.05,52.75,False,none,winter_peak
2022-05-25,Paracetamol_500mg,OTC,1061,0.05,53.05,False,none,winter_peak
2022-05-26,Paracetamol_500mg,OTC,1105,0.05,55.25,False,none,winter_peak
2022-05-27,Paracetamol_500mg,OTC,937,0.05,46.85,False,none,winter_peak
2022-05-28,Paracetamol_500mg,OTC,744,0.05,37.2,False,none,winter_peak
2022-05-29,Paracetamol_500mg,OTC,867,0.05,43.35,False,none,winter_peak
2022-05-30,Paracetamol_500mg,OTC,1065,0.05,53.25,False,none,winter_peak
2022-05-31,Paracetamol_500mg,OTC,1061,0.05,53.05,False,none,winter_peak
2022-06-01,Paracetamol_500mg,OTC,1007,0.05,50.35,False,none,winter_peak
2022-06-02,Paracetamol_500mg,OTC,926,0.05,46.3,False,none,winter_peak
2022-06-03,Paracetamol_500mg,OTC,998,0.05,49.9,False,none,winter_peak
2022-06-04,Paracetamol_500mg,OTC,802,0.05,40.1,False,none,winter_peak
2022-06-05,Paracetamol_500mg,OTC,739,0.05,36.95,False,none,winter_peak
2022-06-06,Paracetamol_500mg,OTC,1126,0.05,56.3,False,none,winter_peak
2022-06-07,Paracetamol_500mg,OTC,1017,0.05,50.85,False,none,winter_peak
2022-06-08,Paracetamol_500mg,OTC,887,0.05,44.35,False,none,winter_peak
2022-06-09,Paracetamol_500mg,OTC,1032,0.05,51.6,False,none,winter_peak
2022-06-10,Paracetamol_500mg,OTC,904,0.05,45.2,False,none,winter_peak
2022-06-11,Paracetamol_500mg,OTC,833,0.05,41.65,False,none,winter_peak
2022-06-12,Paracetamol_500mg,OTC,857,0.05,42.85,False,none,winter_peak
2022-06-13,Paracetamol_500mg,OTC,916,0.05,45.8,False,none,winter_peak
2022-06-14,Paracetamol_500mg,OTC,1057,0.05,52.85,False,none,winter_peak
2022-06-15,Paracetamol_500mg,OTC,1014,0.05,50.7,False,none,winter_peak
2022-06-16,Paracetamol_500mg,OTC,1046,0.05,52.3,False,none,winter_peak
2022-06-17,Paracetamol_500mg,OTC,1130,0.05,56.5,False,none,winter_peak
2022-06-18,Paracetamol_500mg,OTC,769,0.05,38.45,False,none,winter_peak
2022-06-19,Paracetamol_500mg,OTC,737,0.05,36.85,False,none,winter_peak
2022-06-20,Paracetamol_500mg,OTC,912,0.05,45.6,False,none,winter_peak
2022-06-21,Paracetamol_500mg,OTC,918,0.05,45.9,False,none,winter_peak
2022-06-22,Paracetamol_500mg,OTC,976,0.05,48.8,False,none,winter_peak
2022-06-23,Paracetamol_500mg,OTC,1009,0.05,50.45,False,none,winter_peak
2022-06-24,Paracetamol_500mg,OTC,1004,0.05,50.2,False,none,winter_peak
2022-06-25,Paracetamol_500mg,OTC,838,0.05,41.9,False,none,winter_peak
2022-06-26,Paracetamol_500mg,OTC,787,0.05,39.35,False,none,winter_peak
2022-06-27,Paracetamol_500mg,OTC,1097,0.05,54.85,False,none,winter_peak
2022-06-28,Paracetamol_500mg,OTC,962,0.05,48.1,False,none,winter_peak
2022-06-29,Paracetamol_500mg,OTC,1197,0.05,59.85,False,none,winter_peak
2022-06-30,Paracetamol_500mg,OTC,1032,0.05,51.6,False,none,winter_peak
2022-07-01,Paracetamol_500mg,OTC,939,0.05,46.95,False,none,winter_peak
2022-07-02,Paracetamol_500mg,OTC,737,0.05,36.85,False,none,winter_peak
2022-07-03,Paracetamol_500mg,OTC,837,0.05,41.85,False,none,winter_peak
2022-07-04,Paracetamol_500mg,OTC,990,0.05,49.5,False,none,winter_peak
2022-07-05,Paracetamol_500mg,OTC,1066,0.05,53.3,False,none,winter_peak
2022-07-06,Paracetamol_500mg,OTC,1047,0.05,52.35,False,none,winter_peak
2022-07-07,Paracetamol_500mg,OTC,1003,0.05,50.15,False,none,winter_peak
2022-07-08,Paracetamol_500mg,OTC,940,0.05,47.0,False,none,winter_peak
2022-07-09,Paracetamol_500mg,OTC,709,0.05,35.45,False,none,winter_peak
2022-07-10,Paracetamol_500mg,OTC,778,0.05,38.9,False,none,winter_peak
2022-07-11,Paracetamol_500mg,OTC,1078,0.05,53.9,False,none,winter_peak
2022-07-12,Paracetamol_500mg,OTC,1027,0.05,51.35,False,none,winter_peak
2022-07-13,Paracetamol_500mg,OTC,909,0.05,45.45,False,none,winter_peak
2022-07-14,Paracetamol_500mg,OTC,1024,0.05,51.2,False,none,winter_peak
2022-07-15,Paracetamol_500mg,OTC,1041,0.05,52.05,False,none,winter_peak
2022-07-16,Paracetamol_500mg,OTC,750,0.05,37.5,False,none,winter_peak
2022-07-17,Paracetamol_500mg,OTC,817,0.05,40.85,False,none,winter_peak
2022-07-18,Paracetamol_500mg,OTC,1015,0.05,50.75,False,none,winter_peak
2022-07-19,Paracetamol_500mg,OTC,918,0.05,45.9,False,none,winter_peak
2022-07-20,Paracetamol_500mg,OTC,1039,0.05,51.95,False,none,winter_peak
2022-07-21,Paracetamol_500mg,OTC,1056,0.05,52.8,False,none,winter_peak
2022-07-22,Paracetamol_500mg,OTC,1098,0.05,54.9,False,none,winter_peak
2022-07-23,Paracetamol_500mg,OTC,876,0.05,43.8,False,none,winter_peak
2022-07-24,Paracetamol_500mg,OTC,720,0.05,36.0,False,none,winter_peak
2022-07-25,Paracetamol_500mg,OTC,935,0.05,46.75,False,none,winter_peak
2022-07-26,Paracetamol_500mg,OTC,1053,0.05,52.65,False,none,winter_peak
2022-07-27,Paracetamol_500mg,OTC,1053,0.05,52.65,False,none,winter_peak
2022-07-28,Paracetamol_500mg,OTC,1053,0.05,52.65,False,none,winter_peak
2022-07-29,Paracetamol_500mg,OTC,1324,0.05,66.2,False,none,winter_peak
2022-07-30,Paracetamol_500mg,OTC,846,0.05,42.3,False,none,winter_peak
2022-07-31,Paracetamol_500mg,OTC,883,0.05,44.15,False,none,winter_peak
2022-08-01,Paracetamol_500mg,OTC,1129,0.05,56.45,False,none,winter_peak
2022-08-02,Paracetamol_500mg,OTC,1104,0.05,55.2,False,none,winter_peak
2022-08-03,Paracetamol_500mg,OTC,1023,0.05,51.15,False,none,winter_peak
2022-08-04,Paracetamol_500mg,OTC,1113,0.05,55.65,False,none,winter_peak
2022-08-05,Paracetamol_500mg,OTC,985,0.05,49.25,False,none,winter_peak
2022-08-06,Paracetamol_500mg,OTC,824,0.05,41.2,False,none,winter_peak
2022-08-07,Paracetamol_500mg,OTC,807,0.05,40.35,False,none,winter_peak
2022-08-08,Paracetamol_500mg,OTC,1057,0.05,52.85,False,none,winter_peak
2022-08-09,Paracetamol_500mg,OTC,1245,0.05,62.25,False,none,winter_peak
2022-08-10,Paracetamol_500mg,OTC,893,0.05,44.65,False,none,winter_peak
2022-08-11,Paracetamol_500mg,OTC,1108,0.05,55.4,False,none,winter_peak
2022-08-12,Paracetamol_500mg,OTC,915,0.05,45.75,False,none,winter_peak
2022-08-13,Paracetamol_500mg,OTC,808,0.05,40.4,False,none,winter_peak
2022-08-14,Paracetamol_500mg,OTC,914,0.05,45.7,False,none,winter_peak
2022-08-15,Paracetamol_500mg,OTC,1056,0.05,52.8,False,none,winter_peak
2022-08-16,Paracetamol_500mg,OTC,961,0.05,48.05,False,none,winter_peak
2022-08-17,Paracetamol_500mg,OTC,991,0.05,49.55,False,none,winter_peak
2022-08-18,Paracetamol_500mg,OTC,1109,0.05,55.45,False,none,winter_peak
2022-08-19,Paracetamol_500mg,OTC,990,0.05,49.5,False,none,winter_peak
2022-08-20,Paracetamol_500mg,OTC,856,0.05,42.8,False,none,winter_peak
2022-08-21,Paracetamol_500mg,OTC,844,0.05,42.2,False,none,winter_peak
2022-08-22,Paracetamol_500mg,OTC,997,0.05,49.85,False,none,winter_peak
2022-08-23,Paracetamol_500mg,OTC,1233,0.05,61.65,False,none,winter_peak
2022-08-24,Paracetamol_500mg,OTC,1106,0.05,55.3,False,none,winter_peak
2022-08-25,Paracetamol_500mg,OTC,882,0.05,44.1,False,none,winter_peak
2022-08-26,Paracetamol_500mg,OTC,1068,0.05,53.4,False,none,winter_peak
2022-08-27,Paracetamol_500mg,OTC,797,0.05,39.85,False,none,winter_peak
2022-08-28,Paracetamol_500mg,OTC,900,0.05,45.0,False,none,winter_peak
2022-08-29,Paracetamol_500mg,OTC,986,0.05,49.3,False,none,winter_peak
2022-08-30,Paracetamol_500mg,OTC,1044,0.05,52.2,False,none,winter_peak
2022-08-31,Paracetamol_500mg,OTC,1096,0.05,54.8,False,none,winter_peak
2022-09-01,Paracetamol_500mg,OTC,1259,0.05,62.95,False,none,winter_peak
2022-09-02,Paracetamol_500mg,OTC,1064,0.05,53.2,False,none,winter_peak
2022-09-03,Paracetamol_500mg,OTC,916,0.05,45.8,False,none,winter_peak
2022-09-04,Paracetamol_500mg,OTC,906,0.05,45.3,False,none,winter_peak
2022-09-05,Paracetamol_500mg,OTC,1116,0.05,55.8,False,none,winter_peak
2022-09-06,Paracetamol_500mg,OTC,1345,0.05,67.25,False,none,winter_peak
2022-09-07,Paracetamol_500mg,OTC,1217,0.05,60.85,False,none,winter_peak
2022-09-08,Paracetamol_500mg,OTC,1060,0.05,53.0,False,none,winter_peak
2022-09-09,Paracetamol_500mg,OTC,1265,0.05,63.25,False,none,winter_peak
2022-09-10,Paracetamol_500mg,OTC,1103,0.05,55.15,False,none,winter_peak
2022-09-11,Paracetamol_500mg,OTC,1020,0.05,51.0,False,none,winter_peak
2022-09-12,Paracetamol_500mg,OTC,1036,0.05,51.8,False,none,winter_peak
2022-09-13,Paracetamol_500mg,OTC,1134,0.05,56.7,False,none,winter_peak
2022-09-14,Paracetamol_500mg,OTC,1299,0.05,64.95,False,none,winter_peak
2022-09-15,Paracetamol_500mg,OTC,1113,0.05,55.65,False,none,winter_peak
2022-09-16,Paracetamol_500mg,OTC,1222,0.05,61.1,False,none,winter_peak
2022-09-17,Paracetamol_500mg,OTC,1002,0.05,50.1,False,none,winter_peak
2022-09-18,Paracetamol_500mg,OTC,874,0.05,43.7,False,none,winter_peak
2022-09-19,Paracetamol_500mg,OTC,1175,0.05,58.75,False,none,winter_peak
2022-09-20,Paracetamol_500mg,OTC,874,0.05,43.7,False,none,winter_peak
2022-09-21,Paracetamol_500mg,OTC,1084,0.05,54.2,False,none,winter_peak
2022-09-22,Paracetamol_500mg,OTC,1157,0.05,57.85,False,none,winter_peak
2022-09-23,Paracetamol_500mg,OTC,1063,0.05,53.15,False,none,winter_peak
2022-09-24,Paracetamol_500mg,OTC,1068,0.05,53.4,False,none,winter_peak
2022-09-25,Paracetamol_500mg,OTC,836,0.05,41.8,False,none,winter_peak
2022-09-26,Paracetamol_500mg,OTC,1140,0.05,57.0,False,none,winter_peak
2022-09-27,Paracetamol_500mg,OTC,1194,0.05,59.7,False,none,winter_peak
2022-09-28,Paracetamol_500mg,OTC,1318,0.05,65.9,False,none,winter_peak
2022-09-29,Paracetamol_500mg,OTC,1046,0.05,52.3,False,none,winter_peak
2022-09-30,Paracetamol_500mg,OTC,1292,0.05,64.6,False,none,winter_peak
2022-10-01,Paracetamol_500mg,OTC,1046,0.05,52.3,False,none,winter_peak
2022-10-02,Paracetamol_500mg,OTC,963,0.05,48.15,False,none,winter_peak
2022-10-03,Paracetamol_500mg,OTC,1355,0.05,67.75,False,none,winter_peak
2022-10-04,Paracetamol_500mg,OTC,1328,0.05,66.4,False,none,winter_peak
2022-10-05,Paracetamol_500mg,OTC,1245,0.05,62.25,False,none,winter_peak
2022-10-06,Paracetamol_500mg,OTC,1315,0.05,65.75,False,none,winter_peak
2022-10-07,Paracetamol_500mg,OTC,1267,0.05,63.35,False,none,winter_peak
2022-10-08,Paracetamol_500mg,OTC,1056,0.05,52.8,False,none,winter_peak
2022-10-09,Paracetamol_500mg,OTC,1101,0.05,55.05,False,none,winter_peak
2022-10-10,Paracetamol_500mg,OTC,1474,0.05,73.7,False,none,winter_peak
2022-10-11,Paracetamol_500mg,OTC,1179,0.05,58.95,False,none,winter_peak
2022-10-12,Paracetamol_500mg,OTC,1532,0.05,76.6,False,none,winter_peak
2022-10-13,Paracetamol_500mg,OTC,1104,0.05,55.2,False,none,winter_peak
2022-10-14,Paracetamol_500mg,OTC,1293,0.05,64.65,False,none,winter_peak
2022-10-15,Paracetamol_500mg,OTC,1096,0.05,54.8,False,none,winter_peak
2022-10-16,Paracetamol_500mg,OTC,1071,0.05,53.55,False,none,winter_peak
2022-10-17,Paracetamol_500mg,OTC,1244,0.05,62.2,False,none,winter_peak
2022-10-18,Paracetamol_500mg,OTC,1288,0.05,64.4,False,none,winter_peak
2022-10-19,Paracetamol_500mg,OTC,1258,0.05,62.9,False,none,winter_peak
2022-10-20,Paracetamol_500mg,OTC,1248,0.05,62.4,False,none,winter_peak
2022-10-21,Paracetamol_500mg,OTC,1399,0.05,69.95,False,none,winter_peak
2022-10-22,Paracetamol_500mg,OTC,1078,0.05,53.9,False,none,winter_peak
2022-10-23,Paracetamol_500mg,OTC,990,0.05,49.5,False,none,winter_peak
2022-10-24,Paracetamol_500mg,OTC,1405,0.05,70.25,False,none,winter_peak
2022-10-25,Paracetamol_500mg,OTC,1343,0.05,67.15,False,none,winter_peak
2022-10-26,Paracetamol_500mg,OTC,1396,0.05,69.8,False,none,winter_peak
2022-10-27,Paracetamol_500mg,OTC,1377,0.05,68.85,False,none,winter_peak
2022-10-28,Paracetamol_500mg,OTC,1224,0.05,61.2,False,none,winter_peak
2022-10-29,Paracetamol_500mg,OTC,1002,0.05,50.1,False,none,winter_peak
2022-10-30,Paracetamol_500mg,OTC,1112,0.05,55.6,False,none,winter_peak
2022-10-31,Paracetamol_500mg,OTC,1376,0.05,68.8,False,none,winter_peak
2022-11-01,Paracetamol_500mg,OTC,1559,0.05,77.95,False,none,winter_peak
2022-11-02,Paracetamol_500mg,OTC,1577,0.05,78.85,False,none,winter_peak
2022-11-03,Paracetamol_500mg,OTC,1722,0.05,86.1,False,none,winter_peak
2022-11-04,Paracetamol_500mg,OTC,1489,0.05,74.45,False,none,winter_peak
2022-11-05,Paracetamol_500mg,OTC,1304,0.05,65.2,False,none,winter_peak
2022-11-06,Paracetamol_500mg,OTC,1230,0.05,61.5,False,none,winter_peak
2022-11-07,Paracetamol_500mg,OTC,1536,0.05,76.8,False,none,winter_peak
2022-11-08,Paracetamol_500mg,OTC,1701,0.05,85.05,False,none,winter_peak
2022-11-09,Paracetamol_500mg,OTC,1667,0.05,83.35,False,none,winter_peak
2022-11-10,Paracetamol_500mg,OTC,1666,0.05,83.3,False,none,winter_peak
2022-11-11,Paracetamol_500mg,OTC,1727,0.05,86.35,False,none,winter_peak
2022-11-12,Paracetamol_500mg,OTC,1253,0.05,62.65,False,none,winter_peak
2022-11-13,Paracetamol_500mg,OTC,1320,0.05,66.0,False,none,winter_peak
2022-11-14,Paracetamol_500mg,OTC,1526,0.05,76.3,False,none,winter_peak
2022-11-15,Paracetamol_500mg,OTC,1605,0.05,80.25,False,none,winter_peak
2022-11-16,Paracetamol_500mg,OTC,1549,0.05,77.45,False,none,winter_peak
2022-11-17,Paracetamol_500mg,OTC,1577,0.05,78.85,False,none,winter_peak
2022-11-18,Paracetamol_500mg,OTC,1640,0.05,82.0,False,none,winter_peak
2022-11-19,Paracetamol_500mg,OTC,1170,0.05,58.5,False,none,winter_peak
2022-11-20,Paracetamol_500mg,OTC,1462,0.05,73.1,False,none,winter_peak
2022-11-21,Paracetamol_500mg,OTC,1440,0.05,72.0,False,none,winter_peak
2022-11-22,Paracetamol_500mg,OTC,1414,0.05,70.7,False,none,winter_peak
2022-11-23,Paracetamol_500mg,OTC,1712,0.05,85.6,False,none,winter_peak
2022-11-24,Paracetamol_500mg,OTC,1666,0.05,83.3,False,none,winter_peak
2022-11-25,Paracetamol_500mg,OTC,1645,0.05,82.25,False,none,winter_peak
2022-11-26,Paracetamol_500mg,OTC,1316,0.05,65.8,False,none,winter_peak
2022-11-27,Paracetamol_500mg,OTC,1252,0.05,62.6,False,none,winter_peak
2022-11-28,Paracetamol_500mg,OTC,1455,0.05,72.75,False,none,winter_peak
2022-11-29,Paracetamol_500mg,OTC,1577,0.05,78.85,False,none,winter_peak
2022-11-30,Paracetamol_500mg,OTC,1483,0.05,74.15,False,none,winter_peak
2022-12-01,Paracetamol_500mg,OTC,1961,0.05,98.05,False,none,winter_peak
2022-12-02,Paracetamol_500mg,OTC,1798,0.05,89.9,False,none,winter_peak
2022-12-03,Paracetamol_500mg,OTC,1359,0.05,67.95,False,none,winter_peak
2022-12-04,Paracetamol_500mg,OTC,1418,0.05,70.9,False,none,winter_peak
2022-12-05,Paracetamol_500mg,OTC,1880,0.05,94.0,False,none,winter_peak
2022-12-06,Paracetamol_500mg,OTC,1738,0.05,86.9,False,none,winter_peak
2022-12-07,Paracetamol_500mg,OTC,1701,0.05,85.05,False,none,winter_peak
2022-12-08,Paracetamol_500mg,OTC,1856,0.05,92.8,False,none,winter_peak
2022-12-09,Paracetamol_500mg,OTC,1857,0.05,92.85,False,none,winter_peak
2022-12-10,Paracetamol_500mg,OTC,1397,0.05,69.85,False,none,winter_peak
2022-12-11,Paracetamol_500mg,OTC,1402,0.05,70.1,False,none,winter_peak
2022-12-12,Paracetamol_500mg,OTC,1856,0.05,92.8,False,none,winter_peak
2022-12-13,Paracetamol_500mg,OTC,1611,0.05,80.55,False,none,winter_peak
2022-12-14,Paracetamol_500mg,OTC,1617,0.05,80.85,False,none,winter_peak
2022-12-15,Paracetamol_500mg,OTC,1718,0.05,85.9,False,none,winter_peak
2022-12-16,Paracetamol_500mg,OTC,1792,0.05,89.6,False,none,winter_peak
2022-12-17,Paracetamol_500mg,OTC,1494,0.05,74.7,False,none,winter_peak
2022-12-18,Paracetamol_500mg,OTC,1630,0.05,81.5,False,none,winter_peak
2022-12-19,Paracetamol_500mg,OTC,1949,0.05,97.45,False,none,winter_peak
2022-12-20,Paracetamol_500mg,OTC,1800,0.05,90.0,False,none,winter_peak
2022-12-21,Paracetamol_500mg,OTC,1821,0.05,91.05,False,none,winter_peak
2022-12-22,Paracetamol_500mg,OTC,1678,0.05,83.9,False,none,winter_peak
2022-12-23,Paracetamol_500mg,OTC,1822,0.05,91.1,False,none,winter_peak
2022-12-24,Paracetamol_500mg,OTC,1425,0.05,71.25,False,none,winter_peak
2022-12-25,Paracetamol_500mg,OTC,1497,0.05,74.85,False,none,winter_peak
2022-12-26,Paracetamol_500mg,OTC,1704,0.05,85.2,False,none,winter_peak
2022-12-27,Paracetamol_500mg,OTC,1901,0.05,95.05,False,none,winter_peak
2022-12-28,Paracetamol_500mg,OTC,2049,0.05,102.45,False,none,winter_peak
2022-12-29,Paracetamol_500mg,OTC,1810,0.05,90.5,False,none,winter_peak
2022-12-30,Paracetamol_500mg,OTC,1885,0.05,94.25,False,none,winter_peak
2022-12-31,Paracetamol_500mg,OTC,1541,0.05,77.05,False,none,winter_peak
2023-01-01,Paracetamol_500mg,OTC,1365,0.05,68.25,False,none,winter_peak
2023-01-02,Paracetamol_500mg,OTC,1795,0.05,89.75,False,none,winter_peak
2023-01-03,Paracetamol_500mg,OTC,1766,0.05,88.3,False,none,winter_peak
2023-01-04,Paracetamol_500mg,OTC,1778,0.05,88.9,False,none,winter_peak
2023-01-05,Paracetamol_500mg,OTC,1655,0.05,82.75,False,none,winter_peak
2023-01-06,Paracetamol_500mg,OTC,1768,0.05,88.4,False,none,winter_peak
2023-01-07,Paracetamol_500mg,OTC,1468,0.05,73.4,False,none,winter_peak
2023-01-08,Paracetamol_500mg,OTC,1576,0.05,78.8,False,none,winter_peak
2023-01-09,Paracetamol_500mg,OTC,1901,0.05,95.05,False,none,winter_peak
2023-01-10,Paracetamol_500mg,OTC,2070,0.05,103.5,False,none,winter_peak
2023-01-11,Paracetamol_500mg,OTC,1657,0.05,82.85,False,none,winter_peak
2023-01-12,Paracetamol_500mg,OTC,1889,0.05,94.45,False,none,winter_peak
2023-01-13,Paracetamol_500mg,OTC,1792,0.05,89.6,False,none,winter_peak
2023-01-14,Paracetamol_500mg,OTC,1660,0.05,83.0,False,none,winter_peak
2023-01-15,Paracetamol_500mg,OTC,1321,0.05,66.05,False,none,winter_peak
2023-01-16,Paracetamol_500mg,OTC,1648,0.05,82.4,False,none,winter_peak
2023-01-17,Paracetamol_500mg,OTC,1682,0.05,84.1,False,none,winter_peak
2023-01-18,Paracetamol_500mg,OTC,1467,0.05,73.35,False,none,winter_peak
2023-01-19,Paracetamol_500mg,OTC,1693,0.05,84.65,False,none,winter_peak
2023-01-20,Paracetamol_500mg,OTC,1660,0.05,83.0,False,none,winter_peak
2023-01-21,Paracetamol_500mg,OTC,1431,0.05,71.55,False,none,winter_peak
2023-01-22,Paracetamol_500mg,OTC,1453,0.05,72.65,False,none,winter_peak
2023-01-23,Paracetamol_500mg,OTC,2034,0.05,101.7,False,none,winter_peak
2023-01-24,Paracetamol_500mg,OTC,1903,0.05,95.15,False,none,winter_peak
2023-01-25,Paracetamol_500mg,OTC,1687,0.05,84.35,False,none,winter_peak
2023-01-26,Paracetamol_500mg,OTC,1642,0.05,82.1,False,none,winter_peak
2023-01-27,Paracetamol_500mg,OTC,1839,0.05,91.95,False,none,winter_peak
2023-01-28,Paracetamol_500mg,OTC,1266,0.05,63.3,False,none,winter_peak
2023-01-29,Paracetamol_500mg,OTC,1623,0.05,81.15,False,none,winter_peak
2023-01-30,Paracetamol_500mg,OTC,1937,0.05,96.85,False,none,winter_peak
2023-01-31,Paracetamol_500mg,OTC,1704,0.05,85.2,False,none,winter_peak
2023-02-01,Paracetamol_500mg,OTC,1473,0.05,73.65,False,none,winter_peak
2023-02-02,Paracetamol_500mg,OTC,1893,0.05,94.65,False,none,winter_peak
2023-02-03,Paracetamol_500mg,OTC,1692,0.05,84.6,False,none,winter_peak
2023-02-04,Paracetamol_500mg,OTC,1501,0.05,75.05,False,none,winter_peak
2023-02-05,Paracetamol_500mg,OTC,1192,0.05,59.6,False,none,winter_peak
2023-02-06,Paracetamol_500mg,OTC,1627,0.05,81.35,False,none,winter_peak
2023-02-07,Paracetamol_500mg,OTC,1709,0.05,85.45,False,none,winter_peak
2023-02-08,Paracetamol_500mg,OTC,1715,0.05,85.75,False,none,winter_peak
2023-02-09,Paracetamol_500mg,OTC,1648,0.05,82.4,False,none,winter_peak
2023-02-10,Paracetamol_500mg,OTC,1795,0.05,89.75,False,none,winter_peak
2023-02-11,Paracetamol_500mg,OTC,1251,0.05,62.55,False,none,winter_peak
2023-02-12,Paracetamol_500mg,OTC,1352,0.05,67.6,False,none,winter_peak
2023-02-13,Paracetamol_500mg,OTC,1727,0.05,86.35,False,none,winter_peak
2023-02-14,Paracetamol_500mg,OTC,1781,0.05,89.05,False,none,winter_peak
2023-02-15,Paracetamol_500mg,OTC,1808,0.05,90.4,False,none,winter_peak
2023-02-16,Paracetamol_500mg,OTC,1557,0.05,77.85,False,none,winter_peak
2023-02-17,Paracetamol_500mg,OTC,1501,0.05,75.05,False,none,winter_peak
2023-02-18,Paracetamol_500mg,OTC,1508,0.05,75.4,False,none,winter_peak
2023-02-19,Paracetamol_500mg,OTC,1405,0.05,70.25,False,none,winter_peak
2023-02-20,Paracetamol_500mg,OTC,1609,0.05,80.45,False,none,winter_peak
2023-02-21,Paracetamol_500mg,OTC,1924,0.05,96.2,False,none,winter_peak
2023-02-22,Paracetamol_500mg,OTC,1728,0.05,86.4,False,none,winter_peak
2023-02-23,Paracetamol_500mg,OTC,1874,0.05,93.7,False,none,winter_peak
2023-02-24,Paracetamol_500mg,OTC,1722,0.05,86.1,False,none,winter_peak
2023-02-25,Paracetamol_500mg,OTC,1596,0.05,79.8,False,none,winter_peak
2023-02-26,Paracetamol_500mg,OTC,1563,0.05,78.15,False,none,winter_peak
2023-02-27,Paracetamol_500mg,OTC,1679,0.05,83.95,False,none,winter_peak
2023-02-28,Paracetamol_500mg,OTC,1847,0.05,92.35,False,none,winter_peak
2023-03-01,Paracetamol_500mg,OTC,1468,0.05,73.4,False,none,winter_peak
2023-03-02,Paracetamol_500mg,OTC,1549,0.05,77.45,False,none,winter_peak
2023-03-03,Paracetamol_500mg,OTC,1289,0.05,64.45,False,none,winter_peak
2023-03-04,Paracetamol_500mg,OTC,1178,0.05,58.9,False,none,winter_peak
2023-03-05,Paracetamol_500mg,OTC,1212,0.05,60.6,False,none,winter_peak
2023-03-06,Paracetamol_500mg,OTC,1200,0.05,60.0,False,none,winter_peak
2023-03-07,Paracetamol_500mg,OTC,1265,0.05,63.25,False,none,winter_peak
2023-03-08,Paracetamol_500mg,OTC,1169,0.05,58.45,False,none,winter_peak
2023-03-09,Paracetamol_500mg,OTC,1367,0.05,68.35,False,none,winter_peak
2023-03-10,Paracetamol_500mg,OTC,1478,0.05,73.9,False,none,winter_peak
2023-03-11,Paracetamol_500mg,OTC,1252,0.05,62.6,False,none,winter_peak
2023-03-12,Paracetamol_500mg,OTC,1124,0.05,56.2,False,none,winter_peak
2023-03-13,Paracetamol_500mg,OTC,1581,0.05,79.05,False,none,winter_peak
2023-03-14,Paracetamol_500mg,OTC,1244,0.05,62.2,False,none,winter_peak
2023-03-15,Paracetamol_500mg,OTC,1208,0.05,60.4,False,none,winter_peak
2023-03-16,Paracetamol_500mg,OTC,1393,0.05,69.65,False,none,winter_peak
2023-03-17,Paracetamol_500mg,OTC,1442,0.05,72.1,False,none,winter_peak
2023-03-18,Paracetamol_500mg,OTC,1116,0.05,55.8,False,none,winter_peak
2023-03-19,Paracetamol_500mg,OTC,934,0.05,46.7,False,none,winter_peak
2023-03-20,Paracetamol_500mg,OTC,1390,0.05,69.5,False,none,winter_peak
2023-03-21,Paracetamol_500mg,OTC,1254,0.05,62.7,False,none,winter_peak
2023-03-22,Paracetamol_500mg,OTC,1475,0.05,73.75,False,none,winter_peak
2023-03-23,Paracetamol_500mg,OTC,1441,0.05,72.05,False,none,winter_peak
2023-03-24,Paracetamol_500mg,OTC,1295,0.05,64.75,False,none,winter_peak
2023-03-25,Paracetamol_500mg,OTC,1074,0.05,53.7,False,none,winter_peak
2023-03-26,Paracetamol_500mg,OTC,1025,0.05,51.25,False,none,winter_peak
2023-03-27,Paracetamol_500mg,OTC,1394,0.05,69.7,False,none,winter_peak
2023-03-28,Paracetamol_500mg,OTC,1508,0.05,75.4,False,none,winter_peak
2023-03-29,Paracetamol_500mg,OTC,1291,0.05,64.55,False,none,winter_peak
2023-03-30,Paracetamol_500mg,OTC,1458,0.05,72.9,False,none,winter_peak
2023-03-31,Paracetamol_500mg,OTC,1342,0.05,67.1,False,none,winter_peak
2023-04-01,Paracetamol_500mg,OTC,859,0.05,42.95,False,none,winter_peak
2023-04-02,Paracetamol_500mg,OTC,909,0.05,45.45,False,none,winter_peak
2023-04-03,Paracetamol_500mg,OTC,1052,0.05,52.6,False,none,winter_peak
2023-04-04,Paracetamol_500mg,OTC,1096,0.05,54.8,False,none,winter_peak
2023-04-05,Paracetamol_500mg,OTC,1037,0.05,51.85,False,none,winter_peak
2023-04-06,Paracetamol_500mg,OTC,1328,0.05,66.4,False,none,winter_peak
2023-04-07,Paracetamol_500mg,OTC,1151,0.05,57.55,False,none,winter_peak
2023-04-08,Paracetamol_500mg,OTC,867,0.05,43.35,False,none,winter_peak
2023-04-09,Paracetamol_500mg,OTC,934,0.05,46.7,False,none,winter_peak
2023-04-10,Paracetamol_500mg,OTC,1138,0.05,56.9,False,none,winter_peak
2023-04-11,Paracetamol_500mg,OTC,1128,0.05,56.4,False,none,winter_peak
2023-04-12,Paracetamol_500mg,OTC,1205,0.05,60.25,False,none,winter_peak
2023-04-13,Paracetamol_500mg,OTC,1218,0.05,60.9,False,none,winter_peak
2023-04-14,Paracetamol_500mg,OTC,1100,0.05,55.0,False,none,winter_peak
2023-04-15,Paracetamol_500mg,OTC,876,0.05,43.8,False,none,winter_peak
2023-04-16,Paracetamol_500mg,OTC,899,0.05,44.95,False,none,winter_peak
2023-04-17,Paracetamol_500mg,OTC,937,0.05,46.85,False,none,winter_peak
2023-04-18,Paracetamol_500mg,OTC,1010,0.05,50.5,False,none,winter_peak
2023-04-19,Paracetamol_500mg,OTC,1275,0.05,63.75,False,none,winter_peak
2023-04-20,Paracetamol_500mg,OTC,1301,0.05,65.05,False,none,winter_peak
2023-04-21,Paracetamol_500mg,OTC,1127,0.05,56.35,False,none,winter_peak
2023-04-22,Paracetamol_500mg,OTC,962,0.05,48.1,False,none,winter_peak
2023-04-23,Paracetamol_500mg,OTC,943,0.05,47.15,False,none,winter_peak
2023-04-24,Paracetamol_500mg,OTC,1434,0.05,71.7,False,none,winter_peak
2023-04-25,Paracetamol_500mg,OTC,1253,0.05,62.65,False,none,winter_peak
2023-04-26,Paracetamol_500mg,OTC,1139,0.05,56.95,False,none,winter_peak
2023-04-27,Paracetamol_500mg,OTC,1063,0.05,53.15,False,none,winter_peak
2023-04-28,Paracetamol_500mg,OTC,1003,0.05,50.15,False,none,winter_peak
2023-04-29,Paracetamol_500mg,OTC,936,0.05,46.8,False,none,winter_peak
2023-04-30,Paracetamol_500mg,OTC,864,0.05,43.2,False,none,winter_peak
2023-05-01,Paracetamol_500mg,OTC,964,0.05,48.2,False,none,winter_peak
2023-05-02,Paracetamol_500mg,OTC,1031,0.05,51.55,False,none,winter_peak
2023-05-03,Paracetamol_500mg,OTC,993,0.05,49.65,False,none,winter_peak
2023-05-04,Paracetamol_500mg,OTC,1235,0.05,61.75,False,none,winter_peak
2023-05-05,Paracetamol_500mg,OTC,1165,0.05,58.25,False,none,winter_peak
2023-05-06,Paracetamol_500mg,OTC,869,0.05,43.45,False,none,winter_peak
2023-05-07,Paracetamol_500mg,OTC,973,0.05,48.65,False,none,winter_peak
2023-05-08,Paracetamol_500mg,OTC,1095,0.05,54.75,False,none,winter_peak
2023-05-09,Paracetamol_500mg,OTC,1013,0.05,50.65,False,none,winter_peak
2023-05-10,Paracetamol_500mg,OTC,1221,0.05,61.05,False,none,winter_peak
2023-05-11,Paracetamol_500mg,OTC,1136,0.05,56.8,False,none,winter_peak
2023-05-12,Paracetamol_500mg,OTC,998,0.05,49.9,False,none,winter_peak
2023-05-13,Paracetamol_500mg,OTC,857,0.05,42.85,False,none,winter_peak
2023-05-14,Paracetamol_500mg,OTC,810,0.05,40.5,False,none,winter_peak
2023-05-15,Paracetamol_500mg,OTC,969,0.05,48.45,False,none,winter_peak
2023-05-16,Paracetamol_500mg,OTC,1170,0.05,58.5,False,none,winter_peak
2023-05-17,Paracetamol_500mg,OTC,1256,0.05,62.8,False,none,winter_peak
2023-05-18,Paracetamol_500mg,OTC,968,0.05,48.4,False,none,winter_peak
2023-05-19,Paracetamol_500mg,OTC,1139,0.05,56.95,False,none,winter_peak
2023-05-20,Paracetamol_500mg,OTC,826,0.05,41.3,False,none,winter_peak
2023-05-21,Paracetamol_500mg,OTC,838,0.05,41.9,False,none,winter_peak
2023-05-22,Paracetamol_500mg,OTC,1039,0.05,51.95,False,none,winter_peak
2023-05-23,Paracetamol_500mg,OTC,1015,0.05,50.75,False,none,winter_peak
2023-05-24,Paracetamol_500mg,OTC,1095,0.05,54.75,False,none,winter_peak
2023-05-25,Paracetamol_500mg,OTC,1018,0.05,50.9,False,none,winter_peak
2023-05-26,Paracetamol_500mg,OTC,1114,0.05,55.7,False,none,winter_peak
2023-05-27,Paracetamol_500mg,OTC,869,0.05,43.45,False,none,winter_peak
2023-05-28,Paracetamol_500mg,OTC,856,0.05,42.8,False,none,winter_peak
2023-05-29,Paracetamol_500mg,OTC,1012,0.05,50.6,False,none,winter_peak
2023-05-30,Paracetamol_500mg,OTC,1041,0.05,52.05,False,none,winter_peak
2023-05-31,Paracetamol_500mg,OTC,1157,0.05,57.85,False,none,winter_peak
2023-06-01,Paracetamol_500mg,OTC,1069,0.05,53.45,False,none,winter_peak
2023-06-02,Paracetamol_500mg,OTC,947,0.05,47.35,False,none,winter_peak
2023-06-03,Paracetamol_500mg,OTC,828,0.05,41.4,False,none,winter_peak
2023-06-04,Paracetamol_500mg,OTC,872,0.05,43.6,False,none,winter_peak
2023-06-05,Paracetamol_500mg,OTC,891,0.05,44.55,False,none,winter_peak
2023-06-06,Paracetamol_500mg,OTC,1073,0.05,53.65,False,none,winter_peak
2023-06-07,Paracetamol_500mg,OTC,974,0.05,48.7,False,none,winter_peak
2023-06-08,Paracetamol_500mg,OTC,1075,0.05,53.75,False,none,winter_peak
2023-06-09,Paracetamol_500mg,OTC,966,0.05,48.3,False,none,winter_peak
2023-06-10,Paracetamol_500mg,OTC,704,0.05,35.2,False,none,winter_peak
2023-06-11,Paracetamol_500mg,OTC,716,0.05,35.8,False,none,winter_peak
2023-06-12,Paracetamol_500mg,OTC,1033,0.05,51.65,False,none,winter_peak
2023-06-13,Paracetamol_500mg,OTC,1050,0.05,52.5,False,none,winter_peak
2023-06-14,Paracetamol_500mg,OTC,955,0.05,47.75,False,none,winter_peak
2023-06-15,Paracetamol_500mg,OTC,1082,0.05,54.1,False,none,winter_peak
2023-06-16,Paracetamol_500mg,OTC,892,0.05,44.6,False,none,winter_peak
2023-06-17,Paracetamol_500mg,OTC,819,0.05,40.95,False,none,winter_peak
2023-06-18,Paracetamol_500mg,OTC,744,0.05,37.2,False,none,winter_peak
2023-06-19,Paracetamol_500mg,OTC,976,0.05,48.8,False,none,winter_peak
2023-06-20,Paracetamol_500mg,OTC,1034,0.05,51.7,False,none,winter_peak
2023-06-21,Paracetamol_500mg,OTC,959,0.05,47.95,False,none,winter_peak
2023-06-22,Paracetamol_500mg,OTC,998,0.05,49.9,False,none,winter_peak
2023-06-23,Paracetamol_500mg,OTC,1113,0.05,55.65,False,none,winter_peak
2023-06-24,Paracetamol_500mg,OTC,786,0.05,39.3,False,none,winter_peak
2023-06-25,Paracetamol_500mg,OTC,879,0.05,43.95,False,none,winter_peak
2023-06-26,Paracetamol_500mg,OTC,937,0.05,46.85,False,none,winter_peak
2023-06-27,Paracetamol_500mg,OTC,1074,0.05,53.7,False,none,winter_peak
2023-06-28,Paracetamol_500mg,OTC,1150,0.05,57.5,False,none,winter_peak
2023-06-29,Paracetamol_500mg,OTC,827,0.05,41.35,False,none,winter_peak
2023-06-30,Paracetamol_500mg,OTC,965,0.05,48.25,False,none,winter_peak
2023-07-01,Paracetamol_500mg,OTC,884,0.05,44.2,False,none,winter_peak
2023-07-02,Paracetamol_500mg,OTC,832,0.05,41.6,False,none,winter_peak
2023-07-03,Paracetamol_500mg,OTC,1089,0.05,54.45,False,none,winter_peak
2023-07-04,Paracetamol_500mg,OTC,1006,0.05,50.3,False,none,winter_peak
2023-07-05,Paracetamol_500mg,OTC,1065,0.05,53.25,False,none,winter_peak
2023-07-06,Paracetamol_500mg,OTC,1045,0.05,52.25,False,none,winter_peak
2023-07-07,Paracetamol_500mg,OTC,1157,0.05,57.85,False,none,winter_peak
2023-07-08,Paracetamol_500mg,OTC,864,0.05,43.2,False,none,winter_peak
2023-07-09,Paracetamol_500mg,OTC,869,0.05,43.45,False,none,winter_peak
2023-07-10,Paracetamol_500mg,OTC,1023,0.05,51.15,False,none,winter_peak
2023-07-11,Paracetamol_500mg,OTC,1017,0.05,50.85,False,none,winter_peak
2023-07-12,Paracetamol_500mg,OTC,1022,0.05,51.1,False,none,winter_peak
2023-07-13,Paracetamol_500mg,OTC,1092,0.05,54.6,False,none,winter_peak
2023-07-14,Paracetamol_500mg,OTC,1023,0.05,51.15,False,none,winter_peak
2023-07-15,Paracetamol_500mg,OTC,867,0.05,43.35,False,none,winter_peak
2023-07-16,Paracetamol_500mg,OTC,988,0.05,49.4,False,none,winter_peak
2023-07-17,Paracetamol_500mg,OTC,1133,0.05,56.65,False,none,winter_peak
2023-07-18,Paracetamol_500mg,OTC,1032,0.05,51.6,False,none,winter_peak
2023-07-19,Paracetamol_500mg,OTC,1161,0.05,58.05,False,none,winter_peak
2023-07-20,Paracetamol_500mg,OTC,1025,0.05,51.25,False,none,winter_peak
2023-07-21,Paracetamol_500mg,OTC,887,0.05,44.35,False,none,winter_peak
2023-07-22,Paracetamol_500mg,OTC,779,0.05,38.95,False,none,winter_peak
2023-07-23,Paracetamol_500mg,OTC,720,0.05,36.0,False,none,winter_peak
2023-07-24,Paracetamol_500mg,OTC,1030,0.05,51.5,False,none,winter_peak
2023-07-25,Paracetamol_500mg,OTC,1062,0.05,53.1,False,none,winter_peak
2023-07-26,Paracetamol_500mg,OTC,1203,0.05,60.15,False,none,winter_peak
2023-07-27,Paracetamol_500mg,OTC,1088,0.05,54.4,False,none,winter_peak
2023-07-28,Paracetamol_500mg,OTC,1042,0.05,52.1,False,none,winter_peak
2023-07-29,Paracetamol_500mg,OTC,904,0.05,45.2,False,none,winter_peak
2023-07-30,Paracetamol_500mg,OTC,698,0.05,34.9,False,none,winter_peak
2023-07-31,Paracetamol_500mg,OTC,1081,0.05,54.05,False,none,winter_peak
2023-08-01,Paracetamol_500mg,OTC,817,0.05,40.85,False,supply_shortage,winter_peak
2023-08-02,Paracetamol_500mg,OTC,679,0.05,33.95,False,supply_shortage,winter_peak
2023-08-03,Paracetamol_500mg,OTC,841,0.05,42.05,False,supply_shortage,winter_peak
2023-08-04,Paracetamol_500mg,OTC,791,0.05,39.55,False,supply_shortage,winter_peak
2023-08-05,Paracetamol_500mg,OTC,596,0.05,29.8,False,supply_shortage,winter_peak
2023-08-06,Paracetamol_500mg,OTC,647,0.05,32.35,False,supply_shortage,winter_peak
2023-08-07,Paracetamol_500mg,OTC,911,0.05,45.55,False,supply_shortage,winter_peak
2023-08-08,Paracetamol_500mg,OTC,782,0.05,39.1,False,supply_shortage,winter_peak
2023-08-09,Paracetamol_500mg,OTC,786,0.05,39.3,False,supply_shortage,winter_peak
2023-08-10,Paracetamol_500mg,OTC,742,0.05,37.1,False,supply_shortage,winter_peak
2023-08-11,Paracetamol_500mg,OTC,718,0.05,35.9,False,supply_shortage,winter_peak
2023-08-12,Paracetamol_500mg,OTC,657,0.05,32.85,False,supply_shortage,winter_peak
2023-08-13,Paracetamol_500mg,OTC,574,0.05,28.7,False,supply_shortage,winter_peak
2023-08-14,Paracetamol_500mg,OTC,776,0.05,38.8,False,supply_shortage,winter_peak
2023-08-15,Paracetamol_500mg,OTC,742,0.05,37.1,False,supply_shortage,winter_peak
2023-08-16,Paracetamol_500mg,OTC,801,0.05,40.05,False,supply_shortage,winter_peak
2023-08-17,Paracetamol_500mg,OTC,792,0.05,39.6,False,supply_shortage,winter_peak
2023-08-18,Paracetamol_500mg,OTC,836,0.05,41.8,False,supply_shortage,winter_peak
2023-08-19,Paracetamol_500mg,OTC,592,0.05,29.6,False,supply_shortage,winter_peak
2023-08-20,Paracetamol_500mg,OTC,604,0.05,30.2,False,supply_shortage,winter_peak
2023-08-21,Paracetamol_500mg,OTC,711,0.05,35.55,False,supply_shortage,winter_peak
2023-08-22,Paracetamol_500mg,OTC,745,0.05,37.25,False,supply_shortage,winter_peak
2023-08-23,Paracetamol_500mg,OTC,795,0.05,39.75,False,supply_shortage,winter_peak
2023-08-24,Paracetamol_500mg,OTC,819,0.05,40.95,False,supply_shortage,winter_peak
2023-08-25,Paracetamol_500mg,OTC,715,0.05,35.75,False,supply_shortage,winter_peak
2023-08-26,Paracetamol_500mg,OTC,660,0.05,33.0,False,supply_shortage,winter_peak
2023-08-27,Paracetamol_500mg,OTC,684,0.05,34.2,False,supply_shortage,winter_peak
2023-08-28,Paracetamol_500mg,OTC,798,0.05,39.9,False,supply_shortage,winter_peak
2023-08-29,Paracetamol_500mg,OTC,889,0.05,44.45,False,supply_shortage,winter_peak
2023-08-30,Paracetamol_500mg,OTC,725,0.05,36.25,False,supply_shortage,winter_peak
2023-08-31,Paracetamol_500mg,OTC,696,0.05,34.8,False,supply_shortage,winter_peak
2023-09-01,Paracetamol_500mg,OTC,741,0.05,37.05,False,supply_shortage,winter_peak
2023-09-02,Paracetamol_500mg,OTC,774,0.05,38.7,False,supply_shortage,winter_peak
2023-09-03,Paracetamol_500mg,OTC,727,0.05,36.35,False,supply_shortage,winter_peak
2023-09-04,Paracetamol_500mg,OTC,860,0.05,43.0,False,supply_shortage,winter_peak
2023-09-05,Paracetamol_500mg,OTC,884,0.05,44.2,False,supply_shortage,winter_peak
2023-09-06,Paracetamol_500mg,OTC,787,0.05,39.35,False,supply_shortage,winter_peak
2023-09-07,Paracetamol_500mg,OTC,1034,0.05,51.7,False,supply_shortage,winter_peak
2023-09-08,Paracetamol_500mg,OTC,874,0.05,43.7,False,supply_shortage,winter_peak
2023-09-09,Paracetamol_500mg,OTC,697,0.05,34.85,False,supply_shortage,winter_peak
2023-09-10,Paracetamol_500mg,OTC,732,0.05,36.6,False,supply_shortage,winter_peak
2023-09-11,Paracetamol_500mg,OTC,898,0.05,44.9,False,supply_shortage,winter_peak
2023-09-12,Paracetamol_500mg,OTC,881,0.05,44.05,False,supply_shortage,winter_peak
2023-09-13,Paracetamol_500mg,OTC,811,0.05,40.55,False,supply_shortage,winter_peak
2023-09-14,Paracetamol_500mg,OTC,898,0.05,44.9,False,supply_shortage,winter_peak
2023-09-15,Paracetamol_500mg,OTC,996,0.05,49.8,False,supply_shortage,winter_peak
2023-09-16,Paracetamol_500mg,OTC,1096,0.05,54.8,False,none,winter_peak
2023-09-17,Paracetamol_500mg,OTC,1116,0.05,55.8,False,none,winter_peak
2023-09-18,Paracetamol_500mg,OTC,1186,0.05,59.3,False,none,winter_peak
2023-09-19,Paracetamol_500mg,OTC,1139,0.05,56.95,False,none,winter_peak
2023-09-20,Paracetamol_500mg,OTC,1225,0.05,61.25,False,none,winter_peak
2023-09-21,Paracetamol_500mg,OTC,1243,0.05,62.15,False,none,winter_peak
2023-09-22,Paracetamol_500mg,OTC,1346,0.05,67.3,False,none,winter_peak
2023-09-23,Paracetamol_500mg,OTC,856,0.05,42.8,False,none,winter_peak
2023-09-24,Paracetamol_500mg,OTC,1112,0.05,55.6,False,none,winter_peak
2023-09-25,Paracetamol_500mg,OTC,1223,0.05,61.15,False,none,winter_peak
2023-09-26,Paracetamol_500mg,OTC,1196,0.05,59.8,False,none,winter_peak
2023-09-27,Paracetamol_500mg,OTC,1138,0.05,56.9,False,none,winter_peak
2023-09-28,Paracetamol_500mg,OTC,1075,0.05,53.75,False,none,winter_peak
2023-09-29,Paracetamol_500mg,OTC,1320,0.05,66.0,False,none,winter_peak
2023-09-30,Paracetamol_500mg,OTC,996,0.05,49.8,False,none,winter_peak
2023-10-01,Paracetamol_500mg,OTC,982,0.05,49.1,False,none,winter_peak
2023-10-02,Paracetamol_500mg,OTC,1228,0.05,61.4,False,none,winter_peak
2023-10-03,Paracetamol_500mg,OTC,1333,0.05,66.65,False,none,winter_peak
2023-10-04,Paracetamol_500mg,OTC,1553,0.05,77.65,False,none,winter_peak
2023-10-05,Paracetamol_500mg,OTC,1342,0.05,67.1,False,none,winter_peak
2023-10-06,Paracetamol_500mg,OTC,1206,0.05,60.3,False,none,winter_peak
2023-10-07,Paracetamol_500mg,OTC,1075,0.05,53.75,False,none,winter_peak
2023-10-08,Paracetamol_500mg,OTC,1072,0.05,53.6,False,none,winter_peak
2023-10-09,Paracetamol_500mg,OTC,1075,0.05,53.75,False,none,winter_peak
2023-10-10,Paracetamol_500mg,OTC,1365,0.05,68.25,False,none,winter_peak
2023-10-11,Paracetamol_500mg,OTC,1346,0.05,67.3,False,none,winter_peak
2023-10-12,Paracetamol_500mg,OTC,1448,0.05,72.4,False,none,winter_peak
2023-10-13,Paracetamol_500mg,OTC,1575,0.05,78.75,False,none,winter_peak
2023-10-14,Paracetamol_500mg,OTC,1196,0.05,59.8,False,none,winter_peak
2023-10-15,Paracetamol_500mg,OTC,1074,0.05,53.7,False,none,winter_peak
2023-10-16,Paracetamol_500mg,OTC,1251,0.05,62.55,False,none,winter_peak
2023-10-17,Paracetamol_500mg,OTC,1655,0.05,82.75,False,none,winter_peak
2023-10-18,Paracetamol_500mg,OTC,1379,0.05,68.95,False,none,winter_peak
2023-10-19,Paracetamol_500mg,OTC,1374,0.05,68.7,False,none,winter_peak
2023-10-20,Paracetamol_500mg,OTC,1370,0.05,68.5,False,none,winter_peak
2023-10-21,Paracetamol_500mg,OTC,1116,0.05,55.8,False,none,winter_peak
2023-10-22,Paracetamol_500mg,OTC,1085,0.05,54.25,False,none,winter_peak
2023-10-23,Paracetamol_500mg,OTC,1310,0.05,65.5,False,none,winter_peak
2023-10-24,Paracetamol_500mg,OTC,1313,0.05,65.65,False,none,winter_peak
2023-10-25,Paracetamol_500mg,OTC,1370,0.05,68.5,False,none,winter_peak
2023-10-26,Paracetamol_500mg,OTC,1314,0.05,65.7,False,none,winter_peak
2023-10-27,Paracetamol_500mg,OTC,1296,0.05,64.8,False,none,winter_peak
2023-10-28,Paracetamol_500mg,OTC,1108,0.05,55.4,False,none,winter_peak
2023-10-29,Paracetamol_500mg,OTC,1076,0.05,53.8,False,none,winter_peak
2023-10-30,Paracetamol_500mg,OTC,1540,0.05,77.0,False,none,winter_peak
2023-10-31,Paracetamol_500mg,OTC,1083,0.05,54.15,False,none,winter_peak
2023-11-01,Paracetamol_500mg,OTC,1780,0.05,89.0,False,none,winter_peak
2023-11-02,Paracetamol_500mg,OTC,1800,0.05,90.0,False,none,winter_peak
2023-11-03,Paracetamol_500mg,OTC,1366,0.05,68.3,False,none,winter_peak
2023-11-04,Paracetamol_500mg,OTC,1274,0.05,63.7,False,none,winter_peak
2023-11-05,Paracetamol_500mg,OTC,1271,0.05,63.55,False,none,winter_peak
2023-11-06,Paracetamol_500mg,OTC,1453,0.05,72.65,False,none,winter_peak
2023-11-07,Paracetamol_500mg,OTC,1536,0.05,76.8,False,none,winter_peak
2023-11-08,Paracetamol_500mg,OTC,1493,0.05,74.65,False,none,winter_peak
2023-11-09,Paracetamol_500mg,OTC,1868,0.05,93.4,False,none,winter_peak
2023-11-10,Paracetamol_500mg,OTC,1762,0.05,88.1,False,none,winter_peak
2023-11-11,Paracetamol_500mg,OTC,1444,0.05,72.2,False,none,winter_peak
2023-11-12,Paracetamol_500mg,OTC,1387,0.05,69.35,False,none,winter_peak
2023-11-13,Paracetamol_500mg,OTC,1491,0.05,74.55,False,none,winter_peak
2023-11-14,Paracetamol_500mg,OTC,1571,0.05,78.55,False,none,winter_peak
2023-11-15,Paracetamol_500mg,OTC,1704,0.05,85.2,False,none,winter_peak
2023-11-16,Paracetamol_500mg,OTC,1480,0.05,74.0,False,none,winter_peak
2023-11-17,Paracetamol_500mg,OTC,1734,0.05,86.7,False,none,winter_peak
2023-11-18,Paracetamol_500mg,OTC,1287,0.05,64.35,False,none,winter_peak
2023-11-19,Paracetamol_500mg,OTC,1272,0.05,63.6,False,none,winter_peak
2023-11-20,Paracetamol_500mg,OTC,1734,0.05,86.7,False,none,winter_peak
2023-11-21,Paracetamol_500mg,OTC,1699,0.05,84.95,False,none,winter_peak
2023-11-22,Paracetamol_500mg,OTC,1594,0.05,79.7,False,none,winter_peak
2023-11-23,Paracetamol_500mg,OTC,1794,0.05,89.7,False,none,winter_peak
2023-11-24,Paracetamol_500mg,OTC,1500,0.05,75.0,False,none,winter_peak
2023-11-25,Paracetamol_500mg,OTC,1378,0.05,68.9,False,none,winter_peak
2023-11-26,Paracetamol_500mg,OTC,1376,0.05,68.8,False,none,winter_peak
2023-11-27,Paracetamol_500mg,OTC,1602,0.05,80.1,False,none,winter_peak
2023-11-28,Paracetamol_500mg,OTC,1685,0.05,84.25,False,none,winter_peak
2023-11-29,Paracetamol_500mg,OTC,1478,0.05,73.9,False,none,winter_peak
2023-11-30,Paracetamol_500mg,OTC,1764,0.05,88.2,False,none,winter_peak
2023-12-01,Paracetamol_500mg,OTC,1878,0.05,93.9,False,none,winter_peak
2023-12-02,Paracetamol_500mg,OTC,1461,0.05,73.05,False,none,winter_peak
2023-12-03,Paracetamol_500mg,OTC,1653,0.05,82.65,False,none,winter_peak
2023-12-04,Paracetamol_500mg,OTC,1799,0.05,89.95,False,none,winter_peak
2023-12-05,Paracetamol_500mg,OTC,1692,0.05,84.6,False,none,winter_peak
2023-12-06,Paracetamol_500mg,OTC,1670,0.05,83.5,False,none,winter_peak
2023-12-07,Paracetamol_500mg,OTC,2000,0.05,100.0,False,none,winter_peak
2023-12-08,Paracetamol_500mg,OTC,1712,0.05,85.6,False,none,winter_peak
2023-12-09,Paracetamol_500mg,OTC,1740,0.05,87.0,False,none,winter_peak
2023-12-10,Paracetamol_500mg,OTC,1272,0.05,63.6,False,none,winter_peak
2023-12-11,Paracetamol_500mg,OTC,2168,0.05,108.4,False,none,winter_peak
2023-12-12,Paracetamol_500mg,OTC,1941,0.05,97.05,False,none,winter_peak
2023-12-13,Paracetamol_500mg,OTC,1894,0.05,94.7,False,none,winter_peak
2023-12-14,Paracetamol_500mg,OTC,1826,0.05,91.3,False,none,winter_peak
2023-12-15,Paracetamol_500mg,OTC,1970,0.05,98.5,False,none,winter_peak
2023-12-16,Paracetamol_500mg,OTC,1523,0.05,76.15,False,none,winter_peak
2023-12-17,Paracetamol_500mg,OTC,1663,0.05,83.15,False,none,winter_peak
2023-12-18,Paracetamol_500mg,OTC,1928,0.05,96.4,False,none,winter_peak
2023-12-19,Paracetamol_500mg,OTC,1933,0.05,96.65,False,none,winter_peak
2023-12-20,Paracetamol_500mg,OTC,1855,0.05,92.75,False,none,winter_peak
2023-12-21,Paracetamol_500mg,OTC,1902,0.05,95.1,False,none,winter_peak
2023-12-22,Paracetamol_500mg,OTC,1958,0.05,97.9,False,none,winter_peak
2023-12-23,Paracetamol_500mg,OTC,1320,0.05,66.0,False,none,winter_peak
2023-12-24,Paracetamol_500mg,OTC,1364,0.05,68.2,False,none,winter_peak
2023-12-25,Paracetamol_500mg,OTC,2026,0.05,101.3,False,none,winter_peak
2023-12-26,Paracetamol_500mg,OTC,1938,0.05,96.9,False,none,winter_peak
2023-12-27,Paracetamol_500mg,OTC,1884,0.05,94.2,False,none,winter_peak
2023-12-28,Paracetamol_500mg,OTC,1915,0.05,95.75,False,none,winter_peak
2023-12-29,Paracetamol_500mg,OTC,1966,0.05,98.3,False,none,winter_peak
2023-12-30,Paracetamol_500mg,OTC,1464,0.05,73.2,False,none,winter_peak
2023-12-31,Paracetamol_500mg,OTC,1435,0.05,71.75,False,none,winter_peak
2024-01-01,Paracetamol_500mg,OTC,1876,0.05,93.8,False,none,winter_peak
2024-01-02,Paracetamol_500mg,OTC,1703,0.05,85.15,False,none,winter_peak
2024-01-03,Paracetamol_500mg,OTC,1908,0.05,95.4,False,none,winter_peak
2024-01-04,Paracetamol_500mg,OTC,1596,0.05,79.8,False,none,winter_peak
2024-01-05,Paracetamol_500mg,OTC,2001,0.05,100.05,False,none,winter_peak
2024-01-06,Paracetamol_500mg,OTC,1535,0.05,76.75,False,none,winter_peak
2024-01-07,Paracetamol_500mg,OTC,1509,0.05,75.45,False,none,winter_peak
2024-01-08,Paracetamol_500mg,OTC,1995,0.05,99.75,False,none,winter_peak
2024-01-09,Paracetamol_500mg,OTC,2096,0.05,104.8,False,none,winter_peak
2024-01-10,Paracetamol_500mg,OTC,2000,0.05,100.0,False,none,winter_peak
2024-01-11,Paracetamol_500mg,OTC,1577,0.05,78.85,False,none,winter_peak
2024-01-12,Paracetamol_500mg,OTC,1661,0.05,83.05,False,none,winter_peak
2024-01-13,Paracetamol_500mg,OTC,1406,0.05,70.3,False,none,winter_peak
2024-01-14,Paracetamol_500mg,OTC,1483,0.05,74.15,False,none,winter_peak
2024-01-15,Paracetamol_500mg,OTC,1927,0.05,96.35,False,none,winter_peak
2024-01-16,Paracetamol_500mg,OTC,1743,0.05,87.15,False,none,winter_peak
2024-01-17,Paracetamol_500mg,OTC,1879,0.05,93.95,False,none,winter_peak
2024-01-18,Paracetamol_500mg,OTC,1740,0.05,87.0,False,none,winter_peak
2024-01-19,Paracetamol_500mg,OTC,1761,0.05,88.05,False,none,winter_peak
2024-01-20,Paracetamol_500mg,OTC,1314,0.05,65.7,False,none,winter_peak
2024-01-21,Paracetamol_500mg,OTC,1372,0.05,68.6,False,none,winter_peak
2024-01-22,Paracetamol_500mg,OTC,1652,0.05,82.6,False,none,winter_peak
2024-01-23,Paracetamol_500mg,OTC,1708,0.05,85.4,False,none,winter_peak
2024-01-24,Paracetamol_500mg,OTC,2009,0.05,100.45,False,none,winter_peak
2024-01-25,Paracetamol_500mg,OTC,1712,0.05,85.6,False,none,winter_peak
2024-01-26,Paracetamol_500mg,OTC,2244,0.05,112.2,False,none,winter_peak
2024-01-27,Paracetamol_500mg,OTC,1541,0.05,77.05,False,none,winter_peak
2024-01-28,Paracetamol_500mg,OTC,1504,0.05,75.2,False,none,winter_peak
2024-01-29,Paracetamol_500mg,OTC,1727,0.05,86.35,False,none,winter_peak
2024-01-30,Paracetamol_500mg,OTC,1958,0.05,97.9,False,none,winter_peak
2024-01-31,Paracetamol_500mg,OTC,1769,0.05,88.45,False,none,winter_peak
2024-02-01,Paracetamol_500mg,OTC,1806,0.05,90.3,False,none,winter_peak
2024-02-02,Paracetamol_500mg,OTC,2155,0.05,107.75,False,none,winter_peak
2024-02-03,Paracetamol_500mg,OTC,1420,0.05,71.0,False,none,winter_peak
2024-02-04,Paracetamol_500mg,OTC,1563,0.05,78.15,False,none,winter_peak
2024-02-05,Paracetamol_500mg,OTC,1689,0.05,84.45,False,none,winter_peak
2024-02-06,Paracetamol_500mg,OTC,1784,0.05,89.2,False,none,winter_peak
2024-02-07,Paracetamol_500mg,OTC,2043,0.05,102.15,False,none,winter_peak
2024-02-08,Paracetamol_500mg,OTC,1700,0.05,85.0,False,none,winter_peak
2024-02-09,Paracetamol_500mg,OTC,2050,0.05,102.5,False,none,winter_peak
2024-02-10,Paracetamol_500mg,OTC,1513,0.05,75.65,False,none,winter_peak
2024-02-11,Paracetamol_500mg,OTC,1368,0.05,68.4,False,none,winter_peak
2024-02-12,Paracetamol_500mg,OTC,1881,0.05,94.05,False,none,winter_peak
2024-02-13,Paracetamol_500mg,OTC,1930,0.05,96.5,False,none,winter_peak
2024-02-14,Paracetamol_500mg,OTC,1880,0.05,94.0,False,none,winter_peak
2024-02-15,Paracetamol_500mg,OTC,1566,0.05,78.3,False,none,winter_peak
2024-02-16,Paracetamol_500mg,OTC,1687,0.05,84.35,False,none,winter_peak
2024-02-17,Paracetamol_500mg,OTC,1404,0.05,70.2,False,none,winter_peak
2024-02-18,Paracetamol_500mg,OTC,1424,0.05,71.2,False,none,winter_peak
2024-02-19,Paracetamol_500mg,OTC,1881,0.05,94.05,False,none,winter_peak
2024-02-20,Paracetamol_500mg,OTC,1818,0.05,90.9,False,none,winter_peak
2024-02-21,Paracetamol_500mg,OTC,1601,0.05,80.05,False,none,winter_peak
2024-02-22,Paracetamol_500mg,OTC,1848,0.05,92.4,False,none,winter_peak
2024-02-23,Paracetamol_500mg,OTC,1881,0.05,94.05,False,none,winter_peak
2024-02-24,Paracetamol_500mg,OTC,1499,0.05,74.95,False,none,winter_peak
2024-02-25,Paracetamol_500mg,OTC,1559,0.05,77.95,False,none,winter_peak
2024-02-26,Paracetamol_500mg,OTC,1914,0.05,95.7,False,none,winter_peak
2024-02-27,Paracetamol_500mg,OTC,1860,0.05,93.0,False,none,winter_peak
2024-02-28,Paracetamol_500mg,OTC,1784,0.05,89.2,False,none,winter_peak
2024-02-29,Paracetamol_500mg,OTC,1556,0.05,77.8,False,none,winter_peak
2024-03-01,Paracetamol_500mg,OTC,1513,0.05,75.65,False,none,winter_peak
2024-03-02,Paracetamol_500mg,OTC,1189,0.05,59.45,False,none,winter_peak
2024-03-03,Paracetamol_500mg,OTC,1196,0.05,59.8,False,none,winter_peak
2024-03-04,Paracetamol_500mg,OTC,1313,0.05,65.65,False,none,winter_peak
2024-03-05,Paracetamol_500mg,OTC,1336,0.05,66.8,False,none,winter_peak
2024-03-06,Paracetamol_500mg,OTC,1587,0.05,79.35,False,none,winter_peak
2024-03-07,Paracetamol_500mg,OTC,1459,0.05,72.95,False,none,winter_peak
2024-03-08,Paracetamol_500mg,OTC,1543,0.05,77.15,False,none,winter_peak
2024-03-09,Paracetamol_500mg,OTC,1173,0.05,58.65,False,none,winter_peak
2024-03-10,Paracetamol_500mg,OTC,1173,0.05,58.65,False,none,winter_peak
2024-03-11,Paracetamol_500mg,OTC,1574,0.05,78.7,False,none,winter_peak
2024-03-12,Paracetamol_500mg,OTC,1404,0.05,70.2,False,none,winter_peak
2024-03-13,Paracetamol_500mg,OTC,1476,0.05,73.8,False,none,winter_peak
2024-03-14,Paracetamol_500mg,OTC,1411,0.05,70.55,False,none,winter_peak
2024-03-15,Paracetamol_500mg,OTC,1414,0.05,70.7,False,none,winter_peak
2024-03-16,Paracetamol_500mg,OTC,1143,0.05,57.15,False,none,winter_peak
2024-03-17,Paracetamol_500mg,OTC,1192,0.05,59.6,False,none,winter_peak
2024-03-18,Paracetamol_500mg,OTC,1409,0.05,70.45,False,none,winter_peak
2024-03-19,Paracetamol_500mg,OTC,1613,0.05,80.65,False,none,winter_peak
2024-03-20,Paracetamol_500mg,OTC,1361,0.05,68.05,False,none,winter_peak
2024-03-21,Paracetamol_500mg,OTC,1444,0.05,72.2,False,none,winter_peak
2024-03-22,Paracetamol_500mg,OTC,1415,0.05,70.75,False,none,winter_peak
2024-03-23,Paracetamol_500mg,OTC,1308,0.05,65.4,False,none,winter_peak
2024-03-24,Paracetamol_500mg,OTC,1192,0.05,59.6,False,none,winter_peak
2024-03-25,Paracetamol_500mg,OTC,1588,0.05,79.4,False,none,winter_peak
2024-03-26,Paracetamol_500mg,OTC,1292,0.05,64.6,False,none,winter_peak
2024-03-27,Paracetamol_500mg,OTC,1498,0.05,74.9,False,none,winter_peak
2024-03-28,Paracetamol_500mg,OTC,1572,0.05,78.6,False,none,winter_peak
2024-03-29,Paracetamol_500mg,OTC,1477,0.05,73.85,False,none,winter_peak
2024-03-30,Paracetamol_500mg,OTC,1274,0.05,63.7,False,none,winter_peak
2024-03-31,Paracetamol_500mg,OTC,1125,0.05,56.25,False,none,winter_peak
2024-04-01,Paracetamol_500mg,OTC,1336,0.05,66.8,False,none,winter_peak
2024-04-02,Paracetamol_500mg,OTC,1422,0.05,71.1,False,none,winter_peak
2024-04-03,Paracetamol_500mg,OTC,1166,0.05,58.3,False,none,winter_peak
2024-04-04,Paracetamol_500mg,OTC,1159,0.05,57.95,False,none,winter_peak
2024-04-05,Paracetamol_500mg,OTC,1341,0.05,67.05,False,none,winter_peak
2024-04-06,Paracetamol_500mg,OTC,1083,0.05,54.15,False,none,winter_peak
2024-04-07,Paracetamol_500mg,OTC,921,0.05,46.05,False,none,winter_peak
2024-04-08,Paracetamol_500mg,OTC,1162,0.05,58.1,False,none,winter_peak
2024-04-09,Paracetamol_500mg,OTC,1175,0.05,58.75,False,none,winter_peak
2024-04-10,Paracetamol_500mg,OTC,1073,0.05,53.65,False,none,winter_peak
2024-04-11,Paracetamol_500mg,OTC,1114,0.05,55.7,False,none,winter_peak
2024-04-12,Paracetamol_500mg,OTC,1106,0.05,55.3,False,none,winter_peak
2024-04-13,Paracetamol_500mg,OTC,903,0.05,45.15,False,none,winter_peak
2024-04-14,Paracetamol_500mg,OTC,960,0.05,48.0,False,none,winter_peak
2024-04-15,Paracetamol_500mg,OTC,1226,0.05,61.3,False,none,winter_peak
2024-04-16,Paracetamol_500mg,OTC,1352,0.05,67.6,False,none,winter_peak
2024-04-17,Paracetamol_500mg,OTC,1107,0.05,55.35,False,none,winter_peak
2024-04-18,Paracetamol_500mg,OTC,1298,0.05,64.9,False,none,winter_peak
2024-04-19,Paracetamol_500mg,OTC,1183,0.05,59.15,False,none,winter_peak
2024-04-20,Paracetamol_500mg,OTC,959,0.05,47.95,False,none,winter_peak
2024-04-21,Paracetamol_500mg,OTC,1015,0.05,50.75,False,none,winter_peak
2024-04-22,Paracetamol_500mg,OTC,1096,0.05,54.8,False,none,winter_peak
2024-04-23,Paracetamol_500mg,OTC,1241,0.05,62.05,False,none,winter_peak
2024-04-24,Paracetamol_500mg,OTC,1220,0.05,61.0,False,none,winter_peak
2024-04-25,Paracetamol_500mg,OTC,1252,0.05,62.6,False,none,winter_peak
2024-04-26,Paracetamol_500mg,OTC,1233,0.05,61.65,False,none,winter_peak
2024-04-27,Paracetamol_500mg,OTC,1153,0.05,57.65,False,none,winter_peak
2024-04-28,Paracetamol_500mg,OTC,914,0.05,45.7,False,none,winter_peak
2024-04-29,Paracetamol_500mg,OTC,1154,0.05,57.7,False,none,winter_peak
2024-04-30,Paracetamol_500mg,OTC,1145,0.05,57.25,False,none,winter_peak
2024-05-01,Paracetamol_500mg,OTC,1088,0.05,54.4,False,none,winter_peak
2024-05-02,Paracetamol_500mg,OTC,1080,0.05,54.0,False,none,winter_peak
2024-05-03,Paracetamol_500mg,OTC,1247,0.05,62.35,False,none,winter_peak
2024-05-04,Paracetamol_500mg,OTC,1014,0.05,50.7,False,none,winter_peak
2024-05-05,Paracetamol_500mg,OTC,869,0.05,43.45,False,none,winter_peak
2024-05-06,Paracetamol_500mg,OTC,1063,0.05,53.15,False,none,winter_peak
2024-05-07,Paracetamol_500mg,OTC,1182,0.05,59.1,False,none,winter_peak
2024-05-08,Paracetamol_500mg,OTC,1089,0.05,54.45,False,none,winter_peak
2024-05-09,Paracetamol_500mg,OTC,1197,0.05,59.85,False,none,winter_peak
2024-05-10,Paracetamol_500mg,OTC,1158,0.05,57.9,False,none,winter_peak
2024-05-11,Paracetamol_500mg,OTC,801,0.05,40.05,False,none,winter_peak
2024-05-12,Paracetamol_500mg,OTC,1024,0.05,51.2,False,none,winter_peak
2024-05-13,Paracetamol_500mg,OTC,1304,0.05,65.2,False,none,winter_peak
2024-05-14,Paracetamol_500mg,OTC,1084,0.05,54.2,False,none,winter_peak
2024-05-15,Paracetamol_500mg,OTC,1105,0.05,55.25,False,none,winter_peak
2024-05-16,Paracetamol_500mg,OTC,1167,0.05,58.35,False,none,winter_peak
2024-05-17,Paracetamol_500mg,OTC,1171,0.05,58.55,False,none,winter_peak
2024-05-18,Paracetamol_500mg,OTC,960,0.05,48.0,False,none,winter_peak
2024-05-19,Paracetamol_500mg,OTC,1059,0.05,52.95,False,none,winter_peak
2024-05-20,Paracetamol_500mg,OTC,1125,0.05,56.25,False,none,winter_peak
2024-05-21,Paracetamol_500mg,OTC,1068,0.05,53.4,False,none,winter_peak
2024-05-22,Paracetamol_500mg,OTC,1015,0.05,50.75,False,none,winter_peak
2024-05-23,Paracetamol_500mg,OTC,1075,0.05,53.75,False,none,winter_peak
2024-05-24,Paracetamol_500mg,OTC,1139,0.05,56.95,False,none,winter_peak
2024-05-25,Paracetamol_500mg,OTC,1044,0.05,52.2,False,none,winter_peak
2024-05-26,Paracetamol_500mg,OTC,876,0.05,43.8,False,none,winter_peak
2024-05-27,Paracetamol_500mg,OTC,1162,0.05,58.1,False,none,winter_peak
2024-05-28,Paracetamol_500mg,OTC,1141,0.05,57.05,False,none,winter_peak
2024-05-29,Paracetamol_500mg,OTC,1251,0.05,62.55,False,none,winter_peak
2024-05-30,Paracetamol_500mg,OTC,1374,0.05,68.7,False,none,winter_peak
2024-05-31,Paracetamol_500mg,OTC,1094,0.05,54.7,False,none,winter_peak
2024-06-01,Paracetamol_500mg,OTC,826,0.05,41.3,False,none,winter_peak
2024-06-02,Paracetamol_500mg,OTC,932,0.05,46.6,False,none,winter_peak
2024-06-03,Paracetamol_500mg,OTC,1134,0.05,56.7,False,none,winter_peak
2024-06-04,Paracetamol_500mg,OTC,1235,0.05,61.75,False,none,winter_peak
2024-06-05,Paracetamol_500mg,OTC,1126,0.05,56.3,False,none,winter_peak
2024-06-06,Paracetamol_500mg,OTC,1045,0.05,52.25,False,none,winter_peak
2024-06-07,Paracetamol_500mg,OTC,1127,0.05,56.35,False,none,winter_peak
2024-06-08,Paracetamol_500mg,OTC,937,0.05,46.85,False,none,winter_peak
2024-06-09,Paracetamol_500mg,OTC,917,0.05,45.85,False,none,winter_peak
2024-06-10,Paracetamol_500mg,OTC,1120,0.05,56.0,False,none,winter_peak
2024-06-11,Paracetamol_500mg,OTC,1169,0.05,58.45,False,none,winter_peak
2024-06-12,Paracetamol_500mg,OTC,1178,0.05,58.9,False,none,winter_peak
2024-06-13,Paracetamol_500mg,OTC,1196,0.05,59.8,False,none,winter_peak
2024-06-14,Paracetamol_500mg,OTC,1133,0.05,56.65,False,none,winter_peak
2024-06-15,Paracetamol_500mg,OTC,850,0.05,42.5,False,none,winter_peak
2024-06-16,Paracetamol_500mg,OTC,872,0.05,43.6,False,none,winter_peak
2024-06-17,Paracetamol_500mg,OTC,1182,0.05,59.1,False,none,winter_peak
2024-06-18,Paracetamol_500mg,OTC,1007,0.05,50.35,False,none,winter_peak
2024-06-19,Paracetamol_500mg,OTC,1110,0.05,55.5,False,none,winter_peak
2024-06-20,Paracetamol_500mg,OTC,1044,0.05,52.2,False,none,winter_peak
2024-06-21,Paracetamol_500mg,OTC,1081,0.05,54.05,False,none,winter_peak
2024-06-22,Paracetamol_500mg,OTC,951,0.05,47.55,False,none,winter_peak
2024-06-23,Paracetamol_500mg,OTC,876,0.05,43.8,False,none,winter_peak
2024-06-24,Paracetamol_500mg,OTC,1083,0.05,54.15,False,none,winter_peak
2024-06-25,Paracetamol_500mg,OTC,961,0.05,48.05,False,none,winter_peak
2024-06-26,Paracetamol_500mg,OTC,1143,0.05,57.15,False,none,winter_peak
2024-06-27,Paracetamol_500mg,OTC,1135,0.05,56.75,False,none,winter_peak
2024-06-28,Paracetamol_500mg,OTC,1266,0.05,63.3,False,none,winter_peak
2024-06-29,Paracetamol_500mg,OTC,842,0.05,42.1,False,none,winter_peak
2024-06-30,Paracetamol_500mg,OTC,878,0.05,43.9,False,none,winter_peak
2024-07-01,Paracetamol_500mg,OTC,1129,0.05,56.45,False,none,winter_peak
2024-07-02,Paracetamol_500mg,OTC,1246,0.05,62.3,False,none,winter_peak
2024-07-03,Paracetamol_500mg,OTC,1098,0.05,54.9,False,none,winter_peak
2024-07-04,Paracetamol_500mg,OTC,1132,0.05,56.6,False,none,winter_peak
2024-07-05,Paracetamol_500mg,OTC,1161,0.05,58.05,False,none,winter_peak
2024-07-06,Paracetamol_500mg,OTC,899,0.05,44.95,False,none,winter_peak
2024-07-07,Paracetamol_500mg,OTC,854,0.05,42.7,False,none,winter_peak
2024-07-08,Paracetamol_500mg,OTC,1125,0.05,56.25,False,none,winter_peak
2024-07-09,Paracetamol_500mg,OTC,1203,0.05,60.15,False,none,winter_peak
2024-07-10,Paracetamol_500mg,OTC,1017,0.05,50.85,False,none,winter_peak
2024-07-11,Paracetamol_500mg,OTC,1120,0.05,56.0,False,none,winter_peak
2024-07-12,Paracetamol_500mg,OTC,1046,0.05,52.3,False,none,winter_peak
2024-07-13,Paracetamol_500mg,OTC,971,0.05,48.55,False,none,winter_peak
2024-07-14,Paracetamol_500mg,OTC,778,0.05,38.9,False,none,winter_peak
2024-07-15,Paracetamol_500mg,OTC,1059,0.05,52.95,False,none,winter_peak
2024-07-16,Paracetamol_500mg,OTC,1142,0.05,57.1,False,none,winter_peak
2024-07-17,Paracetamol_500mg,OTC,1247,0.05,62.35,False,none,winter_peak
2024-07-18,Paracetamol_500mg,OTC,1103,0.05,55.15,False,none,winter_peak
2024-07-19,Paracetamol_500mg,OTC,1060,0.05,53.0,False,none,winter_peak
2024-07-20,Paracetamol_500mg,OTC,1020,0.05,51.0,False,none,winter_peak
2024-07-21,Paracetamol_500mg,OTC,784,0.05,39.2,False,none,winter_peak
2024-07-22,Paracetamol_500mg,OTC,914,0.05,45.7,False,none,winter_peak
2024-07-23,Paracetamol_500mg,OTC,1148,0.05,57.4,False,none,winter_peak
2024-07-24,Paracetamol_500mg,OTC,1065,0.05,53.25,False,none,winter_peak
2024-07-25,Paracetamol_500mg,OTC,1019,0.05,50.95,False,none,winter_peak
2024-07-26,Paracetamol_500mg,OTC,1173,0.05,58.65,False,none,winter_peak
2024-07-27,Paracetamol_500mg,OTC,905,0.05,45.25,False,none,winter_peak
2024-07-28,Paracetamol_500mg,OTC,848,0.05,42.4,False,none,winter_peak
2024-07-29,Paracetamol_500mg,OTC,996,0.05,49.8,False,none,winter_peak
2024-07-30,Paracetamol_500mg,OTC,1188,0.05,59.4,False,none,winter_peak
2024-07-31,Paracetamol_500mg,OTC,1168,0.05,58.4,False,none,winter_peak
2024-08-01,Paracetamol_500mg,OTC,1142,0.05,57.1,False,none,winter_peak
2024-08-02,Paracetamol_500mg,OTC,1322,0.05,66.1,False,none,winter_peak
2024-08-03,Paracetamol_500mg,OTC,842,0.05,42.1,False,none,winter_peak
2024-08-04,Paracetamol_500mg,OTC,808,0.05,40.4,False,none,winter_peak
2024-08-05,Paracetamol_500mg,OTC,1088,0.05,54.4,False,none,winter_peak
2024-08-06,Paracetamol_500mg,OTC,1148,0.05,57.4,False,none,winter_peak
2024-08-07,Paracetamol_500mg,OTC,1175,0.05,58.75,False,none,winter_peak
2024-08-08,Paracetamol_500mg,OTC,1130,0.05,56.5,False,none,winter_peak
2024-08-09,Paracetamol_500mg,OTC,1185,0.05,59.25,False,none,winter_peak
2024-08-10,Paracetamol_500mg,OTC,829,0.05,41.45,False,none,winter_peak
2024-08-11,Paracetamol_500mg,OTC,1028,0.05,51.4,False,none,winter_peak
2024-08-12,Paracetamol_500mg,OTC,1145,0.05,57.25,False,none,winter_peak
2024-08-13,Paracetamol_500mg,OTC,1256,0.05,62.8,False,none,winter_peak
2024-08-14,Paracetamol_500mg,OTC,1185,0.05,59.25,False,none,winter_peak
2024-08-15,Paracetamol_500mg,OTC,1195,0.05,59.75,False,none,winter_peak
2024-08-16,Paracetamol_500mg,OTC,1206,0.05,60.3,False,none,winter_peak
2024-08-17,Paracetamol_500mg,OTC,956,0.05,47.8,False,none,winter_peak
2024-08-18,Paracetamol_500mg,OTC,970,0.05,48.5,False,none,winter_peak
2024-08-19,Paracetamol_500mg,OTC,1277,0.05,63.85,False,none,winter_peak
2024-08-20,Paracetamol_500mg,OTC,1172,0.05,58.6,False,none,winter_peak
2024-08-21,Paracetamol_500mg,OTC,1220,0.05,61.0,False,none,winter_peak
2024-08-22,Paracetamol_500mg,OTC,1146,0.05,57.3,False,none,winter_peak
2024-08-23,Paracetamol_500mg,OTC,1287,0.05,64.35,False,none,winter_peak
2024-08-24,Paracetamol_500mg,OTC,873,0.05,43.65,False,none,winter_peak
2024-08-25,Paracetamol_500mg,OTC,1056,0.05,52.8,False,none,winter_peak
2024-08-26,Paracetamol_500mg,OTC,1151,0.05,57.55,False,none,winter_peak
2024-08-27,Paracetamol_500mg,OTC,1023,0.05,51.15,False,none,winter_peak
2024-08-28,Paracetamol_500mg,OTC,1167,0.05,58.35,False,none,winter_peak
2024-08-29,Paracetamol_500mg,OTC,1092,0.05,54.6,False,none,winter_peak
2024-08-30,Paracetamol_500mg,OTC,1233,0.05,61.65,False,none,winter_peak
2024-08-31,Paracetamol_500mg,OTC,876,0.05,43.8,False,none,winter_peak
2024-09-01,Paracetamol_500mg,OTC,996,0.05,49.8,False,none,winter_peak
2024-09-02,Paracetamol_500mg,OTC,1096,0.05,54.8,False,none,winter_peak
2024-09-03,Paracetamol_500mg,OTC,1245,0.05,62.25,False,none,winter_peak
2024-09-04,Paracetamol_500mg,OTC,1041,0.05,52.05,False,none,winter_peak
2024-09-05,Paracetamol_500mg,OTC,1128,0.05,56.4,False,none,winter_peak
2024-09-06,Paracetamol_500mg,OTC,1371,0.05,68.55,False,none,winter_peak
2024-09-07,Paracetamol_500mg,OTC,1099,0.05,54.95,False,none,winter_peak
2024-09-08,Paracetamol_500mg,OTC,1069,0.05,53.45,False,none,winter_peak
2024-09-09,Paracetamol_500mg,OTC,1193,0.05,59.65,False,none,winter_peak
2024-09-10,Paracetamol_500mg,OTC,1288,0.05,64.4,False,none,winter_peak
2024-09-11,Paracetamol_500mg,OTC,1293,0.05,64.65,False,none,winter_peak
2024-09-12,Paracetamol_500mg,OTC,1173,0.05,58.65,False,none,winter_peak
2024-09-13,Paracetamol_500mg,OTC,1449,0.05,72.45,False,none,winter_peak
2024-09-14,Paracetamol_500mg,OTC,1107,0.05,55.35,False,none,winter_peak
2024-09-15,Paracetamol_500mg,OTC,1016,0.05,50.8,False,none,winter_peak
2024-09-16,Paracetamol_500mg,OTC,1297,0.05,64.85,False,none,winter_peak
2024-09-17,Paracetamol_500mg,OTC,1316,0.05,65.8,False,none,winter_peak
2024-09-18,Paracetamol_500mg,OTC,1083,0.05,54.15,False,none,winter_peak
2024-09-19,Paracetamol_500mg,OTC,1269,0.05,63.45,False,none,winter_peak
2024-09-20,Paracetamol_500mg,OTC,1224,0.05,61.2,False,none,winter_peak
2024-09-21,Paracetamol_500mg,OTC,952,0.05,47.6,False,none,winter_peak
2024-09-22,Paracetamol_500mg,OTC,1012,0.05,50.6,False,none,winter_peak
2024-09-23,Paracetamol_500mg,OTC,1481,0.05,74.05,False,none,winter_peak
2024-09-24,Paracetamol_500mg,OTC,1362,0.05,68.1,False,none,winter_peak
2024-09-25,Paracetamol_500mg,OTC,1236,0.05,61.8,False,none,winter_peak
2024-09-26,Paracetamol_500mg,OTC,1355,0.05,67.75,False,none,winter_peak
2024-09-27,Paracetamol_500mg,OTC,1441,0.05,72.05,False,none,winter_peak
2024-09-28,Paracetamol_500mg,OTC,1113,0.05,55.65,False,none,winter_peak
2024-09-29,Paracetamol_500mg,OTC,1041,0.05,52.05,False,none,winter_peak
2024-09-30,Paracetamol_500mg,OTC,1229,0.05,61.45,False,none,winter_peak
2024-10-01,Paracetamol_500mg,OTC,1513,0.05,75.65,False,none,winter_peak
2024-10-02,Paracetamol_500mg,OTC,1478,0.05,73.9,False,none,winter_peak
2024-10-03,Paracetamol_500mg,OTC,1536,0.05,76.8,False,none,winter_peak
2024-10-04,Paracetamol_500mg,OTC,1506,0.05,75.3,False,none,winter_peak
2024-10-05,Paracetamol_500mg,OTC,1243,0.05,62.15,False,none,winter_peak
2024-10-06,Paracetamol_500mg,OTC,1097,0.05,54.85,False,none,winter_peak
2024-10-07,Paracetamol_500mg,OTC,1585,0.05,79.25,False,none,winter_peak
2024-10-08,Paracetamol_500mg,OTC,1457,0.05,72.85,False,none,winter_peak
2024-10-09,Paracetamol_500mg,OTC,1672,0.05,83.6,False,none,winter_peak
2024-10-10,Paracetamol_500mg,OTC,1355,0.05,67.75,False,none,winter_peak
2024-10-11,Paracetamol_500mg,OTC,1634,0.05,81.7,False,none,winter_peak
2024-10-12,Paracetamol_500mg,OTC,1165,0.05,58.25,False,none,winter_peak
2024-10-13,Paracetamol_500mg,OTC,1088,0.05,54.4,False,none,winter_peak
2024-10-14,Paracetamol_500mg,OTC,1379,0.05,68.95,False,none,winter_peak
2024-10-15,Paracetamol_500mg,OTC,1398,0.05,69.9,False,none,winter_peak
2024-10-16,Paracetamol_500mg,OTC,1484,0.05,74.2,False,none,winter_peak
2024-10-17,Paracetamol_500mg,OTC,1496,0.05,74.8,False,none,winter_peak
2024-10-18,Paracetamol_500mg,OTC,1370,0.05,68.5,False,none,winter_peak
2024-10-19,Paracetamol_500mg,OTC,1146,0.05,57.3,False,none,winter_peak
2024-10-20,Paracetamol_500mg,OTC,1345,0.05,67.25,False,none,winter_peak
2024-10-21,Paracetamol_500mg,OTC,1635,0.05,81.75,False,none,winter_peak
2024-10-22,Paracetamol_500mg,OTC,1487,0.05,74.35,False,none,winter_peak
2024-10-23,Paracetamol_500mg,OTC,1441,0.05,72.05,False,none,winter_peak
2024-10-24,Paracetamol_500mg,OTC,1451,0.05,72.55,False,none,winter_peak
2024-10-25,Paracetamol_500mg,OTC,1507,0.05,75.35,False,none,winter_peak
2024-10-26,Paracetamol_500mg,OTC,1055,0.05,52.75,False,none,winter_peak
2024-10-27,Paracetamol_500mg,OTC,1126,0.05,56.3,False,none,winter_peak
2024-10-28,Paracetamol_500mg,OTC,1246,0.05,62.3,False,none,winter_peak
2024-10-29,Paracetamol_500mg,OTC,1484,0.05,74.2,False,none,winter_peak
2024-10-30,Paracetamol_500mg,OTC,1512,0.05,75.6,False,none,winter_peak
2024-10-31,Paracetamol_500mg,OTC,1382,0.05,69.1,False,none,winter_peak
2024-11-01,Paracetamol_500mg,OTC,3470,0.05,173.5,False,flu_outbreak,winter_peak
2024-11-02,Paracetamol_500mg,OTC,2224,0.05,111.2,False,flu_outbreak,winter_peak
2024-11-03,Paracetamol_500mg,OTC,2177,0.05,108.85,False,flu_outbreak,winter_peak
2024-11-04,Paracetamol_500mg,OTC,3139,0.05,156.95,False,flu_outbreak,winter_peak
2024-11-05,Paracetamol_500mg,OTC,3342,0.05,167.1,False,flu_outbreak,winter_peak
2024-11-06,Paracetamol_500mg,OTC,3500,0.05,175.0,False,flu_outbreak,winter_peak
2024-11-07,Paracetamol_500mg,OTC,2971,0.05,148.55,False,flu_outbreak,winter_peak
2024-11-08,Paracetamol_500mg,OTC,3351,0.05,167.55,False,flu_outbreak,winter_peak
2024-11-09,Paracetamol_500mg,OTC,2460,0.05,123.0,False,flu_outbreak,winter_peak
2024-11-10,Paracetamol_500mg,OTC,2434,0.05,121.7,False,flu_outbreak,winter_peak
2024-11-11,Paracetamol_500mg,OTC,3304,0.05,165.2,False,flu_outbreak,winter_peak
2024-11-12,Paracetamol_500mg,OTC,3247,0.05,162.35,False,flu_outbreak,winter_peak
2024-11-13,Paracetamol_500mg,OTC,2697,0.05,134.85,False,flu_outbreak,winter_peak
2024-11-14,Paracetamol_500mg,OTC,3452,0.05,172.6,False,flu_outbreak,winter_peak
2024-11-15,Paracetamol_500mg,OTC,3428,0.05,171.4,False,flu_outbreak,winter_peak
2024-11-16,Paracetamol_500mg,OTC,2346,0.05,117.3,False,flu_outbreak,winter_peak
2024-11-17,Paracetamol_500mg,OTC,2548,0.05,127.4,False,flu_outbreak,winter_peak
2024-11-18,Paracetamol_500mg,OTC,3211,0.05,160.55,False,flu_outbreak,winter_peak
2024-11-19,Paracetamol_500mg,OTC,3153,0.05,157.65,False,flu_outbreak,winter_peak
2024-11-20,Paracetamol_500mg,OTC,2953,0.05,147.65,False,flu_outbreak,winter_peak
2024-11-21,Paracetamol_500mg,OTC,2924,0.05,146.2,False,flu_outbreak,winter_peak
2024-11-22,Paracetamol_500mg,OTC,3084,0.05,154.2,False,flu_outbreak,winter_peak
2024-11-23,Paracetamol_500mg,OTC,2704,0.05,135.2,False,flu_outbreak,winter_peak
2024-11-24,Paracetamol_500mg,OTC,2580,0.05,129.0,False,flu_outbreak,winter_peak
2024-11-25,Paracetamol_500mg,OTC,3000,0.05,150.0,False,flu_outbreak,winter_peak
2024-11-26,Paracetamol_500mg,OTC,3282,0.05,164.1,False,flu_outbreak,winter_peak
2024-11-27,Paracetamol_500mg,OTC,2387,0.05,119.35,False,flu_outbreak,winter_peak
2024-11-28,Paracetamol_500mg,OTC,3377,0.05,168.85,False,flu_outbreak,winter_peak
2024-11-29,Paracetamol_500mg,OTC,2662,0.05,133.1,False,flu_outbreak,winter_peak
2024-11-30,Paracetamol_500mg,OTC,2402,0.05,120.1,False,flu_outbreak,winter_peak
2024-12-01,Paracetamol_500mg,OTC,2613,0.05,130.65,False,flu_outbreak,winter_peak
2024-12-02,Paracetamol_500mg,OTC,3217,0.05,160.85,False,flu_outbreak,winter_peak
2024-12-03,Paracetamol_500mg,OTC,3923,0.05,196.15,False,flu_outbreak,winter_peak
2024-12-04,Paracetamol_500mg,OTC,3455,0.05,172.75,False,flu_outbreak,winter_peak
2024-12-05,Paracetamol_500mg,OTC,3690,0.05,184.5,False,flu_outbreak,winter_peak
2024-12-06,Paracetamol_500mg,OTC,3577,0.05,178.85,False,flu_outbreak,winter_peak
2024-12-07,Paracetamol_500mg,OTC,2982,0.05,149.1,False,flu_outbreak,winter_peak
2024-12-08,Paracetamol_500mg,OTC,2891,0.05,144.55,False,flu_outbreak,winter_peak
2024-12-09,Paracetamol_500mg,OTC,3223,0.05,161.15,False,flu_outbreak,winter_peak
2024-12-10,Paracetamol_500mg,OTC,3879,0.05,193.95,False,flu_outbreak,winter_peak
2024-12-11,Paracetamol_500mg,OTC,3451,0.05,172.55,False,flu_outbreak,winter_peak
2024-12-12,Paracetamol_500mg,OTC,3146,0.05,157.3,False,flu_outbreak,winter_peak
2024-12-13,Paracetamol_500mg,OTC,3470,0.05,173.5,False,flu_outbreak,winter_peak
2024-12-14,Paracetamol_500mg,OTC,3220,0.05,161.0,False,flu_outbreak,winter_peak
2024-12-15,Paracetamol_500mg,OTC,3071,0.05,153.55,False,flu_outbreak,winter_peak
2024-12-16,Paracetamol_500mg,OTC,3495,0.05,174.75,False,flu_outbreak,winter_peak
2024-12-17,Paracetamol_500mg,OTC,3495,0.05,174.75,False,flu_outbreak,winter_peak
2024-12-18,Paracetamol_500mg,OTC,3503,0.05,175.15,False,flu_outbreak,winter_peak
2024-12-19,Paracetamol_500mg,OTC,4194,0.05,209.7,False,flu_outbreak,winter_peak
2024-12-20,Paracetamol_500mg,OTC,3706,0.05,185.3,False,flu_outbreak,winter_peak
2024-12-21,Paracetamol_500mg,OTC,2976,0.05,148.8,False,flu_outbreak,winter_peak
2024-12-22,Paracetamol_500mg,OTC,3115,0.05,155.75,False,flu_outbreak,winter_peak
2024-12-23,Paracetamol_500mg,OTC,3667,0.05,183.35,False,flu_outbreak,winter_peak
2024-12-24,Paracetamol_500mg,OTC,3524,0.05,176.2,False,flu_outbreak,winter_peak
2024-12-25,Paracetamol_500mg,OTC,3542,0.05,177.1,False,flu_outbreak,winter_peak
2024-12-26,Paracetamol_500mg,OTC,3579,0.05,178.95,False,flu_outbreak,winter_peak
2024-12-27,Paracetamol_500mg,OTC,3589,0.05,179.45,False,flu_outbreak,winter_peak
2024-12-28,Paracetamol_500mg,OTC,3048,0.05,152.4,False,flu_outbreak,winter_peak
2024-12-29,Paracetamol_500mg,OTC,2892,0.05,144.6,False,flu_outbreak,winter_peak
2024-12-30,Paracetamol_500mg,OTC,3812,0.05,190.6,False,flu_outbreak,winter_peak
2024-12-31,Paracetamol_500mg,OTC,3578,0.05,178.9,False,flu_outbreak,winter_peak
2022-01-01,Amoxicillin_250mg,Antibiotic,1126,0.3,337.8,False,covid_wave,winter_peak
2022-01-02,Amoxicillin_250mg,Antibiotic,940,0.3,282.0,False,covid_wave,winter_peak
2022-01-03,Amoxicillin_250mg,Antibiotic,1503,0.3,450.9,False,covid_wave,winter_peak
2022-01-04,Amoxicillin_250mg,Antibiotic,1439,0.3,431.7,False,covid_wave,winter_peak
2022-01-05,Amoxicillin_250mg,Antibiotic,1512,0.3,453.6,False,covid_wave,winter_peak
2022-01-06,Amoxicillin_250mg,Antibiotic,1076,0.3,322.8,False,covid_wave,winter_peak
2022-01-07,Amoxicillin_250mg,Antibiotic,1635,0.3,490.5,False,covid_wave,winter_peak
2022-01-08,Amoxicillin_250mg,Antibiotic,1108,0.3,332.4,False,covid_wave,winter_peak
2022-01-09,Amoxicillin_250mg,Antibiotic,1220,0.3,366.0,False,covid_wave,winter_peak
2022-01-10,Amoxicillin_250mg,Antibiotic,1285,0.3,385.5,False,covid_wave,winter_peak
2022-01-11,Amoxicillin_250mg,Antibiotic,1470,0.3,441.0,False,covid_wave,winter_peak
2022-01-12,Amoxicillin_250mg,Antibiotic,1283,0.3,384.9,False,covid_wave,winter_peak
2022-01-13,Amoxicillin_250mg,Antibiotic,1332,0.3,399.6,False,covid_wave,winter_peak
2022-01-14,Amoxicillin_250mg,Antibiotic,1617,0.3,485.1,False,covid_wave,winter_peak
2022-01-15,Amoxicillin_250mg,Antibiotic,1104,0.3,331.2,False,covid_wave,winter_peak
2022-01-16,Amoxicillin_250mg,Antibiotic,1141,0.3,342.3,False,covid_wave,winter_peak
2022-01-17,Amoxicillin_250mg,Antibiotic,1500,0.3,450.0,False,covid_wave,winter_peak
2022-01-18,Amoxicillin_250mg,Antibiotic,1458,0.3,437.4,False,covid_wave,winter_peak
2022-01-19,Amoxicillin_250mg,Antibiotic,1420,0.3,426.0,False,covid_wave,winter_peak
2022-01-20,Amoxicillin_250mg,Antibiotic,1444,0.3,433.2,False,covid_wave,winter_peak
2022-01-21,Amoxicillin_250mg,Antibiotic,1673,0.3,501.9,False,covid_wave,winter_peak
2022-01-22,Amoxicillin_250mg,Antibiotic,1117,0.3,335.1,False,covid_wave,winter_peak
2022-01-23,Amoxicillin_250mg,Antibiotic,1140,0.3,342.0,False,covid_wave,winter_peak
2022-01-24,Amoxicillin_250mg,Antibiotic,1522,0.3,456.6,False,covid_wave,winter_peak
2022-01-25,Amoxicillin_250mg,Antibiotic,1528,0.3,458.4,False,covid_wave,winter_peak
2022-01-26,Amoxicillin_250mg,Antibiotic,1538,0.3,461.4,False,covid_wave,winter_peak
2022-01-27,Amoxicillin_250mg,Antibiotic,1476,0.3,442.8,False,covid_wave,winter_peak
2022-01-28,Amoxicillin_250mg,Antibiotic,1276,0.3,382.8,False,covid_wave,winter_peak
2022-01-29,Amoxicillin_250mg,Antibiotic,1271,0.3,381.3,False,covid_wave,winter_peak
2022-01-30,Amoxicillin_250mg,Antibiotic,1020,0.3,306.0,False,covid_wave,winter_peak
2022-01-31,Amoxicillin_250mg,Antibiotic,1439,0.3,431.7,False,covid_wave,winter_peak
2022-02-01,Amoxicillin_250mg,Antibiotic,1273,0.3,381.9,False,covid_wave,winter_peak
2022-02-02,Amoxicillin_250mg,Antibiotic,1348,0.3,404.4,False,covid_wave,winter_peak
2022-02-03,Amoxicillin_250mg,Antibiotic,1391,0.3,417.3,False,covid_wave,winter_peak
2022-02-04,Amoxicillin_250mg,Antibiotic,1391,0.3,417.3,False,covid_wave,winter_peak
2022-02-05,Amoxicillin_250mg,Antibiotic,1121,0.3,336.3,False,covid_wave,winter_peak
2022-02-06,Amoxicillin_250mg,Antibiotic,1224,0.3,367.2,False,covid_wave,winter_peak
2022-02-07,Amoxicillin_250mg,Antibiotic,1406,0.3,421.8,False,covid_wave,winter_peak
2022-02-08,Amoxicillin_250mg,Antibiotic,1330,0.3,399.0,False,covid_wave,winter_peak
2022-02-09,Amoxicillin_250mg,Antibiotic,1461,0.3,438.3,False,covid_wave,winter_peak
2022-02-10,Amoxicillin_250mg,Antibiotic,1486,0.3,445.8,False,covid_wave,winter_peak
2022-02-11,Amoxicillin_250mg,Antibiotic,1224,0.3,367.2,False,covid_wave,winter_peak
2022-02-12,Amoxicillin_250mg,Antibiotic,1137,0.3,341.1,False,covid_wave,winter_peak
2022-02-13,Amoxicillin_250mg,Antibiotic,1147,0.3,344.1,False,covid_wave,winter_peak
2022-02-14,Amoxicillin_250mg,Antibiotic,1325,0.3,397.5,False,covid_wave,winter_peak
2022-02-15,Amoxicillin_250mg,Antibiotic,1507,0.3,452.1,False,covid_wave,winter_peak
2022-02-16,Amoxicillin_250mg,Antibiotic,1342,0.3,402.6,False,covid_wave,winter_peak
2022-02-17,Amoxicillin_250mg,Antibiotic,1372,0.3,411.6,False,covid_wave,winter_peak
2022-02-18,Amoxicillin_250mg,Antibiotic,1340,0.3,402.0,False,covid_wave,winter_peak
2022-02-19,Amoxicillin_250mg,Antibiotic,1088,0.3,326.4,False,covid_wave,winter_peak
2022-02-20,Amoxicillin_250mg,Antibiotic,992,0.3,297.6,False,covid_wave,winter_peak
2022-02-21,Amoxicillin_250mg,Antibiotic,1202,0.3,360.6,False,covid_wave,winter_peak
2022-02-22,Amoxicillin_250mg,Antibiotic,1533,0.3,459.9,False,covid_wave,winter_peak
2022-02-23,Amoxicillin_250mg,Antibiotic,1267,0.3,380.1,False,covid_wave,winter_peak
2022-02-24,Amoxicillin_250mg,Antibiotic,1252,0.3,375.6,False,covid_wave,winter_peak
2022-02-25,Amoxicillin_250mg,Antibiotic,1125,0.3,337.5,False,covid_wave,winter_peak
2022-02-26,Amoxicillin_250mg,Antibiotic,1032,0.3,309.6,False,covid_wave,winter_peak
2022-02-27,Amoxicillin_250mg,Antibiotic,972,0.3,291.6,False,covid_wave,winter_peak
2022-02-28,Amoxicillin_250mg,Antibiotic,1539,0.3,461.7,False,covid_wave,winter_peak
2022-03-01,Amoxicillin_250mg,Antibiotic,1198,0.3,359.4,False,covid_wave,winter_peak
2022-03-02,Amoxicillin_250mg,Antibiotic,1047,0.3,314.1,False,covid_wave,winter_peak
2022-03-03,Amoxicillin_250mg,Antibiotic,1309,0.3,392.7,False,covid_wave,winter_peak
2022-03-04,Amoxicillin_250mg,Antibiotic,1196,0.3,358.8,False,covid_wave,winter_peak
2022-03-05,Amoxicillin_250mg,Antibiotic,864,0.3,259.2,False,covid_wave,winter_peak
2022-03-06,Amoxicillin_250mg,Antibiotic,709,0.3,212.7,False,covid_wave,winter_peak
2022-03-07,Amoxicillin_250mg,Antibiotic,1313,0.3,393.9,False,covid_wave,winter_peak
2022-03-08,Amoxicillin_250mg,Antibiotic,986,0.3,295.8,False,covid_wave,winter_peak
2022-03-09,Amoxicillin_250mg,Antibiotic,963,0.3,288.9,False,covid_wave,winter_peak
2022-03-10,Amoxicillin_250mg,Antibiotic,1201,0.3,360.3,False,covid_wave,winter_peak
2022-03-11,Amoxicillin_250mg,Antibiotic,1327,0.3,398.1,False,covid_wave,winter_peak
2022-03-12,Amoxicillin_250mg,Antibiotic,986,0.3,295.8,False,covid_wave,winter_peak
2022-03-13,Amoxicillin_250mg,Antibiotic,928,0.3,278.4,False,covid_wave,winter_peak
2022-03-14,Amoxicillin_250mg,Antibiotic,1163,0.3,348.9,False,covid_wave,winter_peak
2022-03-15,Amoxicillin_250mg,Antibiotic,1186,0.3,355.8,False,covid_wave,winter_peak
2022-03-16,Amoxicillin_250mg,Antibiotic,1178,0.3,353.4,False,covid_wave,winter_peak
2022-03-17,Amoxicillin_250mg,Antibiotic,1136,0.3,340.8,False,covid_wave,winter_peak
2022-03-18,Amoxicillin_250mg,Antibiotic,1120,0.3,336.0,False,covid_wave,winter_peak
2022-03-19,Amoxicillin_250mg,Antibiotic,884,0.3,265.2,False,covid_wave,winter_peak
2022-03-20,Amoxicillin_250mg,Antibiotic,835,0.3,250.5,False,covid_wave,winter_peak
2022-03-21,Amoxicillin_250mg,Antibiotic,1086,0.3,325.8,False,covid_wave,winter_peak
2022-03-22,Amoxicillin_250mg,Antibiotic,961,0.3,288.3,False,covid_wave,winter_peak
2022-03-23,Amoxicillin_250mg,Antibiotic,1103,0.3,330.9,False,covid_wave,winter_peak
2022-03-24,Amoxicillin_250mg,Antibiotic,1024,0.3,307.2,False,covid_wave,winter_peak
2022-03-25,Amoxicillin_250mg,Antibiotic,1014,0.3,304.2,False,covid_wave,winter_peak
2022-03-26,Amoxicillin_250mg,Antibiotic,902,0.3,270.6,False,covid_wave,winter_peak
2022-03-27,Amoxicillin_250mg,Antibiotic,988,0.3,296.4,False,covid_wave,winter_peak
2022-03-28,Amoxicillin_250mg,Antibiotic,1194,0.3,358.2,False,covid_wave,winter_peak
2022-03-29,Amoxicillin_250mg,Antibiotic,973,0.3,291.9,False,covid_wave,winter_peak
2022-03-30,Amoxicillin_250mg,Antibiotic,1025,0.3,307.5,False,covid_wave,winter_peak
2022-03-31,Amoxicillin_250mg,Antibiotic,1197,0.3,359.1,False,covid_wave,winter_peak
2022-04-01,Amoxicillin_250mg,Antibiotic,335,0.3,100.5,False,none,winter_peak
2022-04-02,Amoxicillin_250mg,Antibiotic,285,0.3,85.5,False,none,winter_peak
2022-04-03,Amoxicillin_250mg,Antibiotic,304,0.3,91.2,False,none,winter_peak
2022-04-04,Amoxicillin_250mg,Antibiotic,336,0.3,100.8,False,none,winter_peak
2022-04-05,Amoxicillin_250mg,Antibiotic,367,0.3,110.1,False,none,winter_peak
2022-04-06,Amoxicillin_250mg,Antibiotic,325,0.3,97.5,False,none,winter_peak
2022-04-07,Amoxicillin_250mg,Antibiotic,347,0.3,104.1,False,none,winter_peak
2022-04-08,Amoxicillin_250mg,Antibiotic,374,0.3,112.2,False,none,winter_peak
2022-04-09,Amoxicillin_250mg,Antibiotic,254,0.3,76.2,False,none,winter_peak
2022-04-10,Amoxicillin_250mg,Antibiotic,301,0.3,90.3,False,none,winter_peak
2022-04-11,Amoxicillin_250mg,Antibiotic,364,0.3,109.2,False,none,winter_peak
2022-04-12,Amoxicillin_250mg,Antibiotic,381,0.3,114.3,False,none,winter_peak
2022-04-13,Amoxicillin_250mg,Antibiotic,371,0.3,111.3,False,none,winter_peak
2022-04-14,Amoxicillin_250mg,Antibiotic,404,0.3,121.2,False,none,winter_peak
2022-04-15,Amoxicillin_250mg,Antibiotic,368,0.3,110.4,False,none,winter_peak
2022-04-16,Amoxicillin_250mg,Antibiotic,281,0.3,84.3,False,none,winter_peak
2022-04-17,Amoxicillin_250mg,Antibiotic,294,0.3,88.2,False,none,winter_peak
2022-04-18,Amoxicillin_250mg,Antibiotic,381,0.3,114.3,False,none,winter_peak
2022-04-19,Amoxicillin_250mg,Antibiotic,366,0.3,109.8,False,none,winter_peak
2022-04-20,Amoxicillin_250mg,Antibiotic,366,0.3,109.8,False,none,winter_peak
2022-04-21,Amoxicillin_250mg,Antibiotic,344,0.3,103.2,False,none,winter_peak
2022-04-22,Amoxicillin_250mg,Antibiotic,346,0.3,103.8,False,none,winter_peak
2022-04-23,Amoxicillin_250mg,Antibiotic,259,0.3,77.7,False,none,winter_peak
2022-04-24,Amoxicillin_250mg,Antibiotic,332,0.3,99.6,False,none,winter_peak
2022-04-25,Amoxicillin_250mg,Antibiotic,329,0.3,98.7,False,none,winter_peak
2022-04-26,Amoxicillin_250mg,Antibiotic,345,0.3,103.5,False,none,winter_peak
2022-04-27,Amoxicillin_250mg,Antibiotic,344,0.3,103.2,False,none,winter_peak
2022-04-28,Amoxicillin_250mg,Antibiotic,391,0.3,117.3,False,none,winter_peak
2022-04-29,Amoxicillin_250mg,Antibiotic,357,0.3,107.1,False,none,winter_peak
2022-04-30,Amoxicillin_250mg,Antibiotic,321,0.3,96.3,False,none,winter_peak
2022-05-01,Amoxicillin_250mg,Antibiotic,260,0.3,78.0,False,none,winter_peak
2022-05-02,Amoxicillin_250mg,Antibiotic,353,0.3,105.9,False,none,winter_peak
2022-05-03,Amoxicillin_250mg,Antibiotic,322,0.3,96.6,False,none,winter_peak
2022-05-04,Amoxicillin_250mg,Antibiotic,405,0.3,121.5,False,none,winter_peak
2022-05-05,Amoxicillin_250mg,Antibiotic,312,0.3,93.6,False,none,winter_peak
2022-05-06,Amoxicillin_250mg,Antibiotic,354,0.3,106.2,False,none,winter_peak
2022-05-07,Amoxicillin_250mg,Antibiotic,290,0.3,87.0,False,none,winter_peak
2022-05-08,Amoxicillin_250mg,Antibiotic,285,0.3,85.5,False,none,winter_peak
2022-05-09,Amoxicillin_250mg,Antibiotic,340,0.3,102.0,False,none,winter_peak
2022-05-10,Amoxicillin_250mg,Antibiotic,342,0.3,102.6,False,none,winter_peak
2022-05-11,Amoxicillin_250mg,Antibiotic,347,0.3,104.1,False,none,winter_peak
2022-05-12,Amoxicillin_250mg,Antibiotic,342,0.3,102.6,False,none,winter_peak
2022-05-13,Amoxicillin_250mg,Antibiotic,372,0.3,111.6,False,none,winter_peak
2022-05-14,Amoxicillin_250mg,Antibiotic,325,0.3,97.5,False,none,winter_peak
2022-05-15,Amoxicillin_250mg,Antibiotic,264,0.3,79.2,False,none,winter_peak
2022-05-16,Amoxicillin_250mg,Antibiotic,308,0.3,92.4,False,none,winter_peak
2022-05-17,Amoxicillin_250mg,Antibiotic,343,0.3,102.9,False,none,winter_peak
2022-05-18,Amoxicillin_250mg,Antibiotic,417,0.3,125.1,False,none,winter_peak
2022-05-19,Amoxicillin_250mg,Antibiotic,324,0.3,97.2,False,none,winter_peak
2022-05-20,Amoxicillin_250mg,Antibiotic,391,0.3,117.3,False,none,winter_peak
2022-05-21,Amoxicillin_250mg,Antibiotic,314,0.3,94.2,False,none,winter_peak
2022-05-22,Amoxicillin_250mg,Antibiotic,264,0.3,79.2,False,none,winter_peak
2022-05-23,Amoxicillin_250mg,Antibiotic,362,0.3,108.6,False,none,winter_peak
2022-05-24,Amoxicillin_250mg,Antibiotic,391,0.3,117.3,False,none,winter_peak
2022-05-25,Amoxicillin_250mg,Antibiotic,336,0.3,100.8,False,none,winter_peak
2022-05-26,Amoxicillin_250mg,Antibiotic,341,0.3,102.3,False,none,winter_peak
2022-05-27,Amoxicillin_250mg,Antibiotic,330,0.3,99.0,False,none,winter_peak
2022-05-28,Amoxicillin_250mg,Antibiotic,254,0.3,76.2,False,none,winter_peak
2022-05-29,Amoxicillin_250mg,Antibiotic,262,0.3,78.6,False,none,winter_peak
2022-05-30,Amoxicillin_250mg,Antibiotic,312,0.3,93.6,False,none,winter_peak
2022-05-31,Amoxicillin_250mg,Antibiotic,347,0.3,104.1,False,none,winter_peak
2022-06-01,Amoxicillin_250mg,Antibiotic,306,0.3,91.8,False,none,winter_peak
2022-06-02,Amoxicillin_250mg,Antibiotic,332,0.3,99.6,False,none,winter_peak
2022-06-03,Amoxicillin_250mg,Antibiotic,286,0.3,85.8,False,none,winter_peak
2022-06-04,Amoxicillin_250mg,Antibiotic,268,0.3,80.4,False,none,winter_peak
2022-06-05,Amoxicillin_250mg,Antibiotic,278,0.3,83.4,False,none,winter_peak
2022-06-06,Amoxicillin_250mg,Antibiotic,274,0.3,82.2,False,none,winter_peak
2022-06-07,Amoxicillin_250mg,Antibiotic,336,0.3,100.8,False,none,winter_peak
2022-06-08,Amoxicillin_250mg,Antibiotic,359,0.3,107.7,False,none,winter_peak
2022-06-09,Amoxicillin_250mg,Antibiotic,295,0.3,88.5,False,none,winter_peak
2022-06-10,Amoxicillin_250mg,Antibiotic,370,0.3,111.0,False,none,winter_peak
2022-06-11,Amoxicillin_250mg,Antibiotic,270,0.3,81.0,False,none,winter_peak
2022-06-12,Amoxicillin_250mg,Antibiotic,246,0.3,73.8,False,none,winter_peak
2022-06-13,Amoxicillin_250mg,Antibiotic,325,0.3,97.5,False,none,winter_peak
2022-06-14,Amoxicillin_250mg,Antibiotic,341,0.3,102.3,False,none,winter_peak
2022-06-15,Amoxicillin_250mg,Antibiotic,329,0.3,98.7,False,none,winter_peak
2022-06-16,Amoxicillin_250mg,Antibiotic,341,0.3,102.3,False,none,winter_peak
2022-06-17,Amoxicillin_250mg,Antibiotic,303,0.3,90.9,False,none,winter_peak
2022-06-18,Amoxicillin_250mg,Antibiotic,264,0.3,79.2,False,none,winter_peak
2022-06-19,Amoxicillin_250mg,Antibiotic,232,0.3,69.6,False,none,winter_peak
2022-06-20,Amoxicillin_250mg,Antibiotic,324,0.3,97.2,False,none,winter_peak
2022-06-21,Amoxicillin_250mg,Antibiotic,303,0.3,90.9,False,none,winter_peak
2022-06-22,Amoxicillin_250mg,Antibiotic,308,0.3,92.4,False,none,winter_peak
2022-06-23,Amoxicillin_250mg,Antibiotic,359,0.3,107.7,False,none,winter_peak
2022-06-24,Amoxicillin_250mg,Antibiotic,356,0.3,106.8,False,none,winter_peak
2022-06-25,Amoxicillin_250mg,Antibiotic,274,0.3,82.2,False,none,winter_peak
2022-06-26,Amoxicillin_250mg,Antibiotic,239,0.3,71.7,False,none,winter_peak
2022-06-27,Amoxicillin_250mg,Antibiotic,319,0.3,95.7,False,none,winter_peak
2022-06-28,Amoxicillin_250mg,Antibiotic,359,0.3,107.7,False,none,winter_peak
2022-06-29,Amoxicillin_250mg,Antibiotic,331,0.3,99.3,False,none,winter_peak
2022-06-30,Amoxicillin_250mg,Antibiotic,388,0.3,116.4,False,none,winter_peak
2022-07-01,Amoxicillin_250mg,Antibiotic,346,0.3,103.8,False,none,winter_peak
2022-07-02,Amoxicillin_250mg,Antibiotic,272,0.3,81.6,False,none,winter_peak
2022-07-03,Amoxicillin_250mg,Antibiotic,261,0.3,78.3,False,none,winter_peak
2022-07-04,Amoxicillin_250mg,Antibiotic,339,0.3,101.7,False,none,winter_peak
2022-07-05,Amoxicillin_250mg,Antibiotic,332,0.3,99.6,False,none,winter_peak
2022-07-06,Amoxicillin_250mg,Antibiotic,355,0.3,106.5,False,none,winter_peak
2022-07-07,Amoxicillin_250mg,Antibiotic,362,0.3,108.6,False,none,winter_peak
2022-07-08,Amoxicillin_250mg,Antibiotic,315,0.3,94.5,False,none,winter_peak
2022-07-09,Amoxicillin_250mg,Antibiotic,240,0.3,72.0,False,none,winter_peak
2022-07-10,Amoxicillin_250mg,Antibiotic,229,0.3,68.7,False,none,winter_peak
2022-07-11,Amoxicillin_250mg,Antibiotic,350,0.3,105.0,False,none,winter_peak
2022-07-12,Amoxicillin_250mg,Antibiotic,306,0.3,91.8,False,none,winter_peak
2022-07-13,Amoxicillin_250mg,Antibiotic,278,0.3,83.4,False,none,winter_peak
2022-07-14,Amoxicillin_250mg,Antibiotic,347,0.3,104.1,False,none,winter_peak
2022-07-15,Amoxicillin_250mg,Antibiotic,403,0.3,120.9,False,none,winter_peak
2022-07-16,Amoxicillin_250mg,Antibiotic,268,0.3,80.4,False,none,winter_peak
2022-07-17,Amoxicillin_250mg,Antibiotic,287,0.3,86.1,False,none,winter_peak
2022-07-18,Amoxicillin_250mg,Antibiotic,339,0.3,101.7,False,none,winter_peak
2022-07-19,Amoxicillin_250mg,Antibiotic,334,0.3,100.2,False,none,winter_peak
2022-07-20,Amoxicillin_250mg,Antibiotic,361,0.3,108.3,False,none,winter_peak
2022-07-21,Amoxicillin_250mg,Antibiotic,329,0.3,98.7,False,none,winter_peak
2022-07-22,Amoxicillin_250mg,Antibiotic,344,0.3,103.2,False,none,winter_peak
2022-07-23,Amoxicillin_250mg,Antibiotic,276,0.3,82.8,False,none,winter_peak
2022-07-24,Amoxicillin_250mg,Antibiotic,255,0.3,76.5,False,none,winter_peak
2022-07-25,Amoxicillin_250mg,Antibiotic,363,0.3,108.9,False,none,winter_peak
2022-07-26,Amoxicillin_250mg,Antibiotic,332,0.3,99.6,False,none,winter_peak
2022-07-27,Amoxicillin_250mg,Antibiotic,316,0.3,94.8,False,none,winter_peak
2022-07-28,Amoxicillin_250mg,Antibiotic,351,0.3,105.3,False,none,winter_peak
2022-07-29,Amoxicillin_250mg,Antibiotic,313,0.3,93.9,False,none,winter_peak
2022-07-30,Amoxicillin_250mg,Antibiotic,270,0.3,81.0,False,none,winter_peak
2022-07-31,Amoxicillin_250mg,Antibiotic,269,0.3,80.7,False,none,winter_peak
2022-08-01,Amoxicillin_250mg,Antibiotic,380,0.3,114.0,False,none,winter_peak
2022-08-02,Amoxicillin_250mg,Antibiotic,363,0.3,108.9,False,none,winter_peak
2022-08-03,Amoxicillin_250mg,Antibiotic,349,0.3,104.7,False,none,winter_peak
2022-08-04,Amoxicillin_250mg,Antibiotic,372,0.3,111.6,False,none,winter_peak
2022-08-05,Amoxicillin_250mg,Antibiotic,388,0.3,116.4,False,none,winter_peak
2022-08-06,Amoxicillin_250mg,Antibiotic,292,0.3,87.6,False,none,winter_peak
2022-08-07,Amoxicillin_250mg,Antibiotic,280,0.3,84.0,False,none,winter_peak
2022-08-08,Amoxicillin_250mg,Antibiotic,313,0.3,93.9,False,none,winter_peak
2022-08-09,Amoxicillin_250mg,Antibiotic,320,0.3,96.0,False,none,winter_peak
2022-08-10,Amoxicillin_250mg,Antibiotic,341,0.3,102.3,False,none,winter_peak
2022-08-11,Amoxicillin_250mg,Antibiotic,333,0.3,99.9,False,none,winter_peak
2022-08-12,Amoxicillin_250mg,Antibiotic,345,0.3,103.5,False,none,winter_peak
2022-08-13,Amoxicillin_250mg,Antibiotic,281,0.3,84.3,False,none,winter_peak
2022-08-14,Amoxicillin_250mg,Antibiotic,292,0.3,87.6,False,none,winter_peak
2022-08-15,Amoxicillin_250mg,Antibiotic,348,0.3,104.4,False,none,winter_peak
2022-08-16,Amoxicillin_250mg,Antibiotic,364,0.3,109.2,False,none,winter_peak
2022-08-17,Amoxicillin_250mg,Antibiotic,352,0.3,105.6,False,none,winter_peak
2022-08-18,Amoxicillin_250mg,Antibiotic,295,0.3,88.5,False,none,winter_peak
2022-08-19,Amoxicillin_250mg,Antibiotic,324,0.3,97.2,False,none,winter_peak
2022-08-20,Amoxicillin_250mg,Antibiotic,276,0.3,82.8,False,none,winter_peak
2022-08-21,Amoxicillin_250mg,Antibiotic,252,0.3,75.6,False,none,winter_peak
2022-08-22,Amoxicillin_250mg,Antibiotic,367,0.3,110.1,False,none,winter_peak
2022-08-23,Amoxicillin_250mg,Antibiotic,393,0.3,117.9,False,none,winter_peak
2022-08-24,Amoxicillin_250mg,Antibiotic,385,0.3,115.5,False,none,winter_peak
2022-08-25,Amoxicillin_250mg,Antibiotic,344,0.3,103.2,False,none,winter_peak
2022-08-26,Amoxicillin_250mg,Antibiotic,392,0.3,117.6,False,none,winter_peak
2022-08-27,Amoxicillin_250mg,Antibiotic,284,0.3,85.2,False,none,winter_peak
2022-08-28,Amoxicillin_250mg,Antibiotic,272,0.3,81.6,False,none,winter_peak
2022-08-29,Amoxicillin_250mg,Antibiotic,333,0.3,99.9,False,none,winter_peak
2022-08-30,Amoxicillin_250mg,Antibiotic,342,0.3,102.6,False,none,winter_peak
2022-08-31,Amoxicillin_250mg,Antibiotic,340,0.3,102.0,False,none,winter_peak
2022-09-01,Amoxicillin_250mg,Antibiotic,398,0.3,119.4,False,none,winter_peak
2022-09-02,Amoxicillin_250mg,Antibiotic,397,0.3,119.1,False,none,winter_peak
2022-09-03,Amoxicillin_250mg,Antibiotic,313,0.3,93.9,False,none,winter_peak
2022-09-04,Amoxicillin_250mg,Antibiotic,324,0.3,97.2,False,none,winter_peak
2022-09-05,Amoxicillin_250mg,Antibiotic,430,0.3,129.0,False,none,winter_peak
2022-09-06,Amoxicillin_250mg,Antibiotic,422,0.3,126.6,False,none,winter_peak
2022-09-07,Amoxicillin_250mg,Antibiotic,346,0.3,103.8,False,none,winter_peak
2022-09-08,Amoxicillin_250mg,Antibiotic,312,0.3,93.6,False,none,winter_peak
2022-09-09,Amoxicillin_250mg,Antibiotic,422,0.3,126.6,False,none,winter_peak
2022-09-10,Amoxicillin_250mg,Antibiotic,280,0.3,84.0,False,none,winter_peak
2022-09-11,Amoxicillin_250mg,Antibiotic,308,0.3,92.4,False,none,winter_peak
2022-09-12,Amoxicillin_250mg,Antibiotic,356,0.3,106.8,False,none,winter_peak
2022-09-13,Amoxicillin_250mg,Antibiotic,336,0.3,100.8,False,none,winter_peak
2022-09-14,Amoxicillin_250mg,Antibiotic,410,0.3,123.0,False,none,winter_peak
2022-09-15,Amoxicillin_250mg,Antibiotic,417,0.3,125.1,False,none,winter_peak
2022-09-16,Amoxicillin_250mg,Antibiotic,375,0.3,112.5,False,none,winter_peak
2022-09-17,Amoxicillin_250mg,Antibiotic,248,0.3,74.4,False,none,winter_peak
2022-09-18,Amoxicillin_250mg,Antibiotic,300,0.3,90.0,False,none,winter_peak
2022-09-19,Amoxicillin_250mg,Antibiotic,405,0.3,121.5,False,none,winter_peak
2022-09-20,Amoxicillin_250mg,Antibiotic,347,0.3,104.1,False,none,winter_peak
2022-09-21,Amoxicillin_250mg,Antibiotic,399,0.3,119.7,False,none,winter_peak
2022-09-22,Amoxicillin_250mg,Antibiotic,393,0.3,117.9,False,none,winter_peak
2022-09-23,Amoxicillin_250mg,Antibiotic,412,0.3,123.6,False,none,winter_peak
2022-09-24,Amoxicillin_250mg,Antibiotic,317,0.3,95.1,False,none,winter_peak
2022-09-25,Amoxicillin_250mg,Antibiotic,290,0.3,87.0,False,none,winter_peak
2022-09-26,Amoxicillin_250mg,Antibiotic,431,0.3,129.3,False,none,winter_peak
2022-09-27,Amoxicillin_250mg,Antibiotic,389,0.3,116.7,False,none,winter_peak
2022-09-28,Amoxicillin_250mg,Antibiotic,393,0.3,117.9,False,none,winter_peak
2022-09-29,Amoxicillin_250mg,Antibiotic,364,0.3,109.2,False,none,winter_peak
2022-09-30,Amoxicillin_250mg,Antibiotic,380,0.3,114.0,False,none,winter_peak
2022-10-01,Amoxicillin_250mg,Antibiotic,323,0.3,96.9,False,none,winter_peak
2022-10-02,Amoxicillin_250mg,Antibiotic,343,0.3,102.9,False,none,winter_peak
2022-10-03,Amoxicillin_250mg,Antibiotic,495,0.3,148.5,False,none,winter_peak
2022-10-04,Amoxicillin_250mg,Antibiotic,388,0.3,116.4,False,none,winter_peak
2022-10-05,Amoxicillin_250mg,Antibiotic,379,0.3,113.7,False,none,winter_peak
2022-10-06,Amoxicillin_250mg,Antibiotic,487,0.3,146.1,False,none,winter_peak
2022-10-07,Amoxicillin_250mg,Antibiotic,428,0.3,128.4,False,none,winter_peak
2022-10-08,Amoxicillin_250mg,Antibiotic,329,0.3,98.7,False,none,winter_peak
2022-10-09,Amoxicillin_250mg,Antibiotic,377,0.3,113.1,False,none,winter_peak
2022-10-10,Amoxicillin_250mg,Antibiotic,415,0.3,124.5,False,none,winter_peak
2022-10-11,Amoxicillin_250mg,Antibiotic,500,0.3,150.0,False,none,winter_peak
2022-10-12,Amoxicillin_250mg,Antibiotic,460,0.3,138.0,False,none,winter_peak
2022-10-13,Amoxicillin_250mg,Antibiotic,419,0.3,125.7,False,none,winter_peak
2022-10-14,Amoxicillin_250mg,Antibiotic,511,0.3,153.3,False,none,winter_peak
2022-10-15,Amoxicillin_250mg,Antibiotic,332,0.3,99.6,False,none,winter_peak
2022-10-16,Amoxicillin_250mg,Antibiotic,369,0.3,110.7,False,none,winter_peak
2022-10-17,Amoxicillin_250mg,Antibiotic,447,0.3,134.1,False,none,winter_peak
2022-10-18,Amoxicillin_250mg,Antibiotic,482,0.3,144.6,False,none,winter_peak
2022-10-19,Amoxicillin_250mg,Antibiotic,491,0.3,147.3,False,none,winter_peak
2022-10-20,Amoxicillin_250mg,Antibiotic,437,0.3,131.1,False,none,winter_peak
2022-10-21,Amoxicillin_250mg,Antibiotic,410,0.3,123.0,False,none,winter_peak
2022-10-22,Amoxicillin_250mg,Antibiotic,361,0.3,108.3,False,none,winter_peak
2022-10-23,Amoxicillin_250mg,Antibiotic,330,0.3,99.0,False,none,winter_peak
2022-10-24,Amoxicillin_250mg,Antibiotic,507,0.3,152.1,False,none,winter_peak
2022-10-25,Amoxicillin_250mg,Antibiotic,441,0.3,132.3,False,none,winter_peak
2022-10-26,Amoxicillin_250mg,Antibiotic,424,0.3,127.2,False,none,winter_peak
2022-10-27,Amoxicillin_250mg,Antibiotic,443,0.3,132.9,False,none,winter_peak
2022-10-28,Amoxicillin_250mg,Antibiotic,390,0.3,117.0,False,none,winter_peak
2022-10-29,Amoxicillin_250mg,Antibiotic,322,0.3,96.6,False,none,winter_peak
2022-10-30,Amoxicillin_250mg,Antibiotic,383,0.3,114.9,False,none,winter_peak
2022-10-31,Amoxicillin_250mg,Antibiotic,414,0.3,124.2,False,none,winter_peak
2022-11-01,Amoxicillin_250mg,Antibiotic,477,0.3,143.1,False,none,winter_peak
2022-11-02,Amoxicillin_250mg,Antibiotic,543,0.3,162.9,False,none,winter_peak
2022-11-03,Amoxicillin_250mg,Antibiotic,570,0.3,171.0,False,none,winter_peak
2022-11-04,Amoxicillin_250mg,Antibiotic,550,0.3,165.0,False,none,winter_peak
2022-11-05,Amoxicillin_250mg,Antibiotic,449,0.3,134.7,False,none,winter_peak
2022-11-06,Amoxicillin_250mg,Antibiotic,391,0.3,117.3,False,none,winter_peak
2022-11-07,Amoxicillin_250mg,Antibiotic,461,0.3,138.3,False,none,winter_peak
2022-11-08,Amoxicillin_250mg,Antibiotic,583,0.3,174.9,False,none,winter_peak
2022-11-09,Amoxicillin_250mg,Antibiotic,507,0.3,152.1,False,none,winter_peak
2022-11-10,Amoxicillin_250mg,Antibiotic,510,0.3,153.0,False,none,winter_peak
2022-11-11,Amoxicillin_250mg,Antibiotic,576,0.3,172.8,False,none,winter_peak
2022-11-12,Amoxicillin_250mg,Antibiotic,435,0.3,130.5,False,none,winter_peak
2022-11-13,Amoxicillin_250mg,Antibiotic,432,0.3,129.6,False,none,winter_peak
2022-11-14,Amoxicillin_250mg,Antibiotic,612,0.3,183.6,False,none,winter_peak
2022-11-15,Amoxicillin_250mg,Antibiotic,494,0.3,148.2,False,none,winter_peak
2022-11-16,Amoxicillin_250mg,Antibiotic,560,0.3,168.0,False,none,winter_peak
2022-11-17,Amoxicillin_250mg,Antibiotic,524,0.3,157.2,False,none,winter_peak
2022-11-18,Amoxicillin_250mg,Antibiotic,533,0.3,159.9,False,none,winter_peak
2022-11-19,Amoxicillin_250mg,Antibiotic,468,0.3,140.4,False,none,winter_peak
2022-11-20,Amoxicillin_250mg,Antibiotic,434,0.3,130.2,False,none,winter_peak
2022-11-21,Amoxicillin_250mg,Antibiotic,544,0.3,163.2,False,none,winter_peak
2022-11-22,Amoxicillin_250mg,Antibiotic,567,0.3,170.1,False,none,winter_peak
2022-11-23,Amoxicillin_250mg,Antibiotic,507,0.3,152.1,False,none,winter_peak
2022-11-24,Amoxicillin_250mg,Antibiotic,487,0.3,146.1,False,none,winter_peak
2022-11-25,Amoxicillin_250mg,Antibiotic,478,0.3,143.4,False,none,winter_peak
2022-11-26,Amoxicillin_250mg,Antibiotic,352,0.3,105.6,False,none,winter_peak
2022-11-27,Amoxicillin_250mg,Antibiotic,486,0.3,145.8,False,none,winter_peak
2022-11-28,Amoxicillin_250mg,Antibiotic,476,0.3,142.8,False,none,winter_peak
2022-11-29,Amoxicillin_250mg,Antibiotic,513,0.3,153.9,False,none,winter_peak
2022-11-30,Amoxicillin_250mg,Antibiotic,511,0.3,153.3,False,none,winter_peak
2022-12-01,Amoxicillin_250mg,Antibiotic,621,0.3,186.3,False,none,winter_peak
2022-12-02,Amoxicillin_250mg,Antibiotic,646,0.3,193.8,False,none,winter_peak
2022-12-03,Amoxicillin_250mg,Antibiotic,518,0.3,155.4,False,none,winter_peak
2022-12-04,Amoxicillin_250mg,Antibiotic,462,0.3,138.6,False,none,winter_peak
2022-12-05,Amoxicillin_250mg,Antibiotic,598,0.3,179.4,False,none,winter_peak
2022-12-06,Amoxicillin_250mg,Antibiotic,620,0.3,186.0,False,none,winter_peak
2022-12-07,Amoxicillin_250mg,Antibiotic,594,0.3,178.2,False,none,winter_peak
2022-12-08,Amoxicillin_250mg,Antibiotic,685,0.3,205.5,False,none,winter_peak
2022-12-09,Amoxicillin_250mg,Antibiotic,631,0.3,189.3,False,none,winter_peak
2022-12-10,Amoxicillin_250mg,Antibiotic,513,0.3,153.9,False,none,winter_peak
2022-12-11,Amoxicillin_250mg,Antibiotic,511,0.3,153.3,False,none,winter_peak
2022-12-12,Amoxicillin_250mg,Antibiotic,664,0.3,199.2,False,none,winter_peak
2022-12-13,Amoxicillin_250mg,Antibiotic,616,0.3,184.8,False,none,winter_peak
2022-12-14,Amoxicillin_250mg,Antibiotic,544,0.3,163.2,False,none,winter_peak
2022-12-15,Amoxicillin_250mg,Antibiotic,627,0.3,188.1,False,none,winter_peak
2022-12-16,Amoxicillin_250mg,Antibiotic,576,0.3,172.8,False,none,winter_peak
2022-12-17,Amoxicillin_250mg,Antibiotic,465,0.3,139.5,False,none,winter_peak
2022-12-18,Amoxicillin_250mg,Antibiotic,508,0.3,152.4,False,none,winter_peak
2022-12-19,Amoxicillin_250mg,Antibiotic,668,0.3,200.4,False,none,winter_peak
2022-12-20,Amoxicillin_250mg,Antibiotic,609,0.3,182.7,False,none,winter_peak
2022-12-21,Amoxicillin_250mg,Antibiotic,623,0.3,186.9,False,none,winter_peak
2022-12-22,Amoxicillin_250mg,Antibiotic,691,0.3,207.3,False,none,winter_peak
2022-12-23,Amoxicillin_250mg,Antibiotic,620,0.3,186.0,False,none,winter_peak
2022-12-24,Amoxicillin_250mg,Antibiotic,587,0.3,176.1,False,none,winter_peak
2022-12-25,Amoxicillin_250mg,Antibiotic,508,0.3,152.4,False,none,winter_peak
2022-12-26,Amoxicillin_250mg,Antibiotic,522,0.3,156.6,False,none,winter_peak
2022-12-27,Amoxicillin_250mg,Antibiotic,645,0.3,193.5,False,none,winter_peak
2022-12-28,Amoxicillin_250mg,Antibiotic,627,0.3,188.1,False,none,winter_peak
2022-12-29,Amoxicillin_250mg,Antibiotic,671,0.3,201.3,False,none,winter_peak
2022-12-30,Amoxicillin_250mg,Antibiotic,641,0.3,192.3,False,none,winter_peak
2022-12-31,Amoxicillin_250mg,Antibiotic,481,0.3,144.3,False,none,winter_peak
2023-01-01,Amoxicillin_250mg,Antibiotic,424,0.3,127.2,False,none,winter_peak
2023-01-02,Amoxicillin_250mg,Antibiotic,578,0.3,173.4,False,none,winter_peak
2023-01-03,Amoxicillin_250mg,Antibiotic,548,0.3,164.4,False,none,winter_peak
2023-01-04,Amoxicillin_250mg,Antibiotic,560,0.3,168.0,False,none,winter_peak
2023-01-05,Amoxicillin_250mg,Antibiotic,616,0.3,184.8,False,none,winter_peak
2023-01-06,Amoxicillin_250mg,Antibiotic,666,0.3,199.8,False,none,winter_peak
2023-01-07,Amoxicillin_250mg,Antibiotic,485,0.3,145.5,False,none,winter_peak
2023-01-08,Amoxicillin_250mg,Antibiotic,425,0.3,127.5,False,none,winter_peak
2023-01-09,Amoxicillin_250mg,Antibiotic,609,0.3,182.7,False,none,winter_peak
2023-01-10,Amoxicillin_250mg,Antibiotic,645,0.3,193.5,False,none,winter_peak
2023-01-11,Amoxicillin_250mg,Antibiotic,560,0.3,168.0,False,none,winter_peak
2023-01-12,Amoxicillin_250mg,Antibiotic,582,0.3,174.6,False,none,winter_peak
2023-01-13,Amoxicillin_250mg,Antibiotic,589,0.3,176.7,False,none,winter_peak
2023-01-14,Amoxicillin_250mg,Antibiotic,441,0.3,132.3,False,none,winter_peak
2023-01-15,Amoxicillin_250mg,Antibiotic,495,0.3,148.5,False,none,winter_peak
2023-01-16,Amoxicillin_250mg,Antibiotic,583,0.3,174.9,False,none,winter_peak
2023-01-17,Amoxicillin_250mg,Antibiotic,609,0.3,182.7,False,none,winter_peak
2023-01-18,Amoxicillin_250mg,Antibiotic,547,0.3,164.1,False,none,winter_peak
2023-01-19,Amoxicillin_250mg,Antibiotic,568,0.3,170.4,False,none,winter_peak
2023-01-20,Amoxicillin_250mg,Antibiotic,623,0.3,186.9,False,none,winter_peak
2023-01-21,Amoxicillin_250mg,Antibiotic,456,0.3,136.8,False,none,winter_peak
2023-01-22,Amoxicillin_250mg,Antibiotic,536,0.3,160.8,False,none,winter_peak
2023-01-23,Amoxicillin_250mg,Antibiotic,570,0.3,171.0,False,none,winter_peak
2023-01-24,Amoxicillin_250mg,Antibiotic,600,0.3,180.0,False,none,winter_peak
2023-01-25,Amoxicillin_250mg,Antibiotic,633,0.3,189.9,False,none,winter_peak
2023-01-26,Amoxicillin_250mg,Antibiotic,522,0.3,156.6,False,none,winter_peak
2023-01-27,Amoxicillin_250mg,Antibiotic,506,0.3,151.8,False,none,winter_peak
2023-01-28,Amoxicillin_250mg,Antibiotic,414,0.3,124.2,False,none,winter_peak
2023-01-29,Amoxicillin_250mg,Antibiotic,519,0.3,155.7,False,none,winter_peak
2023-01-30,Amoxicillin_250mg,Antibiotic,564,0.3,169.2,False,none,winter_peak
2023-01-31,Amoxicillin_250mg,Antibiotic,711,0.3,213.3,False,none,winter_peak
2023-02-01,Amoxicillin_250mg,Antibiotic,543,0.3,162.9,False,none,winter_peak
2023-02-02,Amoxicillin_250mg,Antibiotic,577,0.3,173.1,False,none,winter_peak
2023-02-03,Amoxicillin_250mg,Antibiotic,639,0.3,191.7,False,none,winter_peak
2023-02-04,Amoxicillin_250mg,Antibiotic,528,0.3,158.4,False,none,winter_peak
2023-02-05,Amoxicillin_250mg,Antibiotic,530,0.3,159.0,False,none,winter_peak
2023-02-06,Amoxicillin_250mg,Antibiotic,624,0.3,187.2,False,none,winter_peak
2023-02-07,Amoxicillin_250mg,Antibiotic,616,0.3,184.8,False,none,winter_peak
2023-02-08,Amoxicillin_250mg,Antibiotic,596,0.3,178.8,False,none,winter_peak
2023-02-09,Amoxicillin_250mg,Antibiotic,605,0.3,181.5,False,none,winter_peak
2023-02-10,Amoxicillin_250mg,Antibiotic,544,0.3,163.2,False,none,winter_peak
2023-02-11,Amoxicillin_250mg,Antibiotic,425,0.3,127.5,False,none,winter_peak
2023-02-12,Amoxicillin_250mg,Antibiotic,455,0.3,136.5,False,none,winter_peak
2023-02-13,Amoxicillin_250mg,Antibiotic,562,0.3,168.6,False,none,winter_peak
2023-02-14,Amoxicillin_250mg,Antibiotic,549,0.3,164.7,False,none,winter_peak
2023-02-15,Amoxicillin_250mg,Antibiotic,602,0.3,180.6,False,none,winter_peak
2023-02-16,Amoxicillin_250mg,Antibiotic,613,0.3,183.9,False,none,winter_peak
2023-02-17,Amoxicillin_250mg,Antibiotic,574,0.3,172.2,False,none,winter_peak
2023-02-18,Amoxicillin_250mg,Antibiotic,509,0.3,152.7,False,none,winter_peak
2023-02-19,Amoxicillin_250mg,Antibiotic,414,0.3,124.2,False,none,winter_peak
2023-02-20,Amoxicillin_250mg,Antibiotic,561,0.3,168.3,False,none,winter_peak
2023-02-21,Amoxicillin_250mg,Antibiotic,538,0.3,161.4,False,none,winter_peak
2023-02-22,Amoxicillin_250mg,Antibiotic,485,0.3,145.5,False,none,winter_peak
2023-02-23,Amoxicillin_250mg,Antibiotic,567,0.3,170.1,False,none,winter_peak
2023-02-24,Amoxicillin_250mg,Antibiotic,565,0.3,169.5,False,none,winter_peak
2023-02-25,Amoxicillin_250mg,Antibiotic,512,0.3,153.6,False,none,winter_peak
2023-02-26,Amoxicillin_250mg,Antibiotic,479,0.3,143.7,False,none,winter_peak
2023-02-27,Amoxicillin_250mg,Antibiotic,524,0.3,157.2,False,none,winter_peak
2023-02-28,Amoxicillin_250mg,Antibiotic,656,0.3,196.8,False,none,winter_peak
2023-03-01,Amoxicillin_250mg,Antibiotic,511,0.3,153.3,False,none,winter_peak
2023-03-02,Amoxicillin_250mg,Antibiotic,487,0.3,146.1,False,none,winter_peak
2023-03-03,Amoxicillin_250mg,Antibiotic,457,0.3,137.1,False,none,winter_peak
2023-03-04,Amoxicillin_250mg,Antibiotic,343,0.3,102.9,False,none,winter_peak
2023-03-05,Amoxicillin_250mg,Antibiotic,360,0.3,108.0,False,none,winter_peak
2023-03-06,Amoxicillin_250mg,Antibiotic,506,0.3,151.8,False,none,winter_peak
2023-03-07,Amoxicillin_250mg,Antibiotic,536,0.3,160.8,False,none,winter_peak
2023-03-08,Amoxicillin_250mg,Antibiotic,523,0.3,156.9,False,none,winter_peak
2023-03-09,Amoxicillin_250mg,Antibiotic,447,0.3,134.1,False,none,winter_peak
2023-03-10,Amoxicillin_250mg,Antibiotic,424,0.3,127.2,False,none,winter_peak
2023-03-11,Amoxicillin_250mg,Antibiotic,376,0.3,112.8,False,none,winter_peak
2023-03-12,Amoxicillin_250mg,Antibiotic,320,0.3,96.0,False,none,winter_peak
2023-03-13,Amoxicillin_250mg,Antibiotic,478,0.3,143.4,False,none,winter_peak
2023-03-14,Amoxicillin_250mg,Antibiotic,460,0.3,138.0,False,none,winter_peak
2023-03-15,Amoxicillin_250mg,Antibiotic,449,0.3,134.7,False,none,winter_peak
2023-03-16,Amoxicillin_250mg,Antibiotic,406,0.3,121.8,False,none,winter_peak
2023-03-17,Amoxicillin_250mg,Antibiotic,485,0.3,145.5,False,none,winter_peak
2023-03-18,Amoxicillin_250mg,Antibiotic,356,0.3,106.8,False,none,winter_peak
2023-03-19,Amoxicillin_250mg,Antibiotic,337,0.3,101.1,False,none,winter_peak
2023-03-20,Amoxicillin_250mg,Antibiotic,359,0.3,107.7,False,none,winter_peak
2023-03-21,Amoxicillin_250mg,Antibiotic,465,0.3,139.5,False,none,winter_peak
2023-03-22,Amoxicillin_250mg,Antibiotic,533,0.3,159.9,False,none,winter_peak
2023-03-23,Amoxicillin_250mg,Antibiotic,528,0.3,158.4,False,none,winter_peak
2023-03-24,Amoxicillin_250mg,Antibiotic,449,0.3,134.7,False,none,winter_peak
2023-03-25,Amoxicillin_250mg,Antibiotic,355,0.3,106.5,False,none,winter_peak
2023-03-26,Amoxicillin_250mg,Antibiotic,387,0.3,116.1,False,none,winter_peak
2023-03-27,Amoxicillin_250mg,Antibiotic,429,0.3,128.7,False,none,winter_peak
2023-03-28,Amoxicillin_250mg,Antibiotic,478,0.3,143.4,False,none,winter_peak
2023-03-29,Amoxicillin_250mg,Antibiotic,495,0.3,148.5,False,none,winter_peak
2023-03-30,Amoxicillin_250mg,Antibiotic,513,0.3,153.9,False,none,winter_peak
2023-03-31,Amoxicillin_250mg,Antibiotic,463,0.3,138.9,False,none,winter_peak
2023-04-01,Amoxicillin_250mg,Antibiotic,300,0.3,90.0,False,none,winter_peak
2023-04-02,Amoxicillin_250mg,Antibiotic,284,0.3,85.2,False,none,winter_peak
2023-04-03,Amoxicillin_250mg,Antibiotic,357,0.3,107.1,False,none,winter_peak
2023-04-04,Amoxicillin_250mg,Antibiotic,375,0.3,112.5,False,none,winter_peak
2023-04-05,Amoxicillin_250mg,Antibiotic,393,0.3,117.9,False,none,winter_peak
2023-04-06,Amoxicillin_250mg,Antibiotic,410,0.3,123.0,False,none,winter_peak
2023-04-07,Amoxicillin_250mg,Antibiotic,358,0.3,107.4,False,none,winter_peak
2023-04-08,Amoxicillin_250mg,Antibiotic,342,0.3,102.6,False,none,winter_peak
2023-04-09,Amoxicillin_250mg,Antibiotic,299,0.3,89.7,False,none,winter_peak
2023-04-10,Amoxicillin_250mg,Antibiotic,382,0.3,114.6,False,none,winter_peak
2023-04-11,Amoxicillin_250mg,Antibiotic,360,0.3,108.0,False,none,winter_peak
2023-04-12,Amoxicillin_250mg,Antibiotic,308,0.3,92.4,False,none,winter_peak
2023-04-13,Amoxicillin_250mg,Antibiotic,410,0.3,123.0,False,none,winter_peak
2023-04-14,Amoxicillin_250mg,Antibiotic,405,0.3,121.5,False,none,winter_peak
2023-04-15,Amoxicillin_250mg,Antibiotic,299,0.3,89.7,False,none,winter_peak
2023-04-16,Amoxicillin_250mg,Antibiotic,308,0.3,92.4,False,none,winter_peak
2023-04-17,Amoxicillin_250mg,Antibiotic,399,0.3,119.7,False,none,winter_peak
2023-04-18,Amoxicillin_250mg,Antibiotic,335,0.3,100.5,False,none,winter_peak
2023-04-19,Amoxicillin_250mg,Antibiotic,367,0.3,110.1,False,none,winter_peak
2023-04-20,Amoxicillin_250mg,Antibiotic,407,0.3,122.1,False,none,winter_peak
2023-04-21,Amoxicillin_250mg,Antibiotic,344,0.3,103.2,False,none,winter_peak
2023-04-22,Amoxicillin_250mg,Antibiotic,313,0.3,93.9,False,none,winter_peak
2023-04-23,Amoxicillin_250mg,Antibiotic,272,0.3,81.6,False,none,winter_peak
2023-04-24,Amoxicillin_250mg,Antibiotic,397,0.3,119.1,False,none,winter_peak
2023-04-25,Amoxicillin_250mg,Antibiotic,382,0.3,114.6,False,none,winter_peak
2023-04-26,Amoxicillin_250mg,Antibiotic,334,0.3,100.2,False,none,winter_peak
2023-04-27,Amoxicillin_250mg,Antibiotic,419,0.3,125.7,False,none,winter_peak
2023-04-28,Amoxicillin_250mg,Antibiotic,361,0.3,108.3,False,none,winter_peak
2023-04-29,Amoxicillin_250mg,Antibiotic,286,0.3,85.8,False,none,winter_peak
2023-04-30,Amoxicillin_250mg,Antibiotic,312,0.3,93.6,False,none,winter_peak
2023-05-01,Amoxicillin_250mg,Antibiotic,395,0.3,118.5,False,none,winter_peak
2023-05-02,Amoxicillin_250mg,Antibiotic,333,0.3,99.9,False,none,winter_peak
2023-05-03,Amoxicillin_250mg,Antibiotic,364,0.3,109.2,False,none,winter_peak
2023-05-04,Amoxicillin_250mg,Antibiotic,375,0.3,112.5,False,none,winter_peak
2023-05-05,Amoxicillin_250mg,Antibiotic,382,0.3,114.6,False,none,winter_peak
2023-05-06,Amoxicillin_250mg,Antibiotic,293,0.3,87.9,False,none,winter_peak
2023-05-07,Amoxicillin_250mg,Antibiotic,281,0.3,84.3,False,none,winter_peak
2023-05-08,Amoxicillin_250mg,Antibiotic,338,0.3,101.4,False,none,winter_peak
2023-05-09,Amoxicillin_250mg,Antibiotic,365,0.3,109.5,False,none,winter_peak
2023-05-10,Amoxicillin_250mg,Antibiotic,331,0.3,99.3,False,none,winter_peak
2023-05-11,Amoxicillin_250mg,Antibiotic,278,0.3,83.4,False,none,winter_peak
2023-05-12,Amoxicillin_250mg,Antibiotic,375,0.3,112.5,False,none,winter_peak
2023-05-13,Amoxicillin_250mg,Antibiotic,311,0.3,93.3,False,none,winter_peak
2023-05-14,Amoxicillin_250mg,Antibiotic,235,0.3,70.5,False,none,winter_peak
2023-05-15,Amoxicillin_250mg,Antibiotic,333,0.3,99.9,False,none,winter_peak
2023-05-16,Amoxicillin_250mg,Antibiotic,381,0.3,114.3,False,none,winter_peak
2023-05-17,Amoxicillin_250mg,Antibiotic,423,0.3,126.9,False,none,winter_peak
2023-05-18,Amoxicillin_250mg,Antibiotic,363,0.3,108.9,False,none,winter_peak
2023-05-19,Amoxicillin_250mg,Antibiotic,342,0.3,102.6,False,none,winter_peak
2023-05-20,Amoxicillin_250mg,Antibiotic,286,0.3,85.8,False,none,winter_peak
2023-05-21,Amoxicillin_250mg,Antibiotic,322,0.3,96.6,False,none,winter_peak
2023-05-22,Amoxicillin_250mg,Antibiotic,344,0.3,103.2,False,none,winter_peak
2023-05-23,Amoxicillin_250mg,Antibiotic,340,0.3,102.0,False,none,winter_peak
2023-05-24,Amoxicillin_250mg,Antibiotic,349,0.3,104.7,False,none,winter_peak
2023-05-25,Amoxicillin_250mg,Antibiotic,335,0.3,100.5,False,none,winter_peak
2023-05-26,Amoxicillin_250mg,Antibiotic,367,0.3,110.1,False,none,winter_peak
2023-05-27,Amoxicillin_250mg,Antibiotic,328,0.3,98.4,False,none,winter_peak
2023-05-28,Amoxicillin_250mg,Antibiotic,298,0.3,89.4,False,none,winter_peak
2023-05-29,Amoxicillin_250mg,Antibiotic,356,0.3,106.8,False,none,winter_peak
2023-05-30,Amoxicillin_250mg,Antibiotic,355,0.3,106.5,False,none,winter_peak
2023-05-31,Amoxicillin_250mg,Antibiotic,318,0.3,95.4,False,none,winter_peak
2023-06-01,Amoxicillin_250mg,Antibiotic,366,0.3,109.8,False,none,winter_peak
2023-06-02,Amoxicillin_250mg,Antibiotic,340,0.3,102.0,False,none,winter_peak
2023-06-03,Amoxicillin_250mg,Antibiotic,269,0.3,80.7,False,none,winter_peak
2023-06-04,Amoxicillin_250mg,Antibiotic,344,0.3,103.2,False,none,winter_peak
2023-06-05,Amoxicillin_250mg,Antibiotic,350,0.3,105.0,False,none,winter_peak
2023-06-06,Amoxicillin_250mg,Antibiotic,322,0.3,96.6,False,none,winter_peak
2023-06-07,Amoxicillin_250mg,Antibiotic,331,0.3,99.3,False,none,winter_peak
2023-06-08,Amoxicillin_250mg,Antibiotic,374,0.3,112.2,False,none,winter_peak
2023-06-09,Amoxicillin_250mg,Antibiotic,346,0.3,103.8,False,none,winter_peak
2023-06-10,Amoxicillin_250mg,Antibiotic,242,0.3,72.6,False,none,winter_peak
2023-06-11,Amoxicillin_250mg,Antibiotic,294,0.3,88.2,False,none,winter_peak
2023-06-12,Amoxicillin_250mg,Antibiotic,324,0.3,97.2,False,none,winter_peak
2023-06-13,Amoxicillin_250mg,Antibiotic,394,0.3,118.2,False,none,winter_peak
2023-06-14,Amoxicillin_250mg,Antibiotic,372,0.3,111.6,False,none,winter_peak
2023-06-15,Amoxicillin_250mg,Antibiotic,330,0.3,99.0,False,none,winter_peak
2023-06-16,Amoxicillin_250mg,Antibiotic,378,0.3,113.4,False,none,winter_peak
2023-06-17,Amoxicillin_250mg,Antibiotic,276,0.3,82.8,False,none,winter_peak
2023-06-18,Amoxicillin_250mg,Antibiotic,292,0.3,87.6,False,none,winter_peak
2023-06-19,Amoxicillin_250mg,Antibiotic,356,0.3,106.8,False,none,winter_peak
2023-06-20,Amoxicillin_250mg,Antibiotic,320,0.3,96.0,False,none,winter_peak
2023-06-21,Amoxicillin_250mg,Antibiotic,325,0.3,97.5,False,none,winter_peak
2023-06-22,Amoxicillin_250mg,Antibiotic,371,0.3,111.3,False,none,winter_peak
2023-06-23,Amoxicillin_250mg,Antibiotic,334,0.3,100.2,False,none,winter_peak
2023-06-24,Amoxicillin_250mg,Antibiotic,265,0.3,79.5,False,none,winter_peak
2023-06-25,Amoxicillin_250mg,Antibiotic,253,0.3,75.9,False,none,winter_peak
2023-06-26,Amoxicillin_250mg,Antibiotic,355,0.3,106.5,False,none,winter_peak
2023-06-27,Amoxicillin_250mg,Antibiotic,400,0.3,120.0,False,none,winter_peak
2023-06-28,Amoxicillin_250mg,Antibiotic,314,0.3,94.2,False,none,winter_peak
2023-06-29,Amoxicillin_250mg,Antibiotic,344,0.3,103.2,False,none,winter_peak
2023-06-30,Amoxicillin_250mg,Antibiotic,382,0.3,114.6,False,none,winter_peak
2023-07-01,Amoxicillin_250mg,Antibiotic,280,0.3,84.0,False,none,winter_peak
2023-07-02,Amoxicillin_250mg,Antibiotic,292,0.3,87.6,False,none,winter_peak
2023-07-03,Amoxicillin_250mg,Antibiotic,322,0.3,96.6,False,none,winter_peak
2023-07-04,Amoxicillin_250mg,Antibiotic,364,0.3,109.2,False,none,winter_peak
2023-07-05,Amoxicillin_250mg,Antibiotic,347,0.3,104.1,False,none,winter_peak
2023-07-06,Amoxicillin_250mg,Antibiotic,380,0.3,114.0,False,none,winter_peak
2023-07-07,Amoxicillin_250mg,Antibiotic,386,0.3,115.8,False,none,winter_peak
2023-07-08,Amoxicillin_250mg,Antibiotic,340,0.3,102.0,False,none,winter_peak
2023-07-09,Amoxicillin_250mg,Antibiotic,295,0.3,88.5,False,none,winter_peak
2023-07-10,Amoxicillin_250mg,Antibiotic,362,0.3,108.6,False,none,winter_peak
2023-07-11,Amoxicillin_250mg,Antibiotic,358,0.3,107.4,False,none,winter_peak
2023-07-12,Amoxicillin_250mg,Antibiotic,343,0.3,102.9,False,none,winter_peak
2023-07-13,Amoxicillin_250mg,Antibiotic,362,0.3,108.6,False,none,winter_peak
2023-07-14,Amoxicillin_250mg,Antibiotic,344,0.3,103.2,False,none,winter_peak
2023-07-15,Amoxicillin_250mg,Antibiotic,285,0.3,85.5,False,none,winter_peak
2023-07-16,Amoxicillin_250mg,Antibiotic,312,0.3,93.6,False,none,winter_peak
2023-07-17,Amoxicillin_250mg,Antibiotic,324,0.3,97.2,False,none,winter_peak
2023-07-18,Amoxicillin_250mg,Antibiotic,385,0.3,115.5,False,none,winter_peak
2023-07-19,Amoxicillin_250mg,Antibiotic,390,0.3,117.0,False,none,winter_peak
2023-07-20,Amoxicillin_250mg,Antibiotic,350,0.3,105.0,False,none,winter_peak
2023-07-21,Amoxicillin_250mg,Antibiotic,293,0.3,87.9,False,none,winter_peak
2023-07-22,Amoxicillin_250mg,Antibiotic,268,0.3,80.4,False,none,winter_peak
2023-07-23,Amoxicillin_250mg,Antibiotic,312,0.3,93.6,False,none,winter_peak
2023-07-24,Amoxicillin_250mg,Antibiotic,352,0.3,105.6,False,none,winter_peak
2023-07-25,Amoxicillin_250mg,Antibiotic,325,0.3,97.5,False,none,winter_peak
2023-07-26,Amoxicillin_250mg,Antibiotic,339,0.3,101.7,False,none,winter_peak
2023-07-27,Amoxicillin_250mg,Antibiotic,377,0.3,113.1,False,none,winter_peak
2023-07-28,Amoxicillin_250mg,Antibiotic,369,0.3,110.7,False,none,winter_peak
2023-07-29,Amoxicillin_250mg,Antibiotic,277,0.3,83.1,False,none,winter_peak
2023-07-30,Amoxicillin_250mg,Antibiotic,274,0.3,82.2,False,none,winter_peak
2023-07-31,Amoxicillin_250mg,Antibiotic,342,0.3,102.6,False,none,winter_peak
2023-08-01,Amoxicillin_250mg,Antibiotic,237,0.3,71.1,False,supply_shortage,winter_peak
2023-08-02,Amoxicillin_250mg,Antibiotic,290,0.3,87.0,False,supply_shortage,winter_peak
2023-08-03,Amoxicillin_250mg,Antibiotic,250,0.3,75.0,False,supply_shortage,winter_peak
2023-08-04,Amoxicillin_250mg,Antibiotic,281,0.3,84.3,False,supply_shortage,winter_peak
2023-08-05,Amoxicillin_250mg,Antibiotic,230,0.3,69.0,False,supply_shortage,winter_peak
2023-08-06,Amoxicillin_250mg,Antibiotic,221,0.3,66.3,False,supply_shortage,winter_peak
2023-08-07,Amoxicillin_250mg,Antibiotic,248,0.3,74.4,False,supply_shortage,winter_peak
2023-08-08,Amoxicillin_250mg,Antibiotic,265,0.3,79.5,False,supply_shortage,winter_peak
2023-08-09,Amoxicillin_250mg,Antibiotic,256,0.3,76.8,False,supply_shortage,winter_peak
2023-08-10,Amoxicillin_250mg,Antibiotic,238,0.3,71.4,False,supply_shortage,winter_peak
2023-08-11,Amoxicillin_250mg,Antibiotic,263,0.3,78.9,False,supply_shortage,winter_peak
2023-08-12,Amoxicillin_250mg,Antibiotic,185,0.3,55.5,False,supply_shortage,winter_peak
2023-08-13,Amoxicillin_250mg,Antibiotic,224,0.3,67.2,False,supply_shortage,winter_peak
2023-08-14,Amoxicillin_250mg,Antibiotic,247,0.3,74.1,False,supply_shortage,winter_peak
2023-08-15,Amoxicillin_250mg,Antibiotic,261,0.3,78.3,False,supply_shortage,winter_peak
2023-08-16,Amoxicillin_250mg,Antibiotic,263,0.3,78.9,False,supply_shortage,winter_peak
2023-08-17,Amoxicillin_250mg,Antibiotic,252,0.3,75.6,False,supply_shortage,winter_peak
2023-08-18,Amoxicillin_250mg,Antibiotic,269,0.3,80.7,False,supply_shortage,winter_peak
2023-08-19,Amoxicillin_250mg,Antibiotic,197,0.3,59.1,False,supply_shortage,winter_peak
2023-08-20,Amoxicillin_250mg,Antibiotic,220,0.3,66.0,False,supply_shortage,winter_peak
2023-08-21,Amoxicillin_250mg,Antibiotic,229,0.3,68.7,False,supply_shortage,winter_peak
2023-08-22,Amoxicillin_250mg,Antibiotic,260,0.3,78.0,False,supply_shortage,winter_peak
2023-08-23,Amoxicillin_250mg,Antibiotic,297,0.3,89.1,False,supply_shortage,winter_peak
2023-08-24,Amoxicillin_250mg,Antibiotic,236,0.3,70.8,False,supply_shortage,winter_peak
2023-08-25,Amoxicillin_250mg,Antibiotic,243,0.3,72.9,False,supply_shortage,winter_peak
2023-08-26,Amoxicillin_250mg,Antibiotic,214,0.3,64.2,False,supply_shortage,winter_peak
2023-08-27,Amoxicillin_250mg,Antibiotic,208,0.3,62.4,False,supply_shortage,winter_peak
2023-08-28,Amoxicillin_250mg,Antibiotic,264,0.3,79.2,False,supply_shortage,winter_peak
2023-08-29,Amoxicillin_250mg,Antibiotic,267,0.3,80.1,False,supply_shortage,winter_peak
2023-08-30,Amoxicillin_250mg,Antibiotic,270,0.3,81.0,False,supply_shortage,winter_peak
2023-08-31,Amoxicillin_250mg,Antibiotic,280,0.3,84.0,False,supply_shortage,winter_peak
2023-09-01,Amoxicillin_250mg,Antibiotic,297,0.3,89.1,False,supply_shortage,winter_peak
2023-09-02,Amoxicillin_250mg,Antibiotic,225,0.3,67.5,False,supply_shortage,winter_peak
2023-09-03,Amoxicillin_250mg,Antibiotic,242,0.3,72.6,False,supply_shortage,winter_peak
2023-09-04,Amoxicillin_250mg,Antibiotic,332,0.3,99.6,False,supply_shortage,winter_peak
2023-09-05,Amoxicillin_250mg,Antibiotic,285,0.3,85.5,False,supply_shortage,winter_peak
2023-09-06,Amoxicillin_250mg,Antibiotic,265,0.3,79.5,False,supply_shortage,winter_peak
2023-09-07,Amoxicillin_250mg,Antibiotic,313,0.3,93.9,False,supply_shortage,winter_peak
2023-09-08,Amoxicillin_250mg,Antibiotic,285,0.3,85.5,False,supply_shortage,winter_peak
2023-09-09,Amoxicillin_250mg,Antibiotic,190,0.3,57.0,False,supply_shortage,winter_peak
2023-09-10,Amoxicillin_250mg,Antibiotic,246,0.3,73.8,False,supply_shortage,winter_peak
2023-09-11,Amoxicillin_250mg,Antibiotic,276,0.3,82.8,False,supply_shortage,winter_peak
2023-09-12,Amoxicillin_250mg,Antibiotic,286,0.3,85.8,False,supply_shortage,winter_peak
2023-09-13,Amoxicillin_250mg,Antibiotic,296,0.3,88.8,False,supply_shortage,winter_peak
2023-09-14,Amoxicillin_250mg,Antibiotic,293,0.3,87.9,False,supply_shortage,winter_peak
2023-09-15,Amoxicillin_250mg,Antibiotic,305,0.3,91.5,False,supply_shortage,winter_peak
2023-09-16,Amoxicillin_250mg,Antibiotic,318,0.3,95.4,False,none,winter_peak
2023-09-17,Amoxicillin_250mg,Antibiotic,343,0.3,102.9,False,none,winter_peak
2023-09-18,Amoxicillin_250mg,Antibiotic,403,0.3,120.9,False,none,winter_peak
2023-09-19,Amoxicillin_250mg,Antibiotic,436,0.3,130.8,False,none,winter_peak
2023-09-20,Amoxicillin_250mg,Antibiotic,432,0.3,129.6,False,none,winter_peak
2023-09-21,Amoxicillin_250mg,Antibiotic,381,0.3,114.3,False,none,winter_peak
2023-09-22,Amoxicillin_250mg,Antibiotic,448,0.3,134.4,False,none,winter_peak
2023-09-23,Amoxicillin_250mg,Antibiotic,316,0.3,94.8,False,none,winter_peak
2023-09-24,Amoxicillin_250mg,Antibiotic,351,0.3,105.3,False,none,winter_peak
2023-09-25,Amoxicillin_250mg,Antibiotic,425,0.3,127.5,False,none,winter_peak
2023-09-26,Amoxicillin_250mg,Antibiotic,473,0.3,141.9,False,none,winter_peak
2023-09-27,Amoxicillin_250mg,Antibiotic,405,0.3,121.5,False,none,winter_peak
2023-09-28,Amoxicillin_250mg,Antibiotic,401,0.3,120.3,False,none,winter_peak
2023-09-29,Amoxicillin_250mg,Antibiotic,412,0.3,123.6,False,none,winter_peak
2023-09-30,Amoxicillin_250mg,Antibiotic,322,0.3,96.6,False,none,winter_peak
2023-10-01,Amoxicillin_250mg,Antibiotic,388,0.3,116.4,False,none,winter_peak
2023-10-02,Amoxicillin_250mg,Antibiotic,397,0.3,119.1,False,none,winter_peak
2023-10-03,Amoxicillin_250mg,Antibiotic,418,0.3,125.4,False,none,winter_peak
2023-10-04,Amoxicillin_250mg,Antibiotic,417,0.3,125.1,False,none,winter_peak
2023-10-05,Amoxicillin_250mg,Antibiotic,491,0.3,147.3,False,none,winter_peak
2023-10-06,Amoxicillin_250mg,Antibiotic,519,0.3,155.7,False,none,winter_peak
2023-10-07,Amoxicillin_250mg,Antibiotic,362,0.3,108.6,False,none,winter_peak
2023-10-08,Amoxicillin_250mg,Antibiotic,360,0.3,108.0,False,none,winter_peak
2023-10-09,Amoxicillin_250mg,Antibiotic,459,0.3,137.7,False,none,winter_peak
2023-10-10,Amoxicillin_250mg,Antibiotic,499,0.3,149.7,False,none,winter_peak
2023-10-11,Amoxicillin_250mg,Antibiotic,423,0.3,126.9,False,none,winter_peak
2023-10-12,Amoxicillin_250mg,Antibiotic,466,0.3,139.8,False,none,winter_peak
2023-10-13,Amoxicillin_250mg,Antibiotic,493,0.3,147.9,False,none,winter_peak
2023-10-14,Amoxicillin_250mg,Antibiotic,380,0.3,114.0,False,none,winter_peak
2023-10-15,Amoxicillin_250mg,Antibiotic,371,0.3,111.3,False,none,winter_peak
2023-10-16,Amoxicillin_250mg,Antibiotic,494,0.3,148.2,False,none,winter_peak
2023-10-17,Amoxicillin_250mg,Antibiotic,358,0.3,107.4,False,none,winter_peak
2023-10-18,Amoxicillin_250mg,Antibiotic,482,0.3,144.6,False,none,winter_peak
2023-10-19,Amoxicillin_250mg,Antibiotic,433,0.3,129.9,False,none,winter_peak
2023-10-20,Amoxicillin_250mg,Antibiotic,390,0.3,117.0,False,none,winter_peak
2023-10-21,Amoxicillin_250mg,Antibiotic,380,0.3,114.0,False,none,winter_peak
2023-10-22,Amoxicillin_250mg,Antibiotic,406,0.3,121.8,False,none,winter_peak
2023-10-23,Amoxicillin_250mg,Antibiotic,452,0.3,135.6,False,none,winter_peak
2023-10-24,Amoxicillin_250mg,Antibiotic,492,0.3,147.6,False,none,winter_peak
2023-10-25,Amoxicillin_250mg,Antibiotic,517,0.3,155.1,False,none,winter_peak
2023-10-26,Amoxicillin_250mg,Antibiotic,506,0.3,151.8,False,none,winter_peak
2023-10-27,Amoxicillin_250mg,Antibiotic,518,0.3,155.4,False,none,winter_peak
2023-10-28,Amoxicillin_250mg,Antibiotic,388,0.3,116.4,False,none,winter_peak
2023-10-29,Amoxicillin_250mg,Antibiotic,368,0.3,110.4,False,none,winter_peak
2023-10-30,Amoxicillin_250mg,Antibiotic,399,0.3,119.7,False,none,winter_peak
2023-10-31,Amoxicillin_250mg,Antibiotic,449,0.3,134.7,False,none,winter_peak
2023-11-01,Amoxicillin_250mg,Antibiotic,509,0.3,152.7,False,none,winter_peak
2023-11-02,Amoxicillin_250mg,Antibiotic,640,0.3,192.0,False,none,winter_peak
2023-11-03,Amoxicillin_250mg,Antibiotic,538,0.3,161.4,False,none,winter_peak
2023-11-04,Amoxicillin_250mg,Antibiotic,440,0.3,132.0,False,none,winter_peak
2023-11-05,Amoxicillin_250mg,Antibiotic,456,0.3,136.8,False,none,winter_peak
2023-11-06,Amoxicillin_250mg,Antibiotic,548,0.3,164.4,False,none,winter_peak
2023-11-07,Amoxicillin_250mg,Antibiotic,620,0.3,186.0,False,none,winter_peak
2023-11-08,Amoxicillin_250mg,Antibiotic,519,0.3,155.7,False,none,winter_peak
2023-11-09,Amoxicillin_250mg,Antibiotic,554,0.3,166.2,False,none,winter_peak
2023-11-10,Amoxicillin_250mg,Antibiotic,513,0.3,153.9,False,none,winter_peak
2023-11-11,Amoxicillin_250mg,Antibiotic,390,0.3,117.0,False,none,winter_peak
2023-11-12,Amoxicillin_250mg,Antibiotic,415,0.3,124.5,False,none,winter_peak
2023-11-13,Amoxicillin_250mg,Antibiotic,545,0.3,163.5,False,none,winter_peak
2023-11-14,Amoxicillin_250mg,Antibiotic,527,0.3,158.1,False,none,winter_peak
2023-11-15,Amoxicillin_250mg,Antibiotic,516,0.3,154.8,False,none,winter_peak
2023-11-16,Amoxicillin_250mg,Antibiotic,485,0.3,145.5,False,none,winter_peak
2023-11-17,Amoxicillin_250mg,Antibiotic,543,0.3,162.9,False,none,winter_peak
2023-11-18,Amoxicillin_250mg,Antibiotic,384,0.3,115.2,False,none,winter_peak
2023-11-19,Amoxicillin_250mg,Antibiotic,464,0.3,139.2,False,none,winter_peak
2023-11-20,Amoxicillin_250mg,Antibiotic,550,0.3,165.0,False,none,winter_peak
2023-11-21,Amoxicillin_250mg,Antibiotic,483,0.3,144.9,False,none,winter_peak
2023-11-22,Amoxicillin_250mg,Antibiotic,533,0.3,159.9,False,none,winter_peak
2023-11-23,Amoxicillin_250mg,Antibiotic,514,0.3,154.2,False,none,winter_peak
2023-11-24,Amoxicillin_250mg,Antibiotic,561,0.3,168.3,False,none,winter_peak
2023-11-25,Amoxicillin_250mg,Antibiotic,484,0.3,145.2,False,none,winter_peak
2023-11-26,Amoxicillin_250mg,Antibiotic,372,0.3,111.6,False,none,winter_peak
2023-11-27,Amoxicillin_250mg,Antibiotic,552,0.3,165.6,False,none,winter_peak
2023-11-28,Amoxicillin_250mg,Antibiotic,540,0.3,162.0,False,none,winter_peak
2023-11-29,Amoxicillin_250mg,Antibiotic,577,0.3,173.1,False,none,winter_peak
2023-11-30,Amoxicillin_250mg,Antibiotic,557,0.3,167.1,False,none,winter_peak
2023-12-01,Amoxicillin_250mg,Antibiotic,597,0.3,179.1,False,none,winter_peak
2023-12-02,Amoxicillin_250mg,Antibiotic,495,0.3,148.5,False,none,winter_peak
2023-12-03,Amoxicillin_250mg,Antibiotic,476,0.3,142.8,False,none,winter_peak
2023-12-04,Amoxicillin_250mg,Antibiotic,690,0.3,207.0,False,none,winter_peak
2023-12-05,Amoxicillin_250mg,Antibiotic,636,0.3,190.8,False,none,winter_peak
2023-12-06,Amoxicillin_250mg,Antibiotic,732,0.3,219.6,False,none,winter_peak
2023-12-07,Amoxicillin_250mg,Antibiotic,632,0.3,189.6,False,none,winter_peak
2023-12-08,Amoxicillin_250mg,Antibiotic,600,0.3,180.0,False,none,winter_peak
2023-12-09,Amoxicillin_250mg,Antibiotic,447,0.3,134.1,False,none,winter_peak
2023-12-10,Amoxicillin_250mg,Antibiotic,435,0.3,130.5,False,none,winter_peak
2023-12-11,Amoxicillin_250mg,Antibiotic,555,0.3,166.5,False,none,winter_peak
2023-12-12,Amoxicillin_250mg,Antibiotic,650,0.3,195.0,False,none,winter_peak
2023-12-13,Amoxicillin_250mg,Antibiotic,662,0.3,198.6,False,none,winter_peak
2023-12-14,Amoxicillin_250mg,Antibiotic,556,0.3,166.8,False,none,winter_peak
2023-12-15,Amoxicillin_250mg,Antibiotic,682,0.3,204.6,False,none,winter_peak
2023-12-16,Amoxicillin_250mg,Antibiotic,489,0.3,146.7,False,none,winter_peak
2023-12-17,Amoxicillin_250mg,Antibiotic,515,0.3,154.5,False,none,winter_peak
2023-12-18,Amoxicillin_250mg,Antibiotic,719,0.3,215.7,False,none,winter_peak
2023-12-19,Amoxicillin_250mg,Antibiotic,682,0.3,204.6,False,none,winter_peak
2023-12-20,Amoxicillin_250mg,Antibiotic,623,0.3,186.9,False,none,winter_peak
2023-12-21,Amoxicillin_250mg,Antibiotic,591,0.3,177.3,False,none,winter_peak
2023-12-22,Amoxicillin_250mg,Antibiotic,527,0.3,158.1,False,none,winter_peak
2023-12-23,Amoxicillin_250mg,Antibiotic,480,0.3,144.0,False,none,winter_peak
2023-12-24,Amoxicillin_250mg,Antibiotic,500,0.3,150.0,False,none,winter_peak
2023-12-25,Amoxicillin_250mg,Antibiotic,587,0.3,176.1,False,none,winter_peak
2023-12-26,Amoxicillin_250mg,Antibiotic,630,0.3,189.0,False,none,winter_peak
2023-12-27,Amoxicillin_250mg,Antibiotic,641,0.3,192.3,False,none,winter_peak
2023-12-28,Amoxicillin_250mg,Antibiotic,626,0.3,187.8,False,none,winter_peak
2023-12-29,Amoxicillin_250mg,Antibiotic,604,0.3,181.2,False,none,winter_peak
2023-12-30,Amoxicillin_250mg,Antibiotic,516,0.3,154.8,False,none,winter_peak
2023-12-31,Amoxicillin_250mg,Antibiotic,528,0.3,158.4,False,none,winter_peak
2024-01-01,Amoxicillin_250mg,Antibiotic,562,0.3,168.6,False,none,winter_peak
2024-01-02,Amoxicillin_250mg,Antibiotic,685,0.3,205.5,False,none,winter_peak
2024-01-03,Amoxicillin_250mg,Antibiotic,611,0.3,183.3,False,none,winter_peak
2024-01-04,Amoxicillin_250mg,Antibiotic,617,0.3,185.1,False,none,winter_peak
2024-01-05,Amoxicillin_250mg,Antibiotic,651,0.3,195.3,False,none,winter_peak
2024-01-06,Amoxicillin_250mg,Antibiotic,501,0.3,150.3,False,none,winter_peak
2024-01-07,Amoxicillin_250mg,Antibiotic,530,0.3,159.0,False,none,winter_peak
2024-01-08,Amoxicillin_250mg,Antibiotic,630,0.3,189.0,False,none,winter_peak
2024-01-09,Amoxicillin_250mg,Antibiotic,586,0.3,175.8,False,none,winter_peak
2024-01-10,Amoxicillin_250mg,Antibiotic,634,0.3,190.2,False,none,winter_peak
2024-01-11,Amoxicillin_250mg,Antibiotic,560,0.3,168.0,False,none,winter_peak
2024-01-12,Amoxicillin_250mg,Antibiotic,622,0.3,186.6,False,none,winter_peak
2024-01-13,Amoxicillin_250mg,Antibiotic,492,0.3,147.6,False,none,winter_peak
2024-01-14,Amoxicillin_250mg,Antibiotic,484,0.3,145.2,False,none,winter_peak
2024-01-15,Amoxicillin_250mg,Antibiotic,610,0.3,183.0,False,none,winter_peak
2024-01-16,Amoxicillin_250mg,Antibiotic,524,0.3,157.2,False,none,winter_peak
2024-01-17,Amoxicillin_250mg,Antibiotic,590,0.3,177.0,False,none,winter_peak
2024-01-18,Amoxicillin_250mg,Antibiotic,621,0.3,186.3,False,none,winter_peak
2024-01-19,Amoxicillin_250mg,Antibiotic,625,0.3,187.5,False,none,winter_peak
2024-01-20,Amoxicillin_250mg,Antibiotic,452,0.3,135.6,False,none,winter_peak
2024-01-21,Amoxicillin_250mg,Antibiotic,544,0.3,163.2,False,none,winter_peak
2024-01-22,Amoxicillin_250mg,Antibiotic,574,0.3,172.2,False,none,winter_peak
2024-01-23,Amoxicillin_250mg,Antibiotic,665,0.3,199.5,False,none,winter_peak
2024-01-24,Amoxicillin_250mg,Antibiotic,638,0.3,191.4,False,none,winter_peak
2024-01-25,Amoxicillin_250mg,Antibiotic,585,0.3,175.5,False,none,winter_peak
2024-01-26,Amoxicillin_250mg,Antibiotic,705,0.3,211.5,False,none,winter_peak
2024-01-27,Amoxicillin_250mg,Antibiotic,446,0.3,133.8,False,none,winter_peak
2024-01-28,Amoxicillin_250mg,Antibiotic,530,0.3,159.0,False,none,winter_peak
2024-01-29,Amoxicillin_250mg,Antibiotic,667,0.3,200.1,False,none,winter_peak
2024-01-30,Amoxicillin_250mg,Antibiotic,585,0.3,175.5,False,none,winter_peak
2024-01-31,Amoxicillin_250mg,Antibiotic,687,0.3,206.1,False,none,winter_peak
2024-02-01,Amoxicillin_250mg,Antibiotic,584,0.3,175.2,False,none,winter_peak
2024-02-02,Amoxicillin_250mg,Antibiotic,610,0.3,183.0,False,none,winter_peak
2024-02-03,Amoxicillin_250mg,Antibiotic,486,0.3,145.8,False,none,winter_peak
2024-02-04,Amoxicillin_250mg,Antibiotic,472,0.3,141.6,False,none,winter_peak
2024-02-05,Amoxicillin_250mg,Antibiotic,635,0.3,190.5,False,none,winter_peak
2024-02-06,Amoxicillin_250mg,Antibiotic,634,0.3,190.2,False,none,winter_peak
2024-02-07,Amoxicillin_250mg,Antibiotic,513,0.3,153.9,False,none,winter_peak
2024-02-08,Amoxicillin_250mg,Antibiotic,659,0.3,197.7,False,none,winter_peak
2024-02-09,Amoxicillin_250mg,Antibiotic,517,0.3,155.1,False,none,winter_peak
2024-02-10,Amoxicillin_250mg,Antibiotic,516,0.3,154.8,False,none,winter_peak
2024-02-11,Amoxicillin_250mg,Antibiotic,520,0.3,156.0,False,none,winter_peak
2024-02-12,Amoxicillin_250mg,Antibiotic,544,0.3,163.2,False,none,winter_peak
2024-02-13,Amoxicillin_250mg,Antibiotic,577,0.3,173.1,False,none,winter_peak
2024-02-14,Amoxicillin_250mg,Antibiotic,544,0.3,163.2,False,none,winter_peak
2024-02-15,Amoxicillin_250mg,Antibiotic,587,0.3,176.1,False,none,winter_peak
2024-02-16,Amoxicillin_250mg,Antibiotic,582,0.3,174.6,False,none,winter_peak
2024-02-17,Amoxicillin_250mg,Antibiotic,507,0.3,152.1,False,none,winter_peak
2024-02-18,Amoxicillin_250mg,Antibiotic,528,0.3,158.4,False,none,winter_peak
2024-02-19,Amoxicillin_250mg,Antibiotic,664,0.3,199.2,False,none,winter_peak
2024-02-20,Amoxicillin_250mg,Antibiotic,570,0.3,171.0,False,none,winter_peak
2024-02-21,Amoxicillin_250mg,Antibiotic,587,0.3,176.1,False,none,winter_peak
2024-02-22,Amoxicillin_250mg,Antibiotic,517,0.3,155.1,False,none,winter_peak
2024-02-23,Amoxicillin_250mg,Antibiotic,559,0.3,167.7,False,none,winter_peak
2024-02-24,Amoxicillin_250mg,Antibiotic,515,0.3,154.5,False,none,winter_peak
2024-02-25,Amoxicillin_250mg,Antibiotic,540,0.3,162.0,False,none,winter_peak
2024-02-26,Amoxicillin_250mg,Antibiotic,539,0.3,161.7,False,none,winter_peak
2024-02-27,Amoxicillin_250mg,Antibiotic,569,0.3,170.7,False,none,winter_peak
2024-02-28,Amoxicillin_250mg,Antibiotic,597,0.3,179.1,False,none,winter_peak
2024-02-29,Amoxicillin_250mg,Antibiotic,611,0.3,183.3,False,none,winter_peak
2024-03-01,Amoxicillin_250mg,Antibiotic,456,0.3,136.8,False,none,winter_peak
2024-03-02,Amoxicillin_250mg,Antibiotic,403,0.3,120.9,False,none,winter_peak
2024-03-03,Amoxicillin_250mg,Antibiotic,375,0.3,112.5,False,none,winter_peak
2024-03-04,Amoxicillin_250mg,Antibiotic,487,0.3,146.1,False,none,winter_peak
2024-03-05,Amoxicillin_250mg,Antibiotic,509,0.3,152.7,False,none,winter_peak
2024-03-06,Amoxicillin_250mg,Antibiotic,488,0.3,146.4,False,none,winter_peak
2024-03-07,Amoxicillin_250mg,Antibiotic,470,0.3,141.0,False,none,winter_peak
2024-03-08,Amoxicillin_250mg,Antibiotic,483,0.3,144.9,False,none,winter_peak
2024-03-09,Amoxicillin_250mg,Antibiotic,387,0.3,116.1,False,none,winter_peak
2024-03-10,Amoxicillin_250mg,Antibiotic,378,0.3,113.4,False,none,winter_peak
2024-03-11,Amoxicillin_250mg,Antibiotic,478,0.3,143.4,False,none,winter_peak
2024-03-12,Amoxicillin_250mg,Antibiotic,550,0.3,165.0,False,none,winter_peak
2024-03-13,Amoxicillin_250mg,Antibiotic,510,0.3,153.0,False,none,winter_peak
2024-03-14,Amoxicillin_250mg,Antibiotic,476,0.3,142.8,False,none,winter_peak
2024-03-15,Amoxicillin_250mg,Antibiotic,515,0.3,154.5,False,none,winter_peak
2024-03-16,Amoxicillin_250mg,Antibiotic,380,0.3,114.0,False,none,winter_peak
2024-03-17,Amoxicillin_250mg,Antibiotic,427,0.3,128.1,False,none,winter_peak
2024-03-18,Amoxicillin_250mg,Antibiotic,503,0.3,150.9,False,none,winter_peak
2024-03-19,Amoxicillin_250mg,Antibiotic,484,0.3,145.2,False,none,winter_peak
2024-03-20,Amoxicillin_250mg,Antibiotic,506,0.3,151.8,False,none,winter_peak
2024-03-21,Amoxicillin_250mg,Antibiotic,427,0.3,128.1,False,none,winter_peak
2024-03-22,Amoxicillin_250mg,Antibiotic,444,0.3,133.2,False,none,winter_peak
2024-03-23,Amoxicillin_250mg,Antibiotic,353,0.3,105.9,False,none,winter_peak
2024-03-24,Amoxicillin_250mg,Antibiotic,395,0.3,118.5,False,none,winter_peak
2024-03-25,Amoxicillin_250mg,Antibiotic,556,0.3,166.8,False,none,winter_peak
2024-03-26,Amoxicillin_250mg,Antibiotic,576,0.3,172.8,False,none,winter_peak
2024-03-27,Amoxicillin_250mg,Antibiotic,514,0.3,154.2,False,none,winter_peak
2024-03-28,Amoxicillin_250mg,Antibiotic,508,0.3,152.4,False,none,winter_peak
2024-03-29,Amoxicillin_250mg,Antibiotic,418,0.3,125.4,False,none,winter_peak
2024-03-30,Amoxicillin_250mg,Antibiotic,374,0.3,112.2,False,none,winter_peak
2024-03-31,Amoxicillin_250mg,Antibiotic,366,0.3,109.8,False,none,winter_peak
2024-04-01,Amoxicillin_250mg,Antibiotic,380,0.3,114.0,False,none,winter_peak
2024-04-02,Amoxicillin_250mg,Antibiotic,395,0.3,118.5,False,none,winter_peak
2024-04-03,Amoxicillin_250mg,Antibiotic,385,0.3,115.5,False,none,winter_peak
2024-04-04,Amoxicillin_250mg,Antibiotic,337,0.3,101.1,False,none,winter_peak
2024-04-05,Amoxicillin_250mg,Antibiotic,424,0.3,127.2,False,none,winter_peak
2024-04-06,Amoxicillin_250mg,Antibiotic,292,0.3,87.6,False,none,winter_peak
2024-04-07,Amoxicillin_250mg,Antibiotic,326,0.3,97.8,False,none,winter_peak
2024-04-08,Amoxicillin_250mg,Antibiotic,467,0.3,140.1,False,none,winter_peak
2024-04-09,Amoxicillin_250mg,Antibiotic,371,0.3,111.3,False,none,winter_peak
2024-04-10,Amoxicillin_250mg,Antibiotic,319,0.3,95.7,False,none,winter_peak
2024-04-11,Amoxicillin_250mg,Antibiotic,391,0.3,117.3,False,none,winter_peak
2024-04-12,Amoxicillin_250mg,Antibiotic,436,0.3,130.8,False,none,winter_peak
2024-04-13,Amoxicillin_250mg,Antibiotic,370,0.3,111.0,False,none,winter_peak
2024-04-14,Amoxicillin_250mg,Antibiotic,288,0.3,86.4,False,none,winter_peak
2024-04-15,Amoxicillin_250mg,Antibiotic,417,0.3,125.1,False,none,winter_peak
2024-04-16,Amoxicillin_250mg,Antibiotic,386,0.3,115.8,False,none,winter_peak
2024-04-17,Amoxicillin_250mg,Antibiotic,397,0.3,119.1,False,none,winter_peak
2024-04-18,Amoxicillin_250mg,Antibiotic,486,0.3,145.8,False,none,winter_peak
2024-04-19,Amoxicillin_250mg,Antibiotic,353,0.3,105.9,False,none,winter_peak
2024-04-20,Amoxicillin_250mg,Antibiotic,327,0.3,98.1,False,none,winter_peak
2024-04-21,Amoxicillin_250mg,Antibiotic,332,0.3,99.6,False,none,winter_peak
2024-04-22,Amoxicillin_250mg,Antibiotic,436,0.3,130.8,False,none,winter_peak
2024-04-23,Amoxicillin_250mg,Antibiotic,404,0.3,121.2,False,none,winter_peak
2024-04-24,Amoxicillin_250mg,Antibiotic,411,0.3,123.3,False,none,winter_peak
2024-04-25,Amoxicillin_250mg,Antibiotic,389,0.3,116.7,False,none,winter_peak
2024-04-26,Amoxicillin_250mg,Antibiotic,410,0.3,123.0,False,none,winter_peak
2024-04-27,Amoxicillin_250mg,Antibiotic,312,0.3,93.6,False,none,winter_peak
2024-04-28,Amoxicillin_250mg,Antibiotic,336,0.3,100.8,False,none,winter_peak
2024-04-29,Amoxicillin_250mg,Antibiotic,389,0.3,116.7,False,none,winter_peak
2024-04-30,Amoxicillin_250mg,Antibiotic,414,0.3,124.2,False,none,winter_peak
2024-05-01,Amoxicillin_250mg,Antibiotic,378,0.3,113.4,False,none,winter_peak
2024-05-02,Amoxicillin_250mg,Antibiotic,413,0.3,123.9,False,none,winter_peak
2024-05-03,Amoxicillin_250mg,Antibiotic,378,0.3,113.4,False,none,winter_peak
2024-05-04,Amoxicillin_250mg,Antibiotic,260,0.3,78.0,False,none,winter_peak
2024-05-05,Amoxicillin_250mg,Antibiotic,334,0.3,100.2,False,none,winter_peak
2024-05-06,Amoxicillin_250mg,Antibiotic,352,0.3,105.6,False,none,winter_peak
2024-05-07,Amoxicillin_250mg,Antibiotic,360,0.3,108.0,False,none,winter_peak
2024-05-08,Amoxicillin_250mg,Antibiotic,361,0.3,108.3,False,none,winter_peak
2024-05-09,Amoxicillin_250mg,Antibiotic,421,0.3,126.3,False,none,winter_peak
2024-05-10,Amoxicillin_250mg,Antibiotic,315,0.3,94.5,False,none,winter_peak
2024-05-11,Amoxicillin_250mg,Antibiotic,380,0.3,114.0,False,none,winter_peak
2024-05-12,Amoxicillin_250mg,Antibiotic,329,0.3,98.7,False,none,winter_peak
2024-05-13,Amoxicillin_250mg,Antibiotic,386,0.3,115.8,False,none,winter_peak
2024-05-14,Amoxicillin_250mg,Antibiotic,378,0.3,113.4,False,none,winter_peak
2024-05-15,Amoxicillin_250mg,Antibiotic,388,0.3,116.4,False,none,winter_peak
2024-05-16,Amoxicillin_250mg,Antibiotic,396,0.3,118.8,False,none,winter_peak
2024-05-17,Amoxicillin_250mg,Antibiotic,400,0.3,120.0,False,none,winter_peak
2024-05-18,Amoxicillin_250mg,Antibiotic,317,0.3,95.1,False,none,winter_peak
2024-05-19,Amoxicillin_250mg,Antibiotic,306,0.3,91.8,False,none,winter_peak
2024-05-20,Amoxicillin_250mg,Antibiotic,374,0.3,112.2,False,none,winter_peak
2024-05-21,Amoxicillin_250mg,Antibiotic,375,0.3,112.5,False,none,winter_peak
2024-05-22,Amoxicillin_250mg,Antibiotic,374,0.3,112.2,False,none,winter_peak
2024-05-23,Amoxicillin_250mg,Antibiotic,415,0.3,124.5,False,none,winter_peak
2024-05-24,Amoxicillin_250mg,Antibiotic,398,0.3,119.4,False,none,winter_peak
2024-05-25,Amoxicillin_250mg,Antibiotic,232,0.3,69.6,False,none,winter_peak
2024-05-26,Amoxicillin_250mg,Antibiotic,320,0.3,96.0,False,none,winter_peak
2024-05-27,Amoxicillin_250mg,Antibiotic,386,0.3,115.8,False,none,winter_peak
2024-05-28,Amoxicillin_250mg,Antibiotic,380,0.3,114.0,False,none,winter_peak
2024-05-29,Amoxicillin_250mg,Antibiotic,369,0.3,110.7,False,none,winter_peak
2024-05-30,Amoxicillin_250mg,Antibiotic,415,0.3,124.5,False,none,winter_peak
2024-05-31,Amoxicillin_250mg,Antibiotic,409,0.3,122.7,False,none,winter_peak
2024-06-01,Amoxicillin_250mg,Antibiotic,268,0.3,80.4,False,none,winter_peak
2024-06-02,Amoxicillin_250mg,Antibiotic,296,0.3,88.8,False,none,winter_peak
2024-06-03,Amoxicillin_250mg,Antibiotic,330,0.3,99.0,False,none,winter_peak
2024-06-04,Amoxicillin_250mg,Antibiotic,319,0.3,95.7,False,none,winter_peak
2024-06-05,Amoxicillin_250mg,Antibiotic,340,0.3,102.0,False,none,winter_peak
2024-06-06,Amoxicillin_250mg,Antibiotic,383,0.3,114.9,False,none,winter_peak
2024-06-07,Amoxicillin_250mg,Antibiotic,386,0.3,115.8,False,none,winter_peak
2024-06-08,Amoxicillin_250mg,Antibiotic,298,0.3,89.4,False,none,winter_peak
2024-06-09,Amoxicillin_250mg,Antibiotic,303,0.3,90.9,False,none,winter_peak
2024-06-10,Amoxicillin_250mg,Antibiotic,373,0.3,111.9,False,none,winter_peak
2024-06-11,Amoxicillin_250mg,Antibiotic,340,0.3,102.0,False,none,winter_peak
2024-06-12,Amoxicillin_250mg,Antibiotic,371,0.3,111.3,False,none,winter_peak
2024-06-13,Amoxicillin_250mg,Antibiotic,382,0.3,114.6,False,none,winter_peak
2024-06-14,Amoxicillin_250mg,Antibiotic,380,0.3,114.0,False,none,winter_peak
2024-06-15,Amoxicillin_250mg,Antibiotic,314,0.3,94.2,False,none,winter_peak
2024-06-16,Amoxicillin_250mg,Antibiotic,303,0.3,90.9,False,none,winter_peak
2024-06-17,Amoxicillin_250mg,Antibiotic,369,0.3,110.7,False,none,winter_peak
2024-06-18,Amoxicillin_250mg,Antibiotic,390,0.3,117.0,False,none,winter_peak
2024-06-19,Amoxicillin_250mg,Antibiotic,358,0.3,107.4,False,none,winter_peak
2024-06-20,Amoxicillin_250mg,Antibiotic,334,0.3,100.2,False,none,winter_peak
2024-06-21,Amoxicillin_250mg,Antibiotic,354,0.3,106.2,False,none,winter_peak
2024-06-22,Amoxicillin_250mg,Antibiotic,270,0.3,81.0,False,none,winter_peak
2024-06-23,Amoxicillin_250mg,Antibiotic,272,0.3,81.6,False,none,winter_peak
2024-06-24,Amoxicillin_250mg,Antibiotic,355,0.3,106.5,False,none,winter_peak
2024-06-25,Amoxicillin_250mg,Antibiotic,336,0.3,100.8,False,none,winter_peak
2024-06-26,Amoxicillin_250mg,Antibiotic,350,0.3,105.0,False,none,winter_peak
2024-06-27,Amoxicillin_250mg,Antibiotic,305,0.3,91.5,False,none,winter_peak
2024-06-28,Amoxicillin_250mg,Antibiotic,365,0.3,109.5,False,none,winter_peak
2024-06-29,Amoxicillin_250mg,Antibiotic,287,0.3,86.1,False,none,winter_peak
2024-06-30,Amoxicillin_250mg,Antibiotic,268,0.3,80.4,False,none,winter_peak
2024-07-01,Amoxicillin_250mg,Antibiotic,388,0.3,116.4,False,none,winter_peak
2024-07-02,Amoxicillin_250mg,Antibiotic,396,0.3,118.8,False,none,winter_peak
2024-07-03,Amoxicillin_250mg,Antibiotic,321,0.3,96.3,False,none,winter_peak
2024-07-04,Amoxicillin_250mg,Antibiotic,346,0.3,103.8,False,none,winter_peak
2024-07-05,Amoxicillin_250mg,Antibiotic,346,0.3,103.8,False,none,winter_peak
2024-07-06,Amoxicillin_250mg,Antibiotic,272,0.3,81.6,False,none,winter_peak
2024-07-07,Amoxicillin_250mg,Antibiotic,314,0.3,94.2,False,none,winter_peak
2024-07-08,Amoxicillin_250mg,Antibiotic,363,0.3,108.9,False,none,winter_peak
2024-07-09,Amoxicillin_250mg,Antibiotic,361,0.3,108.3,False,none,winter_peak
2024-07-10,Amoxicillin_250mg,Antibiotic,310,0.3,93.0,False,none,winter_peak
2024-07-11,Amoxicillin_250mg,Antibiotic,388,0.3,116.4,False,none,winter_peak
2024-07-12,Amoxicillin_250mg,Antibiotic,332,0.3,99.6,False,none,winter_peak
2024-07-13,Amoxicillin_250mg,Antibiotic,296,0.3,88.8,False,none,winter_peak
2024-07-14,Amoxicillin_250mg,Antibiotic,301,0.3,90.3,False,none,winter_peak
2024-07-15,Amoxicillin_250mg,Antibiotic,409,0.3,122.7,False,none,winter_peak
2024-07-16,Amoxicillin_250mg,Antibiotic,330,0.3,99.0,False,none,winter_peak
2024-07-17,Amoxicillin_250mg,Antibiotic,280,0.3,84.0,False,none,winter_peak
2024-07-18,Amoxicillin_250mg,Antibiotic,375,0.3,112.5,False,none,winter_peak
2024-07-19,Amoxicillin_250mg,Antibiotic,423,0.3,126.9,False,none,winter_peak
2024-07-20,Amoxicillin_250mg,Antibiotic,324,0.3,97.2,False,none,winter_peak
2024-07-21,Amoxicillin_250mg,Antibiotic,300,0.3,90.0,False,none,winter_peak
2024-07-22,Amoxicillin_250mg,Antibiotic,355,0.3,106.5,False,none,winter_peak
2024-07-23,Amoxicillin_250mg,Antibiotic,393,0.3,117.9,False,none,winter_peak
2024-07-24,Amoxicillin_250mg,Antibiotic,341,0.3,102.3,False,none,winter_peak
2024-07-25,Amoxicillin_250mg,Antibiotic,384,0.3,115.2,False,none,winter_peak
2024-07-26,Amoxicillin_250mg,Antibiotic,385,0.3,115.5,False,none,winter_peak
2024-07-27,Amoxicillin_250mg,Antibiotic,320,0.3,96.0,False,none,winter_peak
2024-07-28,Amoxicillin_250mg,Antibiotic,360,0.3,108.0,False,none,winter_peak
2024-07-29,Amoxicillin_250mg,Antibiotic,381,0.3,114.3,False,none,winter_peak
2024-07-30,Amoxicillin_250mg,Antibiotic,355,0.3,106.5,False,none,winter_peak
2024-07-31,Amoxicillin_250mg,Antibiotic,369,0.3,110.7,False,none,winter_peak
2024-08-01,Amoxicillin_250mg,Antibiotic,329,0.3,98.7,False,none,winter_peak
2024-08-02,Amoxicillin_250mg,Antibiotic,362,0.3,108.6,False,none,winter_peak
2024-08-03,Amoxicillin_250mg,Antibiotic,296,0.3,88.8,False,none,winter_peak
2024-08-04,Amoxicillin_250mg,Antibiotic,293,0.3,87.9,False,none,winter_peak
2024-08-05,Amoxicillin_250mg,Antibiotic,388,0.3,116.4,False,none,winter_peak
2024-08-06,Amoxicillin_250mg,Antibiotic,358,0.3,107.4,False,none,winter_peak
2024-08-07,Amoxicillin_250mg,Antibiotic,418,0.3,125.4,False,none,winter_peak
2024-08-08,Amoxicillin_250mg,Antibiotic,384,0.3,115.2,False,none,winter_peak
2024-08-09,Amoxicillin_250mg,Antibiotic,384,0.3,115.2,False,none,winter_peak
2024-08-10,Amoxicillin_250mg,Antibiotic,299,0.3,89.7,False,none,winter_peak
2024-08-11,Amoxicillin_250mg,Antibiotic,311,0.3,93.3,False,none,winter_peak
2024-08-12,Amoxicillin_250mg,Antibiotic,409,0.3,122.7,False,none,winter_peak
2024-08-13,Amoxicillin_250mg,Antibiotic,357,0.3,107.1,False,none,winter_peak
2024-08-14,Amoxicillin_250mg,Antibiotic,364,0.3,109.2,False,none,winter_peak
2024-08-15,Amoxicillin_250mg,Antibiotic,375,0.3,112.5,False,none,winter_peak
2024-08-16,Amoxicillin_250mg,Antibiotic,343,0.3,102.9,False,none,winter_peak
2024-08-17,Amoxicillin_250mg,Antibiotic,287,0.3,86.1,False,none,winter_peak
2024-08-18,Amoxicillin_250mg,Antibiotic,296,0.3,88.8,False,none,winter_peak
2024-08-19,Amoxicillin_250mg,Antibiotic,411,0.3,123.3,False,none,winter_peak
2024-08-20,Amoxicillin_250mg,Antibiotic,392,0.3,117.6,False,none,winter_peak
2024-08-21,Amoxicillin_250mg,Antibiotic,390,0.3,117.0,False,none,winter_peak
2024-08-22,Amoxicillin_250mg,Antibiotic,411,0.3,123.3,False,none,winter_peak
2024-08-23,Amoxicillin_250mg,Antibiotic,380,0.3,114.0,False,none,winter_peak
2024-08-24,Amoxicillin_250mg,Antibiotic,317,0.3,95.1,False,none,winter_peak
2024-08-25,Amoxicillin_250mg,Antibiotic,304,0.3,91.2,False,none,winter_peak
2024-08-26,Amoxicillin_250mg,Antibiotic,393,0.3,117.9,False,none,winter_peak
2024-08-27,Amoxicillin_250mg,Antibiotic,367,0.3,110.1,False,none,winter_peak
2024-08-28,Amoxicillin_250mg,Antibiotic,310,0.3,93.0,False,none,winter_peak
2024-08-29,Amoxicillin_250mg,Antibiotic,381,0.3,114.3,False,none,winter_peak
2024-08-30,Amoxicillin_250mg,Antibiotic,429,0.3,128.7,False,none,winter_peak
2024-08-31,Amoxicillin_250mg,Antibiotic,330,0.3,99.0,False,none,winter_peak
2024-09-01,Amoxicillin_250mg,Antibiotic,370,0.3,111.0,False,none,winter_peak
2024-09-02,Amoxicillin_250mg,Antibiotic,473,0.3,141.9,False,none,winter_peak
2024-09-03,Amoxicillin_250mg,Antibiotic,433,0.3,129.9,False,none,winter_peak
2024-09-04,Amoxicillin_250mg,Antibiotic,437,0.3,131.1,False,none,winter_peak
2024-09-05,Amoxicillin_250mg,Antibiotic,409,0.3,122.7,False,none,winter_peak
2024-09-06,Amoxicillin_250mg,Antibiotic,420,0.3,126.0,False,none,winter_peak
2024-09-07,Amoxicillin_250mg,Antibiotic,361,0.3,108.3,False,none,winter_peak
2024-09-08,Amoxicillin_250mg,Antibiotic,377,0.3,113.1,False,none,winter_peak
2024-09-09,Amoxicillin_250mg,Antibiotic,426,0.3,127.8,False,none,winter_peak
2024-09-10,Amoxicillin_250mg,Antibiotic,415,0.3,124.5,False,none,winter_peak
2024-09-11,Amoxicillin_250mg,Antibiotic,431,0.3,129.3,False,none,winter_peak
2024-09-12,Amoxicillin_250mg,Antibiotic,452,0.3,135.6,False,none,winter_peak
2024-09-13,Amoxicillin_250mg,Antibiotic,381,0.3,114.3,False,none,winter_peak
2024-09-14,Amoxicillin_250mg,Antibiotic,281,0.3,84.3,False,none,winter_peak
2024-09-15,Amoxicillin_250mg,Antibiotic,329,0.3,98.7,False,none,winter_peak
2024-09-16,Amoxicillin_250mg,Antibiotic,389,0.3,116.7,False,none,winter_peak
2024-09-17,Amoxicillin_250mg,Antibiotic,413,0.3,123.9,False,none,winter_peak
2024-09-18,Amoxicillin_250mg,Antibiotic,426,0.3,127.8,False,none,winter_peak
2024-09-19,Amoxicillin_250mg,Antibiotic,415,0.3,124.5,False,none,winter_peak
2024-09-20,Amoxicillin_250mg,Antibiotic,481,0.3,144.3,False,none,winter_peak
2024-09-21,Amoxicillin_250mg,Antibiotic,354,0.3,106.2,False,none,winter_peak
2024-09-22,Amoxicillin_250mg,Antibiotic,353,0.3,105.9,False,none,winter_peak
2024-09-23,Amoxicillin_250mg,Antibiotic,453,0.3,135.9,False,none,winter_peak
2024-09-24,Amoxicillin_250mg,Antibiotic,392,0.3,117.6,False,none,winter_peak
2024-09-25,Amoxicillin_250mg,Antibiotic,467,0.3,140.1,False,none,winter_peak
2024-09-26,Amoxicillin_250mg,Antibiotic,429,0.3,128.7,False,none,winter_peak
2024-09-27,Amoxicillin_250mg,Antibiotic,455,0.3,136.5,False,none,winter_peak
2024-09-28,Amoxicillin_250mg,Antibiotic,316,0.3,94.8,False,none,winter_peak
2024-09-29,Amoxicillin_250mg,Antibiotic,302,0.3,90.6,False,none,winter_peak
2024-09-30,Amoxicillin_250mg,Antibiotic,460,0.3,138.0,False,none,winter_peak
2024-10-01,Amoxicillin_250mg,Antibiotic,492,0.3,147.6,False,none,winter_peak
2024-10-02,Amoxicillin_250mg,Antibiotic,443,0.3,132.9,False,none,winter_peak
2024-10-03,Amoxicillin_250mg,Antibiotic,444,0.3,133.2,False,none,winter_peak
2024-10-04,Amoxicillin_250mg,Antibiotic,520,0.3,156.0,False,none,winter_peak
2024-10-05,Amoxicillin_250mg,Antibiotic,345,0.3,103.5,False,none,winter_peak
2024-10-06,Amoxicillin_250mg,Antibiotic,432,0.3,129.6,False,none,winter_peak
2024-10-07,Amoxicillin_250mg,Antibiotic,443,0.3,132.9,False,none,winter_peak
2024-10-08,Amoxicillin_250mg,Antibiotic,502,0.3,150.6,False,none,winter_peak
2024-10-09,Amoxicillin_250mg,Antibiotic,465,0.3,139.5,False,none,winter_peak
2024-10-10,Amoxicillin_250mg,Antibiotic,501,0.3,150.3,False,none,winter_peak
2024-10-11,Amoxicillin_250mg,Antibiotic,457,0.3,137.1,False,none,winter_peak
2024-10-12,Amoxicillin_250mg,Antibiotic,377,0.3,113.1,False,none,winter_peak
2024-10-13,Amoxicillin_250mg,Antibiotic,384,0.3,115.2,False,none,winter_peak
2024-10-14,Amoxicillin_250mg,Antibiotic,440,0.3,132.0,False,none,winter_peak
2024-10-15,Amoxicillin_250mg,Antibiotic,506,0.3,151.8,False,none,winter_peak
2024-10-16,Amoxicillin_250mg,Antibiotic,458,0.3,137.4,False,none,winter_peak
2024-10-17,Amoxicillin_250mg,Antibiotic,469,0.3,140.7,False,none,winter_peak
2024-10-18,Amoxicillin_250mg,Antibiotic,440,0.3,132.0,False,none,winter_peak
2024-10-19,Amoxicillin_250mg,Antibiotic,304,0.3,91.2,False,none,winter_peak
2024-10-20,Amoxicillin_250mg,Antibiotic,376,0.3,112.8,False,none,winter_peak
2024-10-21,Amoxicillin_250mg,Antibiotic,571,0.3,171.3,False,none,winter_peak
2024-10-22,Amoxicillin_250mg,Antibiotic,509,0.3,152.7,False,none,winter_peak
2024-10-23,Amoxicillin_250mg,Antibiotic,478,0.3,143.4,False,none,winter_peak
2024-10-24,Amoxicillin_250mg,Antibiotic,469,0.3,140.7,False,none,winter_peak
2024-10-25,Amoxicillin_250mg,Antibiotic,480,0.3,144.0,False,none,winter_peak
2024-10-26,Amoxicillin_250mg,Antibiotic,400,0.3,120.0,False,none,winter_peak
2024-10-27,Amoxicillin_250mg,Antibiotic,346,0.3,103.8,False,none,winter_peak
2024-10-28,Amoxicillin_250mg,Antibiotic,522,0.3,156.6,False,none,winter_peak
2024-10-29,Amoxicillin_250mg,Antibiotic,506,0.3,151.8,False,none,winter_peak
2024-10-30,Amoxicillin_250mg,Antibiotic,506,0.3,151.8,False,none,winter_peak
2024-10-31,Amoxicillin_250mg,Antibiotic,496,0.3,148.8,False,none,winter_peak
2024-11-01,Amoxicillin_250mg,Antibiotic,1029,0.3,308.7,False,flu_outbreak,winter_peak
2024-11-02,Amoxicillin_250mg,Antibiotic,866,0.3,259.8,False,flu_outbreak,winter_peak
2024-11-03,Amoxicillin_250mg,Antibiotic,860,0.3,258.0,False,flu_outbreak,winter_peak
2024-11-04,Amoxicillin_250mg,Antibiotic,998,0.3,299.4,False,flu_outbreak,winter_peak
2024-11-05,Amoxicillin_250mg,Antibiotic,980,0.3,294.0,False,flu_outbreak,winter_peak
2024-11-06,Amoxicillin_250mg,Antibiotic,1036,0.3,310.8,False,flu_outbreak,winter_peak
2024-11-07,Amoxicillin_250mg,Antibiotic,1155,0.3,346.5,False,flu_outbreak,winter_peak
2024-11-08,Amoxicillin_250mg,Antibiotic,926,0.3,277.8,False,flu_outbreak,winter_peak
2024-11-09,Amoxicillin_250mg,Antibiotic,725,0.3,217.5,False,flu_outbreak,winter_peak
2024-11-10,Amoxicillin_250mg,Antibiotic,833,0.3,249.9,False,flu_outbreak,winter_peak
2024-11-11,Amoxicillin_250mg,Antibiotic,1033,0.3,309.9,False,flu_outbreak,winter_peak
2024-11-12,Amoxicillin_250mg,Antibiotic,1043,0.3,312.9,False,flu_outbreak,winter_peak
2024-11-13,Amoxicillin_250mg,Antibiotic,1049,0.3,314.7,False,flu_outbreak,winter_peak
2024-11-14,Amoxicillin_250mg,Antibiotic,1010,0.3,303.0,False,flu_outbreak,winter_peak
2024-11-15,Amoxicillin_250mg,Antibiotic,1152,0.3,345.6,False,flu_outbreak,winter_peak
2024-11-16,Amoxicillin_250mg,Antibiotic,717,0.3,215.1,False,flu_outbreak,winter_peak
2024-11-17,Amoxicillin_250mg,Antibiotic,768,0.3,230.4,False,flu_outbreak,winter_peak
2024-11-18,Amoxicillin_250mg,Antibiotic,1021,0.3,306.3,False,flu_outbreak,winter_peak
2024-11-19,Amoxicillin_250mg,Antibiotic,894,0.3,268.2,False,flu_outbreak,winter_peak
2024-11-20,Amoxicillin_250mg,Antibiotic,1015,0.3,304.5,False,flu_outbreak,winter_peak
2024-11-21,Amoxicillin_250mg,Antibiotic,1166,0.3,349.8,False,flu_outbreak,winter_peak
2024-11-22,Amoxicillin_250mg,Antibiotic,1031,0.3,309.3,False,flu_outbreak,winter_peak
2024-11-23,Amoxicillin_250mg,Antibiotic,839,0.3,251.7,False,flu_outbreak,winter_peak
2024-11-24,Amoxicillin_250mg,Antibiotic,740,0.3,222.0,False,flu_outbreak,winter_peak
2024-11-25,Amoxicillin_250mg,Antibiotic,979,0.3,293.7,False,flu_outbreak,winter_peak
2024-11-26,Amoxicillin_250mg,Antibiotic,999,0.3,299.7,False,flu_outbreak,winter_peak
2024-11-27,Amoxicillin_250mg,Antibiotic,1004,0.3,301.2,False,flu_outbreak,winter_peak
2024-11-28,Amoxicillin_250mg,Antibiotic,1136,0.3,340.8,False,flu_outbreak,winter_peak
2024-11-29,Amoxicillin_250mg,Antibiotic,1077,0.3,323.1,False,flu_outbreak,winter_peak
2024-11-30,Amoxicillin_250mg,Antibiotic,751,0.3,225.3,False,flu_outbreak,winter_peak
2024-12-01,Amoxicillin_250mg,Antibiotic,975,0.3,292.5,False,flu_outbreak,winter_peak
2024-12-02,Amoxicillin_250mg,Antibiotic,1244,0.3,373.2,False,flu_outbreak,winter_peak
2024-12-03,Amoxicillin_250mg,Antibiotic,1305,0.3,391.5,False,flu_outbreak,winter_peak
2024-12-04,Amoxicillin_250mg,Antibiotic,1348,0.3,404.4,False,flu_outbreak,winter_peak
2024-12-05,Amoxicillin_250mg,Antibiotic,1099,0.3,329.7,False,flu_outbreak,winter_peak
2024-12-06,Amoxicillin_250mg,Antibiotic,1119,0.3,335.7,False,flu_outbreak,winter_peak
2024-12-07,Amoxicillin_250mg,Antibiotic,860,0.3,258.0,False,flu_outbreak,winter_peak
2024-12-08,Amoxicillin_250mg,Antibiotic,939,0.3,281.7,False,flu_outbreak,winter_peak
2024-12-09,Amoxicillin_250mg,Antibiotic,1242,0.3,372.6,False,flu_outbreak,winter_peak
2024-12-10,Amoxicillin_250mg,Antibiotic,1292,0.3,387.6,False,flu_outbreak,winter_peak
2024-12-11,Amoxicillin_250mg,Antibiotic,1190,0.3,357.0,False,flu_outbreak,winter_peak
2024-12-12,Amoxicillin_250mg,Antibiotic,1167,0.3,350.1,False,flu_outbreak,winter_peak
2024-12-13,Amoxicillin_250mg,Antibiotic,1212,0.3,363.6,False,flu_outbreak,winter_peak
2024-12-14,Amoxicillin_250mg,Antibiotic,894,0.3,268.2,False,flu_outbreak,winter_peak
2024-12-15,Amoxicillin_250mg,Antibiotic,1118,0.3,335.4,False,flu_outbreak,winter_peak
2024-12-16,Amoxicillin_250mg,Antibiotic,1044,0.3,313.2,False,flu_outbreak,winter_peak
2024-12-17,Amoxicillin_250mg,Antibiotic,1216,0.3,364.8,False,flu_outbreak,winter_peak
2024-12-18,Amoxicillin_250mg,Antibiotic,1392,0.3,417.6,False,flu_outbreak,winter_peak
2024-12-19,Amoxicillin_250mg,Antibiotic,1199,0.3,359.7,False,flu_outbreak,winter_peak
2024-12-20,Amoxicillin_250mg,Antibiotic,1180,0.3,354.0,False,flu_outbreak,winter_peak
2024-12-21,Amoxicillin_250mg,Antibiotic,931,0.3,279.3,False,flu_outbreak,winter_peak
2024-12-22,Amoxicillin_250mg,Antibiotic,945,0.3,283.5,False,flu_outbreak,winter_peak
2024-12-23,Amoxicillin_250mg,Antibiotic,1331,0.3,399.3,False,flu_outbreak,winter_peak
2024-12-24,Amoxicillin_250mg,Antibiotic,987,0.3,296.1,False,flu_outbreak,winter_peak
2024-12-25,Amoxicillin_250mg,Antibiotic,1346,0.3,403.8,False,flu_outbreak,winter_peak
2024-12-26,Amoxicillin_250mg,Antibiotic,1063,0.3,318.9,False,flu_outbreak,winter_peak
2024-12-27,Amoxicillin_250mg,Antibiotic,1174,0.3,352.2,False,flu_outbreak,winter_peak
2024-12-28,Amoxicillin_250mg,Antibiotic,926,0.3,277.8,False,flu_outbreak,winter_peak
2024-12-29,Amoxicillin_250mg,Antibiotic,1004,0.3,301.2,False,flu_outbreak,winter_peak
2024-12-30,Amoxicillin_250mg,Antibiotic,1046,0.3,313.8,False,flu_outbreak,winter_peak
2024-12-31,Amoxicillin_250mg,Antibiotic,1244,0.3,373.2,False,flu_outbreak,winter_peak
2022-01-01,Metformin_500mg,Diabetes,1077,0.1,107.7,False,covid_wave,stable
2022-01-02,Metformin_500mg,Diabetes,826,0.1,82.6,False,covid_wave,stable
2022-01-03,Metformin_500mg,Diabetes,1177,0.1,117.7,False,covid_wave,stable
2022-01-04,Metformin_500mg,Diabetes,1099,0.1,109.9,False,covid_wave,stable
2022-01-05,Metformin_500mg,Diabetes,1200,0.1,120.0,False,covid_wave,stable
2022-01-06,Metformin_500mg,Diabetes,1162,0.1,116.2,False,covid_wave,stable
2022-01-07,Metformin_500mg,Diabetes,1101,0.1,110.1,False,covid_wave,stable
2022-01-08,Metformin_500mg,Diabetes,964,0.1,96.4,False,covid_wave,stable
2022-01-09,Metformin_500mg,Diabetes,1062,0.1,106.2,False,covid_wave,stable
2022-01-10,Metformin_500mg,Diabetes,1143,0.1,114.3,False,covid_wave,stable
2022-01-11,Metformin_500mg,Diabetes,1228,0.1,122.8,False,covid_wave,stable
2022-01-12,Metformin_500mg,Diabetes,1041,0.1,104.1,False,covid_wave,stable
2022-01-13,Metformin_500mg,Diabetes,1073,0.1,107.3,False,covid_wave,stable
2022-01-14,Metformin_500mg,Diabetes,1205,0.1,120.5,False,covid_wave,stable
2022-01-15,Metformin_500mg,Diabetes,1040,0.1,104.0,False,covid_wave,stable
2022-01-16,Metformin_500mg,Diabetes,956,0.1,95.6,False,covid_wave,stable
2022-01-17,Metformin_500mg,Diabetes,1133,0.1,113.3,False,covid_wave,stable
2022-01-18,Metformin_500mg,Diabetes,1162,0.1,116.2,False,covid_wave,stable
2022-01-19,Metformin_500mg,Diabetes,1046,0.1,104.6,False,covid_wave,stable
2022-01-20,Metformin_500mg,Diabetes,1219,0.1,121.9,False,covid_wave,stable
2022-01-21,Metformin_500mg,Diabetes,1245,0.1,124.5,False,covid_wave,stable
2022-01-22,Metformin_500mg,Diabetes,896,0.1,89.6,False,covid_wave,stable
2022-01-23,Metformin_500mg,Diabetes,895,0.1,89.5,False,covid_wave,stable
2022-01-24,Metformin_500mg,Diabetes,1188,0.1,118.8,False,covid_wave,stable
2022-01-25,Metformin_500mg,Diabetes,1123,0.1,112.3,False,covid_wave,stable
2022-01-26,Metformin_500mg,Diabetes,1157,0.1,115.7,False,covid_wave,stable
2022-01-27,Metformin_500mg,Diabetes,1359,0.1,135.9,False,covid_wave,stable
2022-01-28,Metformin_500mg,Diabetes,1141,0.1,114.1,False,covid_wave,stable
2022-01-29,Metformin_500mg,Diabetes,904,0.1,90.4,False,covid_wave,stable
2022-01-30,Metformin_500mg,Diabetes,883,0.1,88.3,False,covid_wave,stable
2022-01-31,Metformin_500mg,Diabetes,1234,0.1,123.4,False,covid_wave,stable
2022-02-01,Metformin_500mg,Diabetes,1148,0.1,114.8,False,covid_wave,stable
2022-02-02,Metformin_500mg,Diabetes,1104,0.1,110.4,False,covid_wave,stable
2022-02-03,Metformin_500mg,Diabetes,1288,0.1,128.8,False,covid_wave,stable
2022-02-04,Metformin_500mg,Diabetes,1297,0.1,129.7,False,covid_wave,stable
2022-02-05,Metformin_500mg,Diabetes,887,0.1,88.7,False,covid_wave,stable
2022-02-06,Metformin_500mg,Diabetes,792,0.1,79.2,False,covid_wave,stable
2022-02-07,Metformin_500mg,Diabetes,1259,0.1,125.9,False,covid_wave,stable
2022-02-08,Metformin_500mg,Diabetes,1102,0.1,110.2,False,covid_wave,stable
2022-02-09,Metformin_500mg,Diabetes,1239,0.1,123.9,False,covid_wave,stable
2022-02-10,Metformin_500mg,Diabetes,982,0.1,98.2,False,covid_wave,stable
2022-02-11,Metformin_500mg,Diabetes,1249,0.1,124.9,False,covid_wave,stable
2022-02-12,Metformin_500mg,Diabetes,842,0.1,84.2,False,covid_wave,stable
2022-02-13,Metformin_500mg,Diabetes,988,0.1,98.8,False,covid_wave,stable
2022-02-14,Metformin_500mg,Diabetes,1168,0.1,116.8,False,covid_wave,stable
2022-02-15,Metformin_500mg,Diabetes,1078,0.1,107.8,False,covid_wave,stable
2022-02-16,Metformin_500mg,Diabetes,1129,0.1,112.9,False,covid_wave,stable
2022-02-17,Metformin_500mg,Diabetes,1231,0.1,123.1,False,covid_wave,stable
2022-02-18,Metformin_500mg,Diabetes,1177,0.1,117.7,False,covid_wave,stable
2022-02-19,Metformin_500mg,Diabetes,977,0.1,97.7,False,covid_wave,stable
2022-02-20,Metformin_500mg,Diabetes,1081,0.1,108.1,False,covid_wave,stable
2022-02-21,Metformin_500mg,Diabetes,1021,0.1,102.1,False,covid_wave,stable
2022-02-22,Metformin_500mg,Diabetes,1319,0.1,131.9,False,covid_wave,stable
2022-02-23,Metformin_500mg,Diabetes,1178,0.1,117.8,False,covid_wave,stable
2022-02-24,Metformin_500mg,Diabetes,1084,0.1,108.4,False,covid_wave,stable
2022-02-25,Metformin_500mg,Diabetes,1044,0.1,104.4,False,covid_wave,stable
2022-02-26,Metformin_500mg,Diabetes,920,0.1,92.0,False,covid_wave,stable
2022-02-27,Metformin_500mg,Diabetes,1004,0.1,100.4,False,covid_wave,stable
2022-02-28,Metformin_500mg,Diabetes,1157,0.1,115.7,False,covid_wave,stable
2022-03-01,Metformin_500mg,Diabetes,1310,0.1,131.0,False,covid_wave,stable
2022-03-02,Metformin_500mg,Diabetes,1033,0.1,103.3,False,covid_wave,stable
2022-03-03,Metformin_500mg,Diabetes,1168,0.1,116.8,False,covid_wave,stable
2022-03-04,Metformin_500mg,Diabetes,1052,0.1,105.2,False,covid_wave,stable
2022-03-05,Metformin_500mg,Diabetes,963,0.1,96.3,False,covid_wave,stable
2022-03-06,Metformin_500mg,Diabetes,1002,0.1,100.2,False,covid_wave,stable
2022-03-07,Metformin_500mg,Diabetes,1130,0.1,113.0,False,covid_wave,stable
2022-03-08,Metformin_500mg,Diabetes,926,0.1,92.6,False,covid_wave,stable
2022-03-09,Metformin_500mg,Diabetes,1189,0.1,118.9,False,covid_wave,stable
2022-03-10,Metformin_500mg,Diabetes,1211,0.1,121.1,False,covid_wave,stable
2022-03-11,Metformin_500mg,Diabetes,1208,0.1,120.8,False,covid_wave,stable
2022-03-12,Metformin_500mg,Diabetes,1028,0.1,102.8,False,covid_wave,stable
2022-03-13,Metformin_500mg,Diabetes,856,0.1,85.6,False,covid_wave,stable
2022-03-14,Metformin_500mg,Diabetes,1235,0.1,123.5,False,covid_wave,stable
2022-03-15,Metformin_500mg,Diabetes,1283,0.1,128.3,False,covid_wave,stable
2022-03-16,Metformin_500mg,Diabetes,1005,0.1,100.5,False,covid_wave,stable
2022-03-17,Metformin_500mg,Diabetes,1201,0.1,120.1,False,covid_wave,stable
2022-03-18,Metformin_500mg,Diabetes,1124,0.1,112.4,False,covid_wave,stable
2022-03-19,Metformin_500mg,Diabetes,931,0.1,93.1,False,covid_wave,stable
2022-03-20,Metformin_500mg,Diabetes,964,0.1,96.4,False,covid_wave,stable
2022-03-21,Metformin_500mg,Diabetes,1126,0.1,112.6,False,covid_wave,stable
2022-03-22,Metformin_500mg,Diabetes,1109,0.1,110.9,False,covid_wave,stable
2022-03-23,Metformin_500mg,Diabetes,1176,0.1,117.6,False,covid_wave,stable
2022-03-24,Metformin_500mg,Diabetes,1071,0.1,107.1,False,covid_wave,stable
2022-03-25,Metformin_500mg,Diabetes,1071,0.1,107.1,False,covid_wave,stable
2022-03-26,Metformin_500mg,Diabetes,989,0.1,98.9,False,covid_wave,stable
2022-03-27,Metformin_500mg,Diabetes,852,0.1,85.2,False,covid_wave,stable
2022-03-28,Metformin_500mg,Diabetes,1236,0.1,123.6,False,covid_wave,stable
2022-03-29,Metformin_500mg,Diabetes,1217,0.1,121.7,False,covid_wave,stable
2022-03-30,Metformin_500mg,Diabetes,1011,0.1,101.1,False,covid_wave,stable
2022-03-31,Metformin_500mg,Diabetes,1110,0.1,111.0,False,covid_wave,stable
2022-04-01,Metformin_500mg,Diabetes,887,0.1,88.7,False,none,stable
2022-04-02,Metformin_500mg,Diabetes,596,0.1,59.6,False,none,stable
2022-04-03,Metformin_500mg,Diabetes,623,0.1,62.3,False,none,stable
2022-04-04,Metformin_500mg,Diabetes,840,0.1,84.0,False,none,stable
2022-04-05,Metformin_500mg,Diabetes,861,0.1,86.1,False,none,stable
2022-04-06,Metformin_500mg,Diabetes,794,0.1,79.4,False,none,stable
2022-04-07,Metformin_500mg,Diabetes,771,0.1,77.1,False,none,stable
2022-04-08,Metformin_500mg,Diabetes,902,0.1,90.2,False,none,stable
2022-04-09,Metformin_500mg,Diabetes,738,0.1,73.8,False,none,stable
2022-04-10,Metformin_500mg,Diabetes,699,0.1,69.9,False,none,stable
2022-04-11,Metformin_500mg,Diabetes,816,0.1,81.6,False,none,stable
2022-04-12,Metformin_500mg,Diabetes,758,0.1,75.8,False,none,stable
2022-04-13,Metformin_500mg,Diabetes,757,0.1,75.7,False,none,stable
2022-04-14,Metformin_500mg,Diabetes,845,0.1,84.5,False,none,stable
2022-04-15,Metformin_500mg,Diabetes,838,0.1,83.8,False,none,stable
2022-04-16,Metformin_500mg,Diabetes,721,0.1,72.1,False,none,stable
2022-04-17,Metformin_500mg,Diabetes,682,0.1,68.2,False,none,stable
2022-04-18,Metformin_500mg,Diabetes,714,0.1,71.4,False,none,stable
2022-04-19,Metformin_500mg,Diabetes,880,0.1,88.0,False,none,stable
2022-04-20,Metformin_500mg,Diabetes,747,0.1,74.7,False,none,stable
2022-04-21,Metformin_500mg,Diabetes,787,0.1,78.7,False,none,stable
2022-04-22,Metformin_500mg,Diabetes,828,0.1,82.8,False,none,stable
2022-04-23,Metformin_500mg,Diabetes,752,0.1,75.2,False,none,stable
2022-04-24,Metformin_500mg,Diabetes,811,0.1,81.1,False,none,stable
2022-04-25,Metformin_500mg,Diabetes,851,0.1,85.1,False,none,stable
2022-04-26,Metformin_500mg,Diabetes,800,0.1,80.0,False,none,stable
2022-04-27,Metformin_500mg,Diabetes,847,0.1,84.7,False,none,stable
2022-04-28,Metformin_500mg,Diabetes,870,0.1,87.0,False,none,stable
2022-04-29,Metformin_500mg,Diabetes,792,0.1,79.2,False,none,stable
2022-04-30,Metformin_500mg,Diabetes,743,0.1,74.3,False,none,stable
2022-05-01,Metformin_500mg,Diabetes,662,0.1,66.2,False,none,stable
2022-05-02,Metformin_500mg,Diabetes,845,0.1,84.5,False,none,stable
2022-05-03,Metformin_500mg,Diabetes,856,0.1,85.6,False,none,stable
2022-05-04,Metformin_500mg,Diabetes,840,0.1,84.0,False,none,stable
2022-05-05,Metformin_500mg,Diabetes,868,0.1,86.8,False,none,stable
2022-05-06,Metformin_500mg,Diabetes,773,0.1,77.3,False,none,stable
2022-05-07,Metformin_500mg,Diabetes,621,0.1,62.1,False,none,stable
2022-05-08,Metformin_500mg,Diabetes,593,0.1,59.3,False,none,stable
2022-05-09,Metformin_500mg,Diabetes,842,0.1,84.2,False,none,stable
2022-05-10,Metformin_500mg,Diabetes,864,0.1,86.4,False,none,stable
2022-05-11,Metformin_500mg,Diabetes,844,0.1,84.4,False,none,stable
2022-05-12,Metformin_500mg,Diabetes,923,0.1,92.3,False,none,stable
2022-05-13,Metformin_500mg,Diabetes,814,0.1,81.4,False,none,stable
2022-05-14,Metformin_500mg,Diabetes,686,0.1,68.6,False,none,stable
2022-05-15,Metformin_500mg,Diabetes,594,0.1,59.4,False,none,stable
2022-05-16,Metformin_500mg,Diabetes,789,0.1,78.9,False,none,stable
2022-05-17,Metformin_500mg,Diabetes,860,0.1,86.0,False,none,stable
2022-05-18,Metformin_500mg,Diabetes,870,0.1,87.0,False,none,stable
2022-05-19,Metformin_500mg,Diabetes,795,0.1,79.5,False,none,stable
2022-05-20,Metformin_500mg,Diabetes,810,0.1,81.0,False,none,stable
2022-05-21,Metformin_500mg,Diabetes,572,0.1,57.2,False,none,stable
2022-05-22,Metformin_500mg,Diabetes,633,0.1,63.3,False,none,stable
2022-05-23,Metformin_500mg,Diabetes,873,0.1,87.3,False,none,stable
2022-05-24,Metformin_500mg,Diabetes,853,0.1,85.3,False,none,stable
2022-05-25,Metformin_500mg,Diabetes,848,0.1,84.8,False,none,stable
2022-05-26,Metformin_500mg,Diabetes,819,0.1,81.9,False,none,stable
2022-05-27,Metformin_500mg,Diabetes,816,0.1,81.6,False,none,stable
2022-05-28,Metformin_500mg,Diabetes,617,0.1,61.7,False,none,stable
2022-05-29,Metformin_500mg,Diabetes,688,0.1,68.8,False,none,stable
2022-05-30,Metformin_500mg,Diabetes,843,0.1,84.3,False,none,stable
2022-05-31,Metformin_500mg,Diabetes,848,0.1,84.8,False,none,stable
2022-06-01,Metformin_500mg,Diabetes,782,0.1,78.2,False,none,stable
2022-06-02,Metformin_500mg,Diabetes,675,0.1,67.5,False,none,stable
2022-06-03,Metformin_500mg,Diabetes,888,0.1,88.8,False,none,stable
2022-06-04,Metformin_500mg,Diabetes,628,0.1,62.8,False,none,stable
2022-06-05,Metformin_500mg,Diabetes,608,0.1,60.8,False,none,stable
2022-06-06,Metformin_500mg,Diabetes,862,0.1,86.2,False,none,stable
2022-06-07,Metformin_500mg,Diabetes,791,0.1,79.1,False,none,stable
2022-06-08,Metformin_500mg,Diabetes,886,0.1,88.6,False,none,stable
2022-06-09,Metformin_500mg,Diabetes,857,0.1,85.7,False,none,stable
2022-06-10,Metformin_500mg,Diabetes,862,0.1,86.2,False,none,stable
2022-06-11,Metformin_500mg,Diabetes,582,0.1,58.2,False,none,stable
2022-06-12,Metformin_500mg,Diabetes,717,0.1,71.7,False,none,stable
2022-06-13,Metformin_500mg,Diabetes,834,0.1,83.4,False,none,stable
2022-06-14,Metformin_500mg,Diabetes,793,0.1,79.3,False,none,stable
2022-06-15,Metformin_500mg,Diabetes,827,0.1,82.7,False,none,stable
2022-06-16,Metformin_500mg,Diabetes,701,0.1,70.1,False,none,stable
2022-06-17,Metformin_500mg,Diabetes,845,0.1,84.5,False,none,stable
2022-06-18,Metformin_500mg,Diabetes,600,0.1,60.0,False,none,stable
2022-06-19,Metformin_500mg,Diabetes,583,0.1,58.3,False,none,stable
2022-06-20,Metformin_500mg,Diabetes,718,0.1,71.8,False,none,stable
2022-06-21,Metformin_500mg,Diabetes,891,0.1,89.1,False,none,stable
2022-06-22,Metformin_500mg,Diabetes,777,0.1,77.7,False,none,stable
2022-06-23,Metformin_500mg,Diabetes,919,0.1,91.9,False,none,stable
2022-06-24,Metformin_500mg,Diabetes,783,0.1,78.3,False,none,stable
2022-06-25,Metformin_500mg,Diabetes,565,0.1,56.5,False,none,stable
2022-06-26,Metformin_500mg,Diabetes,596,0.1,59.6,False,none,stable
2022-06-27,Metformin_500mg,Diabetes,900,0.1,90.0,False,none,stable
2022-06-28,Metformin_500mg,Diabetes,809,0.1,80.9,False,none,stable
2022-06-29,Metformin_500mg,Diabetes,783,0.1,78.3,False,none,stable
2022-06-30,Metformin_500mg,Diabetes,830,0.1,83.0,False,none,stable
2022-07-01,Metformin_500mg,Diabetes,852,0.1,85.2,False,none,stable
2022-07-02,Metformin_500mg,Diabetes,714,0.1,71.4,False,none,stable
2022-07-03,Metformin_500mg,Diabetes,732,0.1,73.2,False,none,stable
2022-07-04,Metformin_500mg,Diabetes,796,0.1,79.6,False,none,stable
2022-07-05,Metformin_500mg,Diabetes,733,0.1,73.3,False,none,stable
2022-07-06,Metformin_500mg,Diabetes,793,0.1,79.3,False,none,stable
2022-07-07,Metformin_500mg,Diabetes,837,0.1,83.7,False,none,stable
2022-07-08,Metformin_500mg,Diabetes,757,0.1,75.7,False,none,stable
2022-07-09,Metformin_500mg,Diabetes,605,0.1,60.5,False,none,stable
2022-07-10,Metformin_500mg,Diabetes,674,0.1,67.4,False,none,stable
2022-07-11,Metformin_500mg,Diabetes,817,0.1,81.7,False,none,stable
2022-07-12,Metformin_500mg,Diabetes,823,0.1,82.3,False,none,stable
2022-07-13,Metformin_500mg,Diabetes,771,0.1,77.1,False,none,stable
2022-07-14,Metformin_500mg,Diabetes,806,0.1,80.6,False,none,stable
2022-07-15,Metformin_500mg,Diabetes,760,0.1,76.0,False,none,stable
2022-07-16,Metformin_500mg,Diabetes,703,0.1,70.3,False,none,stable
2022-07-17,Metformin_500mg,Diabetes,711,0.1,71.1,False,none,stable
2022-07-18,Metformin_500mg,Diabetes,700,0.1,70.0,False,none,stable
2022-07-19,Metformin_500mg,Diabetes,760,0.1,76.0,False,none,stable
2022-07-20,Metformin_500mg,Diabetes,723,0.1,72.3,False,none,stable
2022-07-21,Metformin_500mg,Diabetes,779,0.1,77.9,False,none,stable
2022-07-22,Metformin_500mg,Diabetes,816,0.1,81.6,False,none,stable
2022-07-23,Metformin_500mg,Diabetes,580,0.1,58.0,False,none,stable
2022-07-24,Metformin_500mg,Diabetes,608,0.1,60.8,False,none,stable
2022-07-25,Metformin_500mg,Diabetes,756,0.1,75.6,False,none,stable
2022-07-26,Metformin_500mg,Diabetes,836,0.1,83.6,False,none,stable
2022-07-27,Metformin_500mg,Diabetes,827,0.1,82.7,False,none,stable
2022-07-28,Metformin_500mg,Diabetes,775,0.1,77.5,False,none,stable
2022-07-29,Metformin_500mg,Diabetes,834,0.1,83.4,False,none,stable
2022-07-30,Metformin_500mg,Diabetes,629,0.1,62.9,False,none,stable
2022-07-31,Metformin_500mg,Diabetes,644,0.1,64.4,False,none,stable
2022-08-01,Metformin_500mg,Diabetes,933,0.1,93.3,False,none,stable
2022-08-02,Metformin_500mg,Diabetes,911,0.1,91.1,False,none,stable
2022-08-03,Metformin_500mg,Diabetes,737,0.1,73.7,False,none,stable
2022-08-04,Metformin_500mg,Diabetes,878,0.1,87.8,False,none,stable
2022-08-05,Metformin_500mg,Diabetes,877,0.1,87.7,False,none,stable
2022-08-06,Metformin_500mg,Diabetes,598,0.1,59.8,False,none,stable
2022-08-07,Metformin_500mg,Diabetes,701,0.1,70.1,False,none,stable
2022-08-08,Metformin_500mg,Diabetes,925,0.1,92.5,False,none,stable
2022-08-09,Metformin_500mg,Diabetes,750,0.1,75.0,False,none,stable
2022-08-10,Metformin_500mg,Diabetes,763,0.1,76.3,False,none,stable
2022-08-11,Metformin_500mg,Diabetes,891,0.1,89.1,False,none,stable
2022-08-12,Metformin_500mg,Diabetes,842,0.1,84.2,False,none,stable
2022-08-13,Metformin_500mg,Diabetes,688,0.1,68.8,False,none,stable
2022-08-14,Metformin_500mg,Diabetes,677,0.1,67.7,False,none,stable
2022-08-15,Metformin_500mg,Diabetes,850,0.1,85.0,False,none,stable
2022-08-16,Metformin_500mg,Diabetes,737,0.1,73.7,False,none,stable
2022-08-17,Metformin_500mg,Diabetes,894,0.1,89.4,False,none,stable
2022-08-18,Metformin_500mg,Diabetes,902,0.1,90.2,False,none,stable
2022-08-19,Metformin_500mg,Diabetes,810,0.1,81.0,False,none,stable
2022-08-20,Metformin_500mg,Diabetes,657,0.1,65.7,False,none,stable
2022-08-21,Metformin_500mg,Diabetes,579,0.1,57.9,False,none,stable
2022-08-22,Metformin_500mg,Diabetes,859,0.1,85.9,False,none,stable
2022-08-23,Metformin_500mg,Diabetes,863,0.1,86.3,False,none,stable
2022-08-24,Metformin_500mg,Diabetes,821,0.1,82.1,False,none,stable
2022-08-25,Metformin_500mg,Diabetes,900,0.1,90.0,False,none,stable
2022-08-26,Metformin_500mg,Diabetes,803,0.1,80.3,False,none,stable
2022-08-27,Metformin_500mg,Diabetes,690,0.1,69.0,False,none,stable
2022-08-28,Metformin_500mg,Diabetes,606,0.1,60.6,False,none,stable
2022-08-29,Metformin_500mg,Diabetes,824,0.1,82.4,False,none,stable
2022-08-30,Metformin_500mg,Diabetes,814,0.1,81.4,False,none,stable
2022-08-31,Metformin_500mg,Diabetes,841,0.1,84.1,False,none,stable
2022-09-01,Metformin_500mg,Diabetes,802,0.1,80.2,False,none,stable
2022-09-02,Metformin_500mg,Diabetes,818,0.1,81.8,False,none,stable
2022-09-03,Metformin_500mg,Diabetes,704,0.1,70.4,False,none,stable
2022-09-04,Metformin_500mg,Diabetes,638,0.1,63.8,False,none,stable
2022-09-05,Metformin_500mg,Diabetes,720,0.1,72.0,False,none,stable
2022-09-06,Metformin_500mg,Diabetes,942,0.1,94.2,False,none,stable
2022-09-07,Metformin_500mg,Diabetes,918,0.1,91.8,False,none,stable
2022-09-08,Metformin_500mg,Diabetes,741,0.1,74.1,False,none,stable
2022-09-09,Metformin_500mg,Diabetes,873,0.1,87.3,False,none,stable
2022-09-10,Metformin_500mg,Diabetes,635,0.1,63.5,False,none,stable
2022-09-11,Metformin_500mg,Diabetes,676,0.1,67.6,False,none,stable
2022-09-12,Metformin_500mg,Diabetes,847,0.1,84.7,False,none,stable
2022-09-13,Metformin_500mg,Diabetes,812,0.1,81.2,False,none,stable
2022-09-14,Metformin_500mg,Diabetes,776,0.1,77.6,False,none,stable
2022-09-15,Metformin_500mg,Diabetes,782,0.1,78.2,False,none,stable
2022-09-16,Metformin_500mg,Diabetes,767,0.1,76.7,False,none,stable
2022-09-17,Metformin_500mg,Diabetes,618,0.1,61.8,False,none,stable
2022-09-18,Metformin_500mg,Diabetes,659,0.1,65.9,False,none,stable
2022-09-19,Metformin_500mg,Diabetes,781,0.1,78.1,False,none,stable
2022-09-20,Metformin_500mg,Diabetes,873,0.1,87.3,False,none,stable
2022-09-21,Metformin_500mg,Diabetes,927,0.1,92.7,False,none,stable
2022-09-22,Metformin_500mg,Diabetes,790,0.1,79.0,False,none,stable
2022-09-23,Metformin_500mg,Diabetes,844,0.1,84.4,False,none,stable
2022-09-24,Metformin_500mg,Diabetes,689,0.1,68.9,False,none,stable
2022-09-25,Metformin_500mg,Diabetes,688,0.1,68.8,False,none,stable
2022-09-26,Metformin_500mg,Diabetes,834,0.1,83.4,False,none,stable
2022-09-27,Metformin_500mg,Diabetes,878,0.1,87.8,False,none,stable
2022-09-28,Metformin_500mg,Diabetes,861,0.1,86.1,False,none,stable
2022-09-29,Metformin_500mg,Diabetes,747,0.1,74.7,False,none,stable
2022-09-30,Metformin_500mg,Diabetes,887,0.1,88.7,False,none,stable
2022-10-01,Metformin_500mg,Diabetes,710,0.1,71.0,False,none,stable
2022-10-02,Metformin_500mg,Diabetes,623,0.1,62.3,False,none,stable
2022-10-03,Metformin_500mg,Diabetes,832,0.1,83.2,False,none,stable
2022-10-04,Metformin_500mg,Diabetes,875,0.1,87.5,False,none,stable
2022-10-05,Metformin_500mg,Diabetes,816,0.1,81.6,False,none,stable
2022-10-06,Metformin_500mg,Diabetes,901,0.1,90.1,False,none,stable
2022-10-07,Metformin_500mg,Diabetes,987,0.1,98.7,False,none,stable
2022-10-08,Metformin_500mg,Diabetes,622,0.1,62.2,False,none,stable
2022-10-09,Metformin_500mg,Diabetes,591,0.1,59.1,False,none,stable
2022-10-10,Metformin_500mg,Diabetes,851,0.1,85.1,False,none,stable
2022-10-11,Metformin_500mg,Diabetes,878,0.1,87.8,False,none,stable
2022-10-12,Metformin_500mg,Diabetes,815,0.1,81.5,False,none,stable
2022-10-13,Metformin_500mg,Diabetes,927,0.1,92.7,False,none,stable
2022-10-14,Metformin_500mg,Diabetes,742,0.1,74.2,False,none,stable
2022-10-15,Metformin_500mg,Diabetes,701,0.1,70.1,False,none,stable
2022-10-16,Metformin_500mg,Diabetes,632,0.1,63.2,False,none,stable
2022-10-17,Metformin_500mg,Diabetes,946,0.1,94.6,False,none,stable
2022-10-18,Metformin_500mg,Diabetes,964,0.1,96.4,False,none,stable
2022-10-19,Metformin_500mg,Diabetes,780,0.1,78.0,False,none,stable
2022-10-20,Metformin_500mg,Diabetes,795,0.1,79.5,False,none,stable
2022-10-21,Metformin_500mg,Diabetes,889,0.1,88.9,False,none,stable
2022-10-22,Metformin_500mg,Diabetes,644,0.1,64.4,False,none,stable
2022-10-23,Metformin_500mg,Diabetes,663,0.1,66.3,False,none,stable
2022-10-24,Metformin_500mg,Diabetes,834,0.1,83.4,False,none,stable
2022-10-25,Metformin_500mg,Diabetes,704,0.1,70.4,False,none,stable
2022-10-26,Metformin_500mg,Diabetes,831,0.1,83.1,False,none,stable
2022-10-27,Metformin_500mg,Diabetes,786,0.1,78.6,False,none,stable
2022-10-28,Metformin_500mg,Diabetes,800,0.1,80.0,False,none,stable
2022-10-29,Metformin_500mg,Diabetes,743,0.1,74.3,False,none,stable
2022-10-30,Metformin_500mg,Diabetes,599,0.1,59.9,False,none,stable
2022-10-31,Metformin_500mg,Diabetes,887,0.1,88.7,False,none,stable
2022-11-01,Metformin_500mg,Diabetes,814,0.1,81.4,False,none,stable
2022-11-02,Metformin_500mg,Diabetes,814,0.1,81.4,False,none,stable
2022-11-03,Metformin_500mg,Diabetes,886,0.1,88.6,False,none,stable
2022-11-04,Metformin_500mg,Diabetes,856,0.1,85.6,False,none,stable
2022-11-05,Metformin_500mg,Diabetes,696,0.1,69.6,False,none,stable
2022-11-06,Metformin_500mg,Diabetes,718,0.1,71.8,False,none,stable
2022-11-07,Metformin_500mg,Diabetes,811,0.1,81.1,False,none,stable
2022-11-08,Metformin_500mg,Diabetes,793,0.1,79.3,False,none,stable
2022-11-09,Metformin_500mg,Diabetes,761,0.1,76.1,False,none,stable
2022-11-10,Metformin_500mg,Diabetes,779,0.1,77.9,False,none,stable
2022-11-11,Metformin_500mg,Diabetes,1031,0.1,103.1,False,none,stable
2022-11-12,Metformin_500mg,Diabetes,733,0.1,73.3,False,none,stable
2022-11-13,Metformin_500mg,Diabetes,595,0.1,59.5,False,none,stable
2022-11-14,Metformin_500mg,Diabetes,746,0.1,74.6,False,none,stable
2022-11-15,Metformin_500mg,Diabetes,867,0.1,86.7,False,none,stable
2022-11-16,Metformin_500mg,Diabetes,871,0.1,87.1,False,none,stable
2022-11-17,Metformin_500mg,Diabetes,871,0.1,87.1,False,none,stable
2022-11-18,Metformin_500mg,Diabetes,818,0.1,81.8,False,none,stable
2022-11-19,Metformin_500mg,Diabetes,660,0.1,66.0,False,none,stable
2022-11-20,Metformin_500mg,Diabetes,685,0.1,68.5,False,none,stable
2022-11-21,Metformin_500mg,Diabetes,841,0.1,84.1,False,none,stable
2022-11-22,Metformin_500mg,Diabetes,687,0.1,68.7,False,none,stable
2022-11-23,Metformin_500mg,Diabetes,820,0.1,82.0,False,none,stable
2022-11-24,Metformin_500mg,Diabetes,778,0.1,77.8,False,none,stable
2022-11-25,Metformin_500mg,Diabetes,847,0.1,84.7,False,none,stable
2022-11-26,Metformin_500mg,Diabetes,828,0.1,82.8,False,none,stable
2022-11-27,Metformin_500mg,Diabetes,688,0.1,68.8,False,none,stable
2022-11-28,Metformin_500mg,Diabetes,815,0.1,81.5,False,none,stable
2022-11-29,Metformin_500mg,Diabetes,898,0.1,89.8,False,none,stable
2022-11-30,Metformin_500mg,Diabetes,868,0.1,86.8,False,none,stable
2022-12-01,Metformin_500mg,Diabetes,864,0.1,86.4,False,none,stable
2022-12-02,Metformin_500mg,Diabetes,877,0.1,87.7,False,none,stable
2022-12-03,Metformin_500mg,Diabetes,779,0.1,77.9,False,none,stable
2022-12-04,Metformin_500mg,Diabetes,608,0.1,60.8,False,none,stable
2022-12-05,Metformin_500mg,Diabetes,868,0.1,86.8,False,none,stable
2022-12-06,Metformin_500mg,Diabetes,775,0.1,77.5,False,none,stable
2022-12-07,Metformin_500mg,Diabetes,874,0.1,87.4,False,none,stable
2022-12-08,Metformin_500mg,Diabetes,775,0.1,77.5,False,none,stable
2022-12-09,Metformin_500mg,Diabetes,809,0.1,80.9,False,none,stable
2022-12-10,Metformin_500mg,Diabetes,653,0.1,65.3,False,none,stable
2022-12-11,Metformin_500mg,Diabetes,722,0.1,72.2,False,none,stable
2022-12-12,Metformin_500mg,Diabetes,899,0.1,89.9,False,none,stable
2022-12-13,Metformin_500mg,Diabetes,754,0.1,75.4,False,none,stable
2022-12-14,Metformin_500mg,Diabetes,841,0.1,84.1,False,none,stable
2022-12-15,Metformin_500mg,Diabetes,790,0.1,79.0,False,none,stable
2022-12-16,Metformin_500mg,Diabetes,753,0.1,75.3,False,none,stable
2022-12-17,Metformin_500mg,Diabetes,658,0.1,65.8,False,none,stable
2022-12-18,Metformin_500mg,Diabetes,653,0.1,65.3,False,none,stable
2022-12-19,Metformin_500mg,Diabetes,1001,0.1,100.1,False,none,stable
2022-12-20,Metformin_500mg,Diabetes,867,0.1,86.7,False,none,stable
2022-12-21,Metformin_500mg,Diabetes,746,0.1,74.6,False,none,stable
2022-12-22,Metformin_500mg,Diabetes,801,0.1,80.1,False,none,stable
2022-12-23,Metformin_500mg,Diabetes,907,0.1,90.7,False,none,stable
2022-12-24,Metformin_500mg,Diabetes,783,0.1,78.3,False,none,stable
2022-12-25,Metformin_500mg,Diabetes,585,0.1,58.5,False,none,stable
2022-12-26,Metformin_500mg,Diabetes,713,0.1,71.3,False,none,stable
2022-12-27,Metformin_500mg,Diabetes,965,0.1,96.5,False,none,stable
2022-12-28,Metformin_500mg,Diabetes,865,0.1,86.5,False,none,stable
2022-12-29,Metformin_500mg,Diabetes,781,0.1,78.1,False,none,stable
2022-12-30,Metformin_500mg,Diabetes,875,0.1,87.5,False,none,stable
2022-12-31,Metformin_500mg,Diabetes,529,0.1,52.9,False,none,stable
2023-01-01,Metformin_500mg,Diabetes,672,0.1,67.2,False,none,stable
2023-01-02,Metformin_500mg,Diabetes,862,0.1,86.2,False,none,stable
2023-01-03,Metformin_500mg,Diabetes,902,0.1,90.2,False,none,stable
2023-01-04,Metformin_500mg,Diabetes,772,0.1,77.2,False,none,stable
2023-01-05,Metformin_500mg,Diabetes,846,0.1,84.6,False,none,stable
2023-01-06,Metformin_500mg,Diabetes,778,0.1,77.8,False,none,stable
2023-01-07,Metformin_500mg,Diabetes,685,0.1,68.5,False,none,stable
2023-01-08,Metformin_500mg,Diabetes,624,0.1,62.4,False,none,stable
2023-01-09,Metformin_500mg,Diabetes,813,0.1,81.3,False,none,stable
2023-01-10,Metformin_500mg,Diabetes,773,0.1,77.3,False,none,stable
2023-01-11,Metformin_500mg,Diabetes,884,0.1,88.4,False,none,stable
2023-01-12,Metformin_500mg,Diabetes,898,0.1,89.8,False,none,stable
2023-01-13,Metformin_500mg,Diabetes,825,0.1,82.5,False,none,stable
2023-01-14,Metformin_500mg,Diabetes,674,0.1,67.4,False,none,stable
2023-01-15,Metformin_500mg,Diabetes,595,0.1,59.5,False,none,stable
2023-01-16,Metformin_500mg,Diabetes,821,0.1,82.1,False,none,stable
2023-01-17,Metformin_500mg,Diabetes,838,0.1,83.8,False,none,stable
2023-01-18,Metformin_500mg,Diabetes,1018,0.1,101.8,False,none,stable
2023-01-19,Metformin_500mg,Diabetes,767,0.1,76.7,False,none,stable
2023-01-20,Metformin_500mg,Diabetes,940,0.1,94.0,False,none,stable
2023-01-21,Metformin_500mg,Diabetes,727,0.1,72.7,False,none,stable
2023-01-22,Metformin_500mg,Diabetes,688,0.1,68.8,False,none,stable
2023-01-23,Metformin_500mg,Diabetes,960,0.1,96.0,False,none,stable
2023-01-24,Metformin_500mg,Diabetes,867,0.1,86.7,False,none,stable
2023-01-25,Metformin_500mg,Diabetes,868,0.1,86.8,False,none,stable
2023-01-26,Metformin_500mg,Diabetes,839,0.1,83.9,False,none,stable
2023-01-27,Metformin_500mg,Diabetes,925,0.1,92.5,False,none,stable
2023-01-28,Metformin_500mg,Diabetes,732,0.1,73.2,False,none,stable
2023-01-29,Metformin_500mg,Diabetes,640,0.1,64.0,False,none,stable
2023-01-30,Metformin_500mg,Diabetes,754,0.1,75.4,False,none,stable
2023-01-31,Metformin_500mg,Diabetes,829,0.1,82.9,False,none,stable
2023-02-01,Metformin_500mg,Diabetes,789,0.1,78.9,False,none,stable
2023-02-02,Metformin_500mg,Diabetes,839,0.1,83.9,False,none,stable
2023-02-03,Metformin_500mg,Diabetes,927,0.1,92.7,False,none,stable
2023-02-04,Metformin_500mg,Diabetes,649,0.1,64.9,False,none,stable
2023-02-05,Metformin_500mg,Diabetes,672,0.1,67.2,False,none,stable
2023-02-06,Metformin_500mg,Diabetes,847,0.1,84.7,False,none,stable
2023-02-07,Metformin_500mg,Diabetes,901,0.1,90.1,False,none,stable
2023-02-08,Metformin_500mg,Diabetes,692,0.1,69.2,False,none,stable
2023-02-09,Metformin_500mg,Diabetes,803,0.1,80.3,False,none,stable
2023-02-10,Metformin_500mg,Diabetes,858,0.1,85.8,False,none,stable
2023-02-11,Metformin_500mg,Diabetes,740,0.1,74.0,False,none,stable
2023-02-12,Metformin_500mg,Diabetes,648,0.1,64.8,False,none,stable
2023-02-13,Metformin_500mg,Diabetes,717,0.1,71.7,False,none,stable
2023-02-14,Metformin_500mg,Diabetes,886,0.1,88.6,False,none,stable
2023-02-15,Metformin_500mg,Diabetes,801,0.1,80.1,False,none,stable
2023-02-16,Metformin_500mg,Diabetes,764,0.1,76.4,False,none,stable
2023-02-17,Metformin_500mg,Diabetes,802,0.1,80.2,False,none,stable
2023-02-18,Metformin_500mg,Diabetes,665,0.1,66.5,False,none,stable
2023-02-19,Metformin_500mg,Diabetes,643,0.1,64.3,False,none,stable
2023-02-20,Metformin_500mg,Diabetes,696,0.1,69.6,False,none,stable
2023-02-21,Metformin_500mg,Diabetes,906,0.1,90.6,False,none,stable
2023-02-22,Metformin_500mg,Diabetes,931,0.1,93.1,False,none,stable
2023-02-23,Metformin_500mg,Diabetes,889,0.1,88.9,False,none,stable
2023-02-24,Metformin_500mg,Diabetes,768,0.1,76.8,False,none,stable
2023-02-25,Metformin_500mg,Diabetes,665,0.1,66.5,False,none,stable
2023-02-26,Metformin_500mg,Diabetes,676,0.1,67.6,False,none,stable
2023-02-27,Metformin_500mg,Diabetes,886,0.1,88.6,False,none,stable
2023-02-28,Metformin_500mg,Diabetes,891,0.1,89.1,False,none,stable
2023-03-01,Metformin_500mg,Diabetes,796,0.1,79.6,False,none,stable
2023-03-02,Metformin_500mg,Diabetes,852,0.1,85.2,False,none,stable
2023-03-03,Metformin_500mg,Diabetes,877,0.1,87.7,False,none,stable
2023-03-04,Metformin_500mg,Diabetes,756,0.1,75.6,False,none,stable
2023-03-05,Metformin_500mg,Diabetes,715,0.1,71.5,False,none,stable
2023-03-06,Metformin_500mg,Diabetes,900,0.1,90.0,False,none,stable
2023-03-07,Metformin_500mg,Diabetes,852,0.1,85.2,False,none,stable
2023-03-08,Metformin_500mg,Diabetes,942,0.1,94.2,False,none,stable
2023-03-09,Metformin_500mg,Diabetes,875,0.1,87.5,False,none,stable
2023-03-10,Metformin_500mg,Diabetes,789,0.1,78.9,False,none,stable
2023-03-11,Metformin_500mg,Diabetes,753,0.1,75.3,False,none,stable
2023-03-12,Metformin_500mg,Diabetes,715,0.1,71.5,False,none,stable
2023-03-13,Metformin_500mg,Diabetes,817,0.1,81.7,False,none,stable
2023-03-14,Metformin_500mg,Diabetes,815,0.1,81.5,False,none,stable
2023-03-15,Metformin_500mg,Diabetes,868,0.1,86.8,False,none,stable
2023-03-16,Metformin_500mg,Diabetes,879,0.1,87.9,False,none,stable
2023-03-17,Metformin_500mg,Diabetes,861,0.1,86.1,False,none,stable
2023-03-18,Metformin_500mg,Diabetes,695,0.1,69.5,False,none,stable
2023-03-19,Metformin_500mg,Diabetes,770,0.1,77.0,False,none,stable
2023-03-20,Metformin_500mg,Diabetes,921,0.1,92.1,False,none,stable
2023-03-21,Metformin_500mg,Diabetes,861,0.1,86.1,False,none,stable
2023-03-22,Metformin_500mg,Diabetes,912,0.1,91.2,False,none,stable
2023-03-23,Metformin_500mg,Diabetes,778,0.1,77.8,False,none,stable
2023-03-24,Metformin_500mg,Diabetes,876,0.1,87.6,False,none,stable
2023-03-25,Metformin_500mg,Diabetes,776,0.1,77.6,False,none,stable
2023-03-26,Metformin_500mg,Diabetes,667,0.1,66.7,False,none,stable
2023-03-27,Metformin_500mg,Diabetes,791,0.1,79.1,False,none,stable
2023-03-28,Metformin_500mg,Diabetes,805,0.1,80.5,False,none,stable
2023-03-29,Metformin_500mg,Diabetes,775,0.1,77.5,False,none,stable
2023-03-30,Metformin_500mg,Diabetes,796,0.1,79.6,False,none,stable
2023-03-31,Metformin_500mg,Diabetes,824,0.1,82.4,False,none,stable
2023-04-01,Metformin_500mg,Diabetes,603,0.1,60.3,False,none,stable
2023-04-02,Metformin_500mg,Diabetes,680,0.1,68.0,False,none,stable
2023-04-03,Metformin_500mg,Diabetes,911,0.1,91.1,False,none,stable
2023-04-04,Metformin_500mg,Diabetes,788,0.1,78.8,False,none,stable
2023-04-05,Metformin_500mg,Diabetes,953,0.1,95.3,False,none,stable
2023-04-06,Metformin_500mg,Diabetes,885,0.1,88.5,False,none,stable
2023-04-07,Metformin_500mg,Diabetes,920,0.1,92.0,False,none,stable
2023-04-08,Metformin_500mg,Diabetes,644,0.1,64.4,False,none,stable
2023-04-09,Metformin_500mg,Diabetes,726,0.1,72.6,False,none,stable
2023-04-10,Metformin_500mg,Diabetes,776,0.1,77.6,False,none,stable
2023-04-11,Metformin_500mg,Diabetes,911,0.1,91.1,False,none,stable
2023-04-12,Metformin_500mg,Diabetes,862,0.1,86.2,False,none,stable
2023-04-13,Metformin_500mg,Diabetes,888,0.1,88.8,False,none,stable
2023-04-14,Metformin_500mg,Diabetes,771,0.1,77.1,False,none,stable
2023-04-15,Metformin_500mg,Diabetes,632,0.1,63.2,False,none,stable
2023-04-16,Metformin_500mg,Diabetes,713,0.1,71.3,False,none,stable
2023-04-17,Metformin_500mg,Diabetes,787,0.1,78.7,False,none,stable
2023-04-18,Metformin_500mg,Diabetes,883,0.1,88.3,False,none,stable
2023-04-19,Metformin_500mg,Diabetes,758,0.1,75.8,False,none,stable
2023-04-20,Metformin_500mg,Diabetes,909,0.1,90.9,False,none,stable
2023-04-21,Metformin_500mg,Diabetes,768,0.1,76.8,False,none,stable
2023-04-22,Metformin_500mg,Diabetes,711,0.1,71.1,False,none,stable
2023-04-23,Metformin_500mg,Diabetes,715,0.1,71.5,False,none,stable
2023-04-24,Metformin_500mg,Diabetes,804,0.1,80.4,False,none,stable
2023-04-25,Metformin_500mg,Diabetes,892,0.1,89.2,False,none,stable
2023-04-26,Metformin_500mg,Diabetes,870,0.1,87.0,False,none,stable
2023-04-27,Metformin_500mg,Diabetes,815,0.1,81.5,False,none,stable
2023-04-28,Metformin_500mg,Diabetes,784,0.1,78.4,False,none,stable
2023-04-29,Metformin_500mg,Diabetes,575,0.1,57.5,False,none,stable
2023-04-30,Metformin_500mg,Diabetes,700,0.1,70.0,False,none,stable
2023-05-01,Metformin_500mg,Diabetes,746,0.1,74.6,False,none,stable
2023-05-02,Metformin_500mg,Diabetes,859,0.1,85.9,False,none,stable
2023-05-03,Metformin_500mg,Diabetes,835,0.1,83.5,False,none,stable
2023-05-04,Metformin_500mg,Diabetes,899,0.1,89.9,False,none,stable
2023-05-05,Metformin_500mg,Diabetes,832,0.1,83.2,False,none,stable
2023-05-06,Metformin_500mg,Diabetes,664,0.1,66.4,False,none,stable
2023-05-07,Metformin_500mg,Diabetes,722,0.1,72.2,False,none,stable
2023-05-08,Metformin_500mg,Diabetes,876,0.1,87.6,False,none,stable
2023-05-09,Metformin_500mg,Diabetes,875,0.1,87.5,False,none,stable
2023-05-10,Metformin_500mg,Diabetes,886,0.1,88.6,False,none,stable
2023-05-11,Metformin_500mg,Diabetes,749,0.1,74.9,False,none,stable
2023-05-12,Metformin_500mg,Diabetes,906,0.1,90.6,False,none,stable
2023-05-13,Metformin_500mg,Diabetes,716,0.1,71.6,False,none,stable
2023-05-14,Metformin_500mg,Diabetes,628,0.1,62.8,False,none,stable
2023-05-15,Metformin_500mg,Diabetes,837,0.1,83.7,False,none,stable
2023-05-16,Metformin_500mg,Diabetes,852,0.1,85.2,False,none,stable
2023-05-17,Metformin_500mg,Diabetes,845,0.1,84.5,False,none,stable
2023-05-18,Metformin_500mg,Diabetes,877,0.1,87.7,False,none,stable
2023-05-19,Metformin_500mg,Diabetes,953,0.1,95.3,False,none,stable
2023-05-20,Metformin_500mg,Diabetes,743,0.1,74.3,False,none,stable
2023-05-21,Metformin_500mg,Diabetes,612,0.1,61.2,False,none,stable
2023-05-22,Metformin_500mg,Diabetes,898,0.1,89.8,False,none,stable
2023-05-23,Metformin_500mg,Diabetes,946,0.1,94.6,False,none,stable
2023-05-24,Metformin_500mg,Diabetes,882,0.1,88.2,False,none,stable
2023-05-25,Metformin_500mg,Diabetes,930,0.1,93.0,False,none,stable
2023-05-26,Metformin_500mg,Diabetes,993,0.1,99.3,False,none,stable
2023-05-27,Metformin_500mg,Diabetes,740,0.1,74.0,False,none,stable
2023-05-28,Metformin_500mg,Diabetes,698,0.1,69.8,False,none,stable
2023-05-29,Metformin_500mg,Diabetes,927,0.1,92.7,False,none,stable
2023-05-30,Metformin_500mg,Diabetes,866,0.1,86.6,False,none,stable
2023-05-31,Metformin_500mg,Diabetes,858,0.1,85.8,False,none,stable
2023-06-01,Metformin_500mg,Diabetes,832,0.1,83.2,False,none,stable
2023-06-02,Metformin_500mg,Diabetes,963,0.1,96.3,False,none,stable
2023-06-03,Metformin_500mg,Diabetes,640,0.1,64.0,False,none,stable
2023-06-04,Metformin_500mg,Diabetes,768,0.1,76.8,False,none,stable
2023-06-05,Metformin_500mg,Diabetes,891,0.1,89.1,False,none,stable
2023-06-06,Metformin_500mg,Diabetes,761,0.1,76.1,False,none,stable
2023-06-07,Metformin_500mg,Diabetes,882,0.1,88.2,False,none,stable
2023-06-08,Metformin_500mg,Diabetes,713,0.1,71.3,False,none,stable
2023-06-09,Metformin_500mg,Diabetes,900,0.1,90.0,False,none,stable
2023-06-10,Metformin_500mg,Diabetes,734,0.1,73.4,False,none,stable
2023-06-11,Metformin_500mg,Diabetes,653,0.1,65.3,False,none,stable
2023-06-12,Metformin_500mg,Diabetes,866,0.1,86.6,False,none,stable
2023-06-13,Metformin_500mg,Diabetes,991,0.1,99.1,False,none,stable
2023-06-14,Metformin_500mg,Diabetes,823,0.1,82.3,False,none,stable
2023-06-15,Metformin_500mg,Diabetes,785,0.1,78.5,False,none,stable
2023-06-16,Metformin_500mg,Diabetes,959,0.1,95.9,False,none,stable
2023-06-17,Metformin_500mg,Diabetes,794,0.1,79.4,False,none,stable
2023-06-18,Metformin_500mg,Diabetes,686,0.1,68.6,False,none,stable
2023-06-19,Metformin_500mg,Diabetes,927,0.1,92.7,False,none,stable
2023-06-20,Metformin_500mg,Diabetes,950,0.1,95.0,False,none,stable
2023-06-21,Metformin_500mg,Diabetes,807,0.1,80.7,False,none,stable
2023-06-22,Metformin_500mg,Diabetes,825,0.1,82.5,False,none,stable
2023-06-23,Metformin_500mg,Diabetes,943,0.1,94.3,False,none,stable
2023-06-24,Metformin_500mg,Diabetes,779,0.1,77.9,False,none,stable
2023-06-25,Metformin_500mg,Diabetes,717,0.1,71.7,False,none,stable
2023-06-26,Metformin_500mg,Diabetes,798,0.1,79.8,False,none,stable
2023-06-27,Metformin_500mg,Diabetes,996,0.1,99.6,False,none,stable
2023-06-28,Metformin_500mg,Diabetes,822,0.1,82.2,False,none,stable
2023-06-29,Metformin_500mg,Diabetes,836,0.1,83.6,False,none,stable
2023-06-30,Metformin_500mg,Diabetes,883,0.1,88.3,False,none,stable
2023-07-01,Metformin_500mg,Diabetes,772,0.1,77.2,False,none,stable
2023-07-02,Metformin_500mg,Diabetes,734,0.1,73.4,False,none,stable
2023-07-03,Metformin_500mg,Diabetes,888,0.1,88.8,False,none,stable
2023-07-04,Metformin_500mg,Diabetes,892,0.1,89.2,False,none,stable
2023-07-05,Metformin_500mg,Diabetes,863,0.1,86.3,False,none,stable
2023-07-06,Metformin_500mg,Diabetes,898,0.1,89.8,False,none,stable
2023-07-07,Metformin_500mg,Diabetes,686,0.1,68.6,False,none,stable
2023-07-08,Metformin_500mg,Diabetes,672,0.1,67.2,False,none,stable
2023-07-09,Metformin_500mg,Diabetes,701,0.1,70.1,False,none,stable
2023-07-10,Metformin_500mg,Diabetes,781,0.1,78.1,False,none,stable
2023-07-11,Metformin_500mg,Diabetes,887,0.1,88.7,False,none,stable
2023-07-12,Metformin_500mg,Diabetes,846,0.1,84.6,False,none,stable
2023-07-13,Metformin_500mg,Diabetes,982,0.1,98.2,False,none,stable
2023-07-14,Metformin_500mg,Diabetes,969,0.1,96.9,False,none,stable
2023-07-15,Metformin_500mg,Diabetes,663,0.1,66.3,False,none,stable
2023-07-16,Metformin_500mg,Diabetes,680,0.1,68.0,False,none,stable
2023-07-17,Metformin_500mg,Diabetes,856,0.1,85.6,False,none,stable
2023-07-18,Metformin_500mg,Diabetes,830,0.1,83.0,False,none,stable
2023-07-19,Metformin_500mg,Diabetes,875,0.1,87.5,False,none,stable
2023-07-20,Metformin_500mg,Diabetes,809,0.1,80.9,False,none,stable
2023-07-21,Metformin_500mg,Diabetes,784,0.1,78.4,False,none,stable
2023-07-22,Metformin_500mg,Diabetes,724,0.1,72.4,False,none,stable
2023-07-23,Metformin_500mg,Diabetes,724,0.1,72.4,False,none,stable
2023-07-24,Metformin_500mg,Diabetes,806,0.1,80.6,False,none,stable
2023-07-25,Metformin_500mg,Diabetes,924,0.1,92.4,False,none,stable
2023-07-26,Metformin_500mg,Diabetes,818,0.1,81.8,False,none,stable
2023-07-27,Metformin_500mg,Diabetes,880,0.1,88.0,False,none,stable
2023-07-28,Metformin_500mg,Diabetes,919,0.1,91.9,False,none,stable
2023-07-29,Metformin_500mg,Diabetes,688,0.1,68.8,False,none,stable
2023-07-30,Metformin_500mg,Diabetes,715,0.1,71.5,False,none,stable
2023-07-31,Metformin_500mg,Diabetes,827,0.1,82.7,False,none,stable
2023-08-01,Metformin_500mg,Diabetes,773,0.1,77.3,False,supply_shortage,stable
2023-08-02,Metformin_500mg,Diabetes,772,0.1,77.2,False,supply_shortage,stable
2023-08-03,Metformin_500mg,Diabetes,738,0.1,73.8,False,supply_shortage,stable
2023-08-04,Metformin_500mg,Diabetes,774,0.1,77.4,False,supply_shortage,stable
2023-08-05,Metformin_500mg,Diabetes,550,0.1,55.0,False,supply_shortage,stable
2023-08-06,Metformin_500mg,Diabetes,604,0.1,60.4,False,supply_shortage,stable
2023-08-07,Metformin_500mg,Diabetes,768,0.1,76.8,False,supply_shortage,stable
2023-08-08,Metformin_500mg,Diabetes,770,0.1,77.0,False,supply_shortage,stable
2023-08-09,Metformin_500mg,Diabetes,771,0.1,77.1,False,supply_shortage,stable
2023-08-10,Metformin_500mg,Diabetes,782,0.1,78.2,False,supply_shortage,stable
2023-08-11,Metformin_500mg,Diabetes,816,0.1,81.6,False,supply_shortage,stable
2023-08-12,Metformin_500mg,Diabetes,672,0.1,67.2,False,supply_shortage,stable
2023-08-13,Metformin_500mg,Diabetes,596,0.1,59.6,False,supply_shortage,stable
2023-08-14,Metformin_500mg,Diabetes,711,0.1,71.1,False,supply_shortage,stable
2023-08-15,Metformin_500mg,Diabetes,721,0.1,72.1,False,supply_shortage,stable
2023-08-16,Metformin_500mg,Diabetes,756,0.1,75.6,False,supply_shortage,stable
2023-08-17,Metformin_500mg,Diabetes,764,0.1,76.4,False,supply_shortage,stable
2023-08-18,Metformin_500mg,Diabetes,738,0.1,73.8,False,supply_shortage,stable
2023-08-19,Metformin_500mg,Diabetes,564,0.1,56.4,False,supply_shortage,stable
2023-08-20,Metformin_500mg,Diabetes,606,0.1,60.6,False,supply_shortage,stable
2023-08-21,Metformin_500mg,Diabetes,798,0.1,79.8,False,supply_shortage,stable
2023-08-22,Metformin_500mg,Diabetes,825,0.1,82.5,False,supply_shortage,stable
2023-08-23,Metformin_500mg,Diabetes,752,0.1,75.2,False,supply_shortage,stable
2023-08-24,Metformin_500mg,Diabetes,761,0.1,76.1,False,supply_shortage,stable
2023-08-25,Metformin_500mg,Diabetes,729,0.1,72.9,False,supply_shortage,stable
2023-08-26,Metformin_500mg,Diabetes,628,0.1,62.8,False,supply_shortage,stable
2023-08-27,Metformin_500mg,Diabetes,587,0.1,58.7,False,supply_shortage,stable
2023-08-28,Metformin_500mg,Diabetes,824,0.1,82.4,False,supply_shortage,stable
2023-08-29,Metformin_500mg,Diabetes,675,0.1,67.5,False,supply_shortage,stable
2023-08-30,Metformin_500mg,Diabetes,765,0.1,76.5,False,supply_shortage,stable
2023-08-31,Metformin_500mg,Diabetes,807,0.1,80.7,False,supply_shortage,stable
2023-09-01,Metformin_500mg,Diabetes,800,0.1,80.0,False,supply_shortage,stable
2023-09-02,Metformin_500mg,Diabetes,766,0.1,76.6,False,supply_shortage,stable
2023-09-03,Metformin_500mg,Diabetes,648,0.1,64.8,False,supply_shortage,stable
2023-09-04,Metformin_500mg,Diabetes,725,0.1,72.5,False,supply_shortage,stable
2023-09-05,Metformin_500mg,Diabetes,783,0.1,78.3,False,supply_shortage,stable
2023-09-06,Metformin_500mg,Diabetes,676,0.1,67.6,False,supply_shortage,stable
2023-09-07,Metformin_500mg,Diabetes,784,0.1,78.4,False,supply_shortage,stable
2023-09-08,Metformin_500mg,Diabetes,736,0.1,73.6,False,supply_shortage,stable
2023-09-09,Metformin_500mg,Diabetes,677,0.1,67.7,False,supply_shortage,stable
2023-09-10,Metformin_500mg,Diabetes,603,0.1,60.3,False,supply_shortage,stable
2023-09-11,Metformin_500mg,Diabetes,782,0.1,78.2,False,supply_shortage,stable
2023-09-12,Metformin_500mg,Diabetes,749,0.1,74.9,False,supply_shortage,stable
2023-09-13,Metformin_500mg,Diabetes,899,0.1,89.9,False,supply_shortage,stable
2023-09-14,Metformin_500mg,Diabetes,769,0.1,76.9,False,supply_shortage,stable
2023-09-15,Metformin_500mg,Diabetes,905,0.1,90.5,False,supply_shortage,stable
2023-09-16,Metformin_500mg,Diabetes,739,0.1,73.9,False,none,stable
2023-09-17,Metformin_500mg,Diabetes,720,0.1,72.0,False,none,stable
2023-09-18,Metformin_500mg,Diabetes,894,0.1,89.4,False,none,stable
2023-09-19,Metformin_500mg,Diabetes,895,0.1,89.5,False,none,stable
2023-09-20,Metformin_500mg,Diabetes,734,0.1,73.4,False,none,stable
2023-09-21,Metformin_500mg,Diabetes,849,0.1,84.9,False,none,stable
2023-09-22,Metformin_500mg,Diabetes,927,0.1,92.7,False,none,stable
2023-09-23,Metformin_500mg,Diabetes,692,0.1,69.2,False,none,stable
2023-09-24,Metformin_500mg,Diabetes,616,0.1,61.6,False,none,stable
2023-09-25,Metformin_500mg,Diabetes,865,0.1,86.5,False,none,stable
2023-09-26,Metformin_500mg,Diabetes,987,0.1,98.7,False,none,stable
2023-09-27,Metformin_500mg,Diabetes,956,0.1,95.6,False,none,stable
2023-09-28,Metformin_500mg,Diabetes,865,0.1,86.5,False,none,stable
2023-09-29,Metformin_500mg,Diabetes,935,0.1,93.5,False,none,stable
2023-09-30,Metformin_500mg,Diabetes,675,0.1,67.5,False,none,stable
2023-10-01,Metformin_500mg,Diabetes,600,0.1,60.0,False,none,stable
2023-10-02,Metformin_500mg,Diabetes,805,0.1,80.5,False,none,stable
2023-10-03,Metformin_500mg,Diabetes,978,0.1,97.8,False,none,stable
2023-10-04,Metformin_500mg,Diabetes,851,0.1,85.1,False,none,stable
2023-10-05,Metformin_500mg,Diabetes,853,0.1,85.3,False,none,stable
2023-10-06,Metformin_500mg,Diabetes,849,0.1,84.9,False,none,stable
2023-10-07,Metformin_500mg,Diabetes,802,0.1,80.2,False,none,stable
2023-10-08,Metformin_500mg,Diabetes,786,0.1,78.6,False,none,stable
2023-10-09,Metformin_500mg,Diabetes,1025,0.1,102.5,False,none,stable
2023-10-10,Metformin_500mg,Diabetes,859,0.1,85.9,False,none,stable
2023-10-11,Metformin_500mg,Diabetes,891,0.1,89.1,False,none,stable
2023-10-12,Metformin_500mg,Diabetes,765,0.1,76.5,False,none,stable
2023-10-13,Metformin_500mg,Diabetes,974,0.1,97.4,False,none,stable
2023-10-14,Metformin_500mg,Diabetes,631,0.1,63.1,False,none,stable
2023-10-15,Metformin_500mg,Diabetes,708,0.1,70.8,False,none,stable
2023-10-16,Metformin_500mg,Diabetes,795,0.1,79.5,False,none,stable
2023-10-17,Metformin_500mg,Diabetes,830,0.1,83.0,False,none,stable
2023-10-18,Metformin_500mg,Diabetes,813,0.1,81.3,False,none,stable
2023-10-19,Metformin_500mg,Diabetes,829,0.1,82.9,False,none,stable
2023-10-20,Metformin_500mg,Diabetes,834,0.1,83.4,False,none,stable
2023-10-21,Metformin_500mg,Diabetes,666,0.1,66.6,False,none,stable
2023-10-22,Metformin_500mg,Diabetes,744,0.1,74.4,False,none,stable
2023-10-23,Metformin_500mg,Diabetes,795,0.1,79.5,False,none,stable
2023-10-24,Metformin_500mg,Diabetes,887,0.1,88.7,False,none,stable
2023-10-25,Metformin_500mg,Diabetes,957,0.1,95.7,False,none,stable
2023-10-26,Metformin_500mg,Diabetes,836,0.1,83.6,False,none,stable
2023-10-27,Metformin_500mg,Diabetes,822,0.1,82.2,False,none,stable
2023-10-28,Metformin_500mg,Diabetes,684,0.1,68.4,False,none,stable
2023-10-29,Metformin_500mg,Diabetes,764,0.1,76.4,False,none,stable
2023-10-30,Metformin_500mg,Diabetes,886,0.1,88.6,False,none,stable
2023-10-31,Metformin_500mg,Diabetes,836,0.1,83.6,False,none,stable
2023-11-01,Metformin_500mg,Diabetes,907,0.1,90.7,False,none,stable
2023-11-02,Metformin_500mg,Diabetes,796,0.1,79.6,False,none,stable
2023-11-03,Metformin_500mg,Diabetes,921,0.1,92.1,False,none,stable
2023-11-04,Metformin_500mg,Diabetes,721,0.1,72.1,False,none,stable
2023-11-05,Metformin_500mg,Diabetes,681,0.1,68.1,False,none,stable
2023-11-06,Metformin_500mg,Diabetes,815,0.1,81.5,False,none,stable
2023-11-07,Metformin_500mg,Diabetes,811,0.1,81.1,False,none,stable
2023-11-08,Metformin_500mg,Diabetes,911,0.1,91.1,False,none,stable
2023-11-09,Metformin_500mg,Diabetes,960,0.1,96.0,False,none,stable
2023-11-10,Metformin_500mg,Diabetes,829,0.1,82.9,False,none,stable
2023-11-11,Metformin_500mg,Diabetes,724,0.1,72.4,False,none,stable
2023-11-12,Metformin_500mg,Diabetes,582,0.1,58.2,False,none,stable
2023-11-13,Metformin_500mg,Diabetes,833,0.1,83.3,False,none,stable
2023-11-14,Metformin_500mg,Diabetes,872,0.1,87.2,False,none,stable
2023-11-15,Metformin_500mg,Diabetes,811,0.1,81.1,False,none,stable
2023-11-16,Metformin_500mg,Diabetes,809,0.1,80.9,False,none,stable
2023-11-17,Metformin_500mg,Diabetes,828,0.1,82.8,False,none,stable
2023-11-18,Metformin_500mg,Diabetes,716,0.1,71.6,False,none,stable
2023-11-19,Metformin_500mg,Diabetes,689,0.1,68.9,False,none,stable
2023-11-20,Metformin_500mg,Diabetes,718,0.1,71.8,False,none,stable
2023-11-21,Metformin_500mg,Diabetes,726,0.1,72.6,False,none,stable
2023-11-22,Metformin_500mg,Diabetes,833,0.1,83.3,False,none,stable
2023-11-23,Metformin_500mg,Diabetes,907,0.1,90.7,False,none,stable
2023-11-24,Metformin_500mg,Diabetes,683,0.1,68.3,False,none,stable
2023-11-25,Metformin_500mg,Diabetes,672,0.1,67.2,False,none,stable
2023-11-26,Metformin_500mg,Diabetes,671,0.1,67.1,False,none,stable
2023-11-27,Metformin_500mg,Diabetes,973,0.1,97.3,False,none,stable
2023-11-28,Metformin_500mg,Diabetes,849,0.1,84.9,False,none,stable
2023-11-29,Metformin_500mg,Diabetes,903,0.1,90.3,False,none,stable
2023-11-30,Metformin_500mg,Diabetes,886,0.1,88.6,False,none,stable
2023-12-01,Metformin_500mg,Diabetes,727,0.1,72.7,False,none,stable
2023-12-02,Metformin_500mg,Diabetes,744,0.1,74.4,False,none,stable
2023-12-03,Metformin_500mg,Diabetes,712,0.1,71.2,False,none,stable
2023-12-04,Metformin_500mg,Diabetes,912,0.1,91.2,False,none,stable
2023-12-05,Metformin_500mg,Diabetes,1152,0.1,115.2,False,none,stable
2023-12-06,Metformin_500mg,Diabetes,730,0.1,73.0,False,none,stable
2023-12-07,Metformin_500mg,Diabetes,998,0.1,99.8,False,none,stable
2023-12-08,Metformin_500mg,Diabetes,857,0.1,85.7,False,none,stable
2023-12-09,Metformin_500mg,Diabetes,717,0.1,71.7,False,none,stable
2023-12-10,Metformin_500mg,Diabetes,699,0.1,69.9,False,none,stable
2023-12-11,Metformin_500mg,Diabetes,847,0.1,84.7,False,none,stable
2023-12-12,Metformin_500mg,Diabetes,837,0.1,83.7,False,none,stable
2023-12-13,Metformin_500mg,Diabetes,901,0.1,90.1,False,none,stable
2023-12-14,Metformin_500mg,Diabetes,771,0.1,77.1,False,none,stable
2023-12-15,Metformin_500mg,Diabetes,930,0.1,93.0,False,none,stable
2023-12-16,Metformin_500mg,Diabetes,679,0.1,67.9,False,none,stable
2023-12-17,Metformin_500mg,Diabetes,638,0.1,63.8,False,none,stable
2023-12-18,Metformin_500mg,Diabetes,846,0.1,84.6,False,none,stable
2023-12-19,Metformin_500mg,Diabetes,966,0.1,96.6,False,none,stable
2023-12-20,Metformin_500mg,Diabetes,841,0.1,84.1,False,none,stable
2023-12-21,Metformin_500mg,Diabetes,903,0.1,90.3,False,none,stable
2023-12-22,Metformin_500mg,Diabetes,827,0.1,82.7,False,none,stable
2023-12-23,Metformin_500mg,Diabetes,745,0.1,74.5,False,none,stable
2023-12-24,Metformin_500mg,Diabetes,741,0.1,74.1,False,none,stable
2023-12-25,Metformin_500mg,Diabetes,1009,0.1,100.9,False,none,stable
2023-12-26,Metformin_500mg,Diabetes,866,0.1,86.6,False,none,stable
2023-12-27,Metformin_500mg,Diabetes,926,0.1,92.6,False,none,stable
2023-12-28,Metformin_500mg,Diabetes,886,0.1,88.6,False,none,stable
2023-12-29,Metformin_500mg,Diabetes,970,0.1,97.0,False,none,stable
2023-12-30,Metformin_500mg,Diabetes,663,0.1,66.3,False,none,stable
2023-12-31,Metformin_500mg,Diabetes,745,0.1,74.5,False,none,stable
2024-01-01,Metformin_500mg,Diabetes,866,0.1,86.6,False,none,stable
2024-01-02,Metformin_500mg,Diabetes,875,0.1,87.5,False,none,stable
2024-01-03,Metformin_500mg,Diabetes,886,0.1,88.6,False,none,stable
2024-01-04,Metformin_500mg,Diabetes,898,0.1,89.8,False,none,stable
2024-01-05,Metformin_500mg,Diabetes,872,0.1,87.2,False,none,stable
2024-01-06,Metformin_500mg,Diabetes,716,0.1,71.6,False,none,stable
2024-01-07,Metformin_500mg,Diabetes,792,0.1,79.2,False,none,stable
2024-01-08,Metformin_500mg,Diabetes,950,0.1,95.0,False,none,stable
2024-01-09,Metformin_500mg,Diabetes,942,0.1,94.2,False,none,stable
2024-01-10,Metformin_500mg,Diabetes,848,0.1,84.8,False,none,stable
2024-01-11,Metformin_500mg,Diabetes,818,0.1,81.8,False,none,stable
2024-01-12,Metformin_500mg,Diabetes,948,0.1,94.8,False,none,stable
2024-01-13,Metformin_500mg,Diabetes,754,0.1,75.4,False,none,stable
2024-01-14,Metformin_500mg,Diabetes,788,0.1,78.8,False,none,stable
2024-01-15,Metformin_500mg,Diabetes,838,0.1,83.8,False,none,stable
2024-01-16,Metformin_500mg,Diabetes,865,0.1,86.5,False,none,stable
2024-01-17,Metformin_500mg,Diabetes,766,0.1,76.6,False,none,stable
2024-01-18,Metformin_500mg,Diabetes,854,0.1,85.4,False,none,stable
2024-01-19,Metformin_500mg,Diabetes,952,0.1,95.2,False,none,stable
2024-01-20,Metformin_500mg,Diabetes,679,0.1,67.9,False,none,stable
2024-01-21,Metformin_500mg,Diabetes,741,0.1,74.1,False,none,stable
2024-01-22,Metformin_500mg,Diabetes,868,0.1,86.8,False,none,stable
2024-01-23,Metformin_500mg,Diabetes,905,0.1,90.5,False,none,stable
2024-01-24,Metformin_500mg,Diabetes,801,0.1,80.1,False,none,stable
2024-01-25,Metformin_500mg,Diabetes,888,0.1,88.8,False,none,stable
2024-01-26,Metformin_500mg,Diabetes,671,0.1,67.1,False,none,stable
2024-01-27,Metformin_500mg,Diabetes,695,0.1,69.5,False,none,stable
2024-01-28,Metformin_500mg,Diabetes,613,0.1,61.3,False,none,stable
2024-01-29,Metformin_500mg,Diabetes,968,0.1,96.8,False,none,stable
2024-01-30,Metformin_500mg,Diabetes,938,0.1,93.8,False,none,stable
2024-01-31,Metformin_500mg,Diabetes,916,0.1,91.6,False,none,stable
2024-02-01,Metformin_500mg,Diabetes,990,0.1,99.0,False,none,stable
2024-02-02,Metformin_500mg,Diabetes,816,0.1,81.6,False,none,stable
2024-02-03,Metformin_500mg,Diabetes,805,0.1,80.5,False,none,stable
2024-02-04,Metformin_500mg,Diabetes,759,0.1,75.9,False,none,stable
2024-02-05,Metformin_500mg,Diabetes,867,0.1,86.7,False,none,stable
2024-02-06,Metformin_500mg,Diabetes,964,0.1,96.4,False,none,stable
2024-02-07,Metformin_500mg,Diabetes,805,0.1,80.5,False,none,stable
2024-02-08,Metformin_500mg,Diabetes,825,0.1,82.5,False,none,stable
2024-02-09,Metformin_500mg,Diabetes,841,0.1,84.1,False,none,stable
2024-02-10,Metformin_500mg,Diabetes,676,0.1,67.6,False,none,stable
2024-02-11,Metformin_500mg,Diabetes,647,0.1,64.7,False,none,stable
2024-02-12,Metformin_500mg,Diabetes,971,0.1,97.1,False,none,stable
2024-02-13,Metformin_500mg,Diabetes,866,0.1,86.6,False,none,stable
2024-02-14,Metformin_500mg,Diabetes,909,0.1,90.9,False,none,stable
2024-02-15,Metformin_500mg,Diabetes,844,0.1,84.4,False,none,stable
2024-02-16,Metformin_500mg,Diabetes,756,0.1,75.6,False,none,stable
2024-02-17,Metformin_500mg,Diabetes,723,0.1,72.3,False,none,stable
2024-02-18,Metformin_500mg,Diabetes,599,0.1,59.9,False,none,stable
2024-02-19,Metformin_500mg,Diabetes,880,0.1,88.0,False,none,stable
2024-02-20,Metformin_500mg,Diabetes,788,0.1,78.8,False,none,stable
2024-02-21,Metformin_500mg,Diabetes,1026,0.1,102.6,False,none,stable
2024-02-22,Metformin_500mg,Diabetes,950,0.1,95.0,False,none,stable
2024-02-23,Metformin_500mg,Diabetes,893,0.1,89.3,False,none,stable
2024-02-24,Metformin_500mg,Diabetes,780,0.1,78.0,False,none,stable
2024-02-25,Metformin_500mg,Diabetes,660,0.1,66.0,False,none,stable
2024-02-26,Metformin_500mg,Diabetes,924,0.1,92.4,False,none,stable
2024-02-27,Metformin_500mg,Diabetes,900,0.1,90.0,False,none,stable
2024-02-28,Metformin_500mg,Diabetes,905,0.1,90.5,False,none,stable
2024-02-29,Metformin_500mg,Diabetes,976,0.1,97.6,False,none,stable
2024-03-01,Metformin_500mg,Diabetes,938,0.1,93.8,False,none,stable
2024-03-02,Metformin_500mg,Diabetes,725,0.1,72.5,False,none,stable
2024-03-03,Metformin_500mg,Diabetes,615,0.1,61.5,False,none,stable
2024-03-04,Metformin_500mg,Diabetes,818,0.1,81.8,False,none,stable
2024-03-05,Metformin_500mg,Diabetes,878,0.1,87.8,False,none,stable
2024-03-06,Metformin_500mg,Diabetes,893,0.1,89.3,False,none,stable
2024-03-07,Metformin_500mg,Diabetes,807,0.1,80.7,False,none,stable
2024-03-08,Metformin_500mg,Diabetes,1058,0.1,105.8,False,none,stable
2024-03-09,Metformin_500mg,Diabetes,796,0.1,79.6,False,none,stable
2024-03-10,Metformin_500mg,Diabetes,744,0.1,74.4,False,none,stable
2024-03-11,Metformin_500mg,Diabetes,892,0.1,89.2,False,none,stable
2024-03-12,Metformin_500mg,Diabetes,872,0.1,87.2,False,none,stable
2024-03-13,Metformin_500mg,Diabetes,820,0.1,82.0,False,none,stable
2024-03-14,Metformin_500mg,Diabetes,893,0.1,89.3,False,none,stable
2024-03-15,Metformin_500mg,Diabetes,906,0.1,90.6,False,none,stable
2024-03-16,Metformin_500mg,Diabetes,639,0.1,63.9,False,none,stable
2024-03-17,Metformin_500mg,Diabetes,729,0.1,72.9,False,none,stable
2024-03-18,Metformin_500mg,Diabetes,877,0.1,87.7,False,none,stable
2024-03-19,Metformin_500mg,Diabetes,752,0.1,75.2,False,none,stable
2024-03-20,Metformin_500mg,Diabetes,827,0.1,82.7,False,none,stable
2024-03-21,Metformin_500mg,Diabetes,859,0.1,85.9,False,none,stable
2024-03-22,Metformin_500mg,Diabetes,1023,0.1,102.3,False,none,stable
2024-03-23,Metformin_500mg,Diabetes,742,0.1,74.2,False,none,stable
2024-03-24,Metformin_500mg,Diabetes,635,0.1,63.5,False,none,stable
2024-03-25,Metformin_500mg,Diabetes,923,0.1,92.3,False,none,stable
2024-03-26,Metformin_500mg,Diabetes,779,0.1,77.9,False,none,stable
2024-03-27,Metformin_500mg,Diabetes,966,0.1,96.6,False,none,stable
2024-03-28,Metformin_500mg,Diabetes,856,0.1,85.6,False,none,stable
2024-03-29,Metformin_500mg,Diabetes,882,0.1,88.2,False,none,stable
2024-03-30,Metformin_500mg,Diabetes,787,0.1,78.7,False,none,stable
2024-03-31,Metformin_500mg,Diabetes,638,0.1,63.8,False,none,stable
2024-04-01,Metformin_500mg,Diabetes,790,0.1,79.0,False,none,stable
2024-04-02,Metformin_500mg,Diabetes,848,0.1,84.8,False,none,stable
2024-04-03,Metformin_500mg,Diabetes,964,0.1,96.4,False,none,stable
2024-04-04,Metformin_500mg,Diabetes,782,0.1,78.2,False,none,stable
2024-04-05,Metformin_500mg,Diabetes,688,0.1,68.8,False,none,stable
2024-04-06,Metformin_500mg,Diabetes,686,0.1,68.6,False,none,stable
2024-04-07,Metformin_500mg,Diabetes,743,0.1,74.3,False,none,stable
2024-04-08,Metformin_500mg,Diabetes,976,0.1,97.6,False,none,stable
2024-04-09,Metformin_500mg,Diabetes,857,0.1,85.7,False,none,stable
2024-04-10,Metformin_500mg,Diabetes,861,0.1,86.1,False,none,stable
2024-04-11,Metformin_500mg,Diabetes,973,0.1,97.3,False,none,stable
2024-04-12,Metformin_500mg,Diabetes,757,0.1,75.7,False,none,stable
2024-04-13,Metformin_500mg,Diabetes,690,0.1,69.0,False,none,stable
2024-04-14,Metformin_500mg,Diabetes,723,0.1,72.3,False,none,stable
2024-04-15,Metformin_500mg,Diabetes,923,0.1,92.3,False,none,stable
2024-04-16,Metformin_500mg,Diabetes,855,0.1,85.5,False,none,stable
2024-04-17,Metformin_500mg,Diabetes,894,0.1,89.4,False,none,stable
2024-04-18,Metformin_500mg,Diabetes,714,0.1,71.4,False,none,stable
2024-04-19,Metformin_500mg,Diabetes,844,0.1,84.4,False,none,stable
2024-04-20,Metformin_500mg,Diabetes,739,0.1,73.9,False,none,stable
2024-04-21,Metformin_500mg,Diabetes,657,0.1,65.7,False,none,stable
2024-04-22,Metformin_500mg,Diabetes,896,0.1,89.6,False,none,stable
2024-04-23,Metformin_500mg,Diabetes,924,0.1,92.4,False,none,stable
2024-04-24,Metformin_500mg,Diabetes,868,0.1,86.8,False,none,stable
2024-04-25,Metformin_500mg,Diabetes,904,0.1,90.4,False,none,stable
2024-04-26,Metformin_500mg,Diabetes,823,0.1,82.3,False,none,stable
2024-04-27,Metformin_500mg,Diabetes,702,0.1,70.2,False,none,stable
2024-04-28,Metformin_500mg,Diabetes,748,0.1,74.8,False,none,stable
2024-04-29,Metformin_500mg,Diabetes,904,0.1,90.4,False,none,stable
2024-04-30,Metformin_500mg,Diabetes,851,0.1,85.1,False,none,stable
2024-05-01,Metformin_500mg,Diabetes,909,0.1,90.9,False,none,stable
2024-05-02,Metformin_500mg,Diabetes,944,0.1,94.4,False,none,stable
2024-05-03,Metformin_500mg,Diabetes,746,0.1,74.6,False,none,stable
2024-05-04,Metformin_500mg,Diabetes,780,0.1,78.0,False,none,stable
2024-05-05,Metformin_500mg,Diabetes,695,0.1,69.5,False,none,stable
2024-05-06,Metformin_500mg,Diabetes,924,0.1,92.4,False,none,stable
2024-05-07,Metformin_500mg,Diabetes,979,0.1,97.9,False,none,stable
2024-05-08,Metformin_500mg,Diabetes,795,0.1,79.5,False,none,stable
2024-05-09,Metformin_500mg,Diabetes,843,0.1,84.3,False,none,stable
2024-05-10,Metformin_500mg,Diabetes,873,0.1,87.3,False,none,stable
2024-05-11,Metformin_500mg,Diabetes,670,0.1,67.0,False,none,stable
2024-05-12,Metformin_500mg,Diabetes,814,0.1,81.4,False,none,stable
2024-05-13,Metformin_500mg,Diabetes,833,0.1,83.3,False,none,stable
2024-05-14,Metformin_500mg,Diabetes,854,0.1,85.4,False,none,stable
2024-05-15,Metformin_500mg,Diabetes,909,0.1,90.9,False,none,stable
2024-05-16,Metformin_500mg,Diabetes,808,0.1,80.8,False,none,stable
2024-05-17,Metformin_500mg,Diabetes,866,0.1,86.6,False,none,stable
2024-05-18,Metformin_500mg,Diabetes,733,0.1,73.3,False,none,stable
2024-05-19,Metformin_500mg,Diabetes,696,0.1,69.6,False,none,stable
2024-05-20,Metformin_500mg,Diabetes,888,0.1,88.8,False,none,stable
2024-05-21,Metformin_500mg,Diabetes,857,0.1,85.7,False,none,stable
2024-05-22,Metformin_500mg,Diabetes,787,0.1,78.7,False,none,stable
2024-05-23,Metformin_500mg,Diabetes,918,0.1,91.8,False,none,stable
2024-05-24,Metformin_500mg,Diabetes,1021,0.1,102.1,False,none,stable
2024-05-25,Metformin_500mg,Diabetes,717,0.1,71.7,False,none,stable
2024-05-26,Metformin_500mg,Diabetes,729,0.1,72.9,False,none,stable
2024-05-27,Metformin_500mg,Diabetes,945,0.1,94.5,False,none,stable
2024-05-28,Metformin_500mg,Diabetes,805,0.1,80.5,False,none,stable
2024-05-29,Metformin_500mg,Diabetes,1018,0.1,101.8,False,none,stable
2024-05-30,Metformin_500mg,Diabetes,910,0.1,91.0,False,none,stable
2024-05-31,Metformin_500mg,Diabetes,1013,0.1,101.3,False,none,stable
2024-06-01,Metformin_500mg,Diabetes,675,0.1,67.5,False,none,stable
2024-06-02,Metformin_500mg,Diabetes,821,0.1,82.1,False,none,stable
2024-06-03,Metformin_500mg,Diabetes,952,0.1,95.2,False,none,stable
2024-06-04,Metformin_500mg,Diabetes,936,0.1,93.6,False,none,stable
2024-06-05,Metformin_500mg,Diabetes,913,0.1,91.3,False,none,stable
2024-06-06,Metformin_500mg,Diabetes,879,0.1,87.9,False,none,stable
2024-06-07,Metformin_500mg,Diabetes,983,0.1,98.3,False,none,stable
2024-06-08,Metformin_500mg,Diabetes,725,0.1,72.5,False,none,stable
2024-06-09,Metformin_500mg,Diabetes,604,0.1,60.4,False,none,stable
2024-06-10,Metformin_500mg,Diabetes,817,0.1,81.7,False,none,stable
2024-06-11,Metformin_500mg,Diabetes,884,0.1,88.4,False,none,stable
2024-06-12,Metformin_500mg,Diabetes,920,0.1,92.0,False,none,stable
2024-06-13,Metformin_500mg,Diabetes,893,0.1,89.3,False,none,stable
2024-06-14,Metformin_500mg,Diabetes,985,0.1,98.5,False,none,stable
2024-06-15,Metformin_500mg,Diabetes,605,0.1,60.5,False,none,stable
2024-06-16,Metformin_500mg,Diabetes,726,0.1,72.6,False,none,stable
2024-06-17,Metformin_500mg,Diabetes,767,0.1,76.7,False,none,stable
2024-06-18,Metformin_500mg,Diabetes,953,0.1,95.3,False,none,stable
2024-06-19,Metformin_500mg,Diabetes,891,0.1,89.1,False,none,stable
2024-06-20,Metformin_500mg,Diabetes,928,0.1,92.8,False,none,stable
2024-06-21,Metformin_500mg,Diabetes,836,0.1,83.6,False,none,stable
2024-06-22,Metformin_500mg,Diabetes,792,0.1,79.2,False,none,stable
2024-06-23,Metformin_500mg,Diabetes,778,0.1,77.8,False,none,stable
2024-06-24,Metformin_500mg,Diabetes,941,0.1,94.1,False,none,stable
2024-06-25,Metformin_500mg,Diabetes,889,0.1,88.9,False,none,stable
2024-06-26,Metformin_500mg,Diabetes,941,0.1,94.1,False,none,stable
2024-06-27,Metformin_500mg,Diabetes,848,0.1,84.8,False,none,stable
2024-06-28,Metformin_500mg,Diabetes,961,0.1,96.1,False,none,stable
2024-06-29,Metformin_500mg,Diabetes,814,0.1,81.4,False,none,stable
2024-06-30,Metformin_500mg,Diabetes,780,0.1,78.0,False,none,stable
2024-07-01,Metformin_500mg,Diabetes,847,0.1,84.7,False,none,stable
2024-07-02,Metformin_500mg,Diabetes,926,0.1,92.6,False,none,stable
2024-07-03,Metformin_500mg,Diabetes,807,0.1,80.7,False,none,stable
2024-07-04,Metformin_500mg,Diabetes,941,0.1,94.1,False,none,stable
2024-07-05,Metformin_500mg,Diabetes,932,0.1,93.2,False,none,stable
2024-07-06,Metformin_500mg,Diabetes,612,0.1,61.2,False,none,stable
2024-07-07,Metformin_500mg,Diabetes,652,0.1,65.2,False,none,stable
2024-07-08,Metformin_500mg,Diabetes,880,0.1,88.0,False,none,stable
2024-07-09,Metformin_500mg,Diabetes,879,0.1,87.9,False,none,stable
2024-07-10,Metformin_500mg,Diabetes,813,0.1,81.3,False,none,stable
2024-07-11,Metformin_500mg,Diabetes,929,0.1,92.9,False,none,stable
2024-07-12,Metformin_500mg,Diabetes,919,0.1,91.9,False,none,stable
2024-07-13,Metformin_500mg,Diabetes,709,0.1,70.9,False,none,stable
2024-07-14,Metformin_500mg,Diabetes,676,0.1,67.6,False,none,stable
2024-07-15,Metformin_500mg,Diabetes,977,0.1,97.7,False,none,stable
2024-07-16,Metformin_500mg,Diabetes,1020,0.1,102.0,False,none,stable
2024-07-17,Metformin_500mg,Diabetes,866,0.1,86.6,False,none,stable
2024-07-18,Metformin_500mg,Diabetes,857,0.1,85.7,False,none,stable
2024-07-19,Metformin_500mg,Diabetes,937,0.1,93.7,False,none,stable
2024-07-20,Metformin_500mg,Diabetes,700,0.1,70.0,False,none,stable
2024-07-21,Metformin_500mg,Diabetes,713,0.1,71.3,False,none,stable
2024-07-22,Metformin_500mg,Diabetes,955,0.1,95.5,False,none,stable
2024-07-23,Metformin_500mg,Diabetes,764,0.1,76.4,False,none,stable
2024-07-24,Metformin_500mg,Diabetes,997,0.1,99.7,False,none,stable
2024-07-25,Metformin_500mg,Diabetes,907,0.1,90.7,False,none,stable
2024-07-26,Metformin_500mg,Diabetes,872,0.1,87.2,False,none,stable
2024-07-27,Metformin_500mg,Diabetes,716,0.1,71.6,False,none,stable
2024-07-28,Metformin_500mg,Diabetes,720,0.1,72.0,False,none,stable
2024-07-29,Metformin_500mg,Diabetes,777,0.1,77.7,False,none,stable
2024-07-30,Metformin_500mg,Diabetes,1011,0.1,101.1,False,none,stable
2024-07-31,Metformin_500mg,Diabetes,906,0.1,90.6,False,none,stable
2024-08-01,Metformin_500mg,Diabetes,935,0.1,93.5,False,none,stable
2024-08-02,Metformin_500mg,Diabetes,972,0.1,97.2,False,none,stable
2024-08-03,Metformin_500mg,Diabetes,663,0.1,66.3,False,none,stable
2024-08-04,Metformin_500mg,Diabetes,749,0.1,74.9,False,none,stable
2024-08-05,Metformin_500mg,Diabetes,884,0.1,88.4,False,none,stable
2024-08-06,Metformin_500mg,Diabetes,965,0.1,96.5,False,none,stable
2024-08-07,Metformin_500mg,Diabetes,750,0.1,75.0,False,none,stable
2024-08-08,Metformin_500mg,Diabetes,896,0.1,89.6,False,none,stable
2024-08-09,Metformin_500mg,Diabetes,860,0.1,86.0,False,none,stable
2024-08-10,Metformin_500mg,Diabetes,748,0.1,74.8,False,none,stable
2024-08-11,Metformin_500mg,Diabetes,750,0.1,75.0,False,none,stable
2024-08-12,Metformin_500mg,Diabetes,853,0.1,85.3,False,none,stable
2024-08-13,Metformin_500mg,Diabetes,853,0.1,85.3,False,none,stable
2024-08-14,Metformin_500mg,Diabetes,896,0.1,89.6,False,none,stable
2024-08-15,Metformin_500mg,Diabetes,839,0.1,83.9,False,none,stable
2024-08-16,Metformin_500mg,Diabetes,965,0.1,96.5,False,none,stable
2024-08-17,Metformin_500mg,Diabetes,702,0.1,70.2,False,none,stable
2024-08-18,Metformin_500mg,Diabetes,555,0.1,55.5,False,none,stable
2024-08-19,Metformin_500mg,Diabetes,878,0.1,87.8,False,none,stable
2024-08-20,Metformin_500mg,Diabetes,830,0.1,83.0,False,none,stable
2024-08-21,Metformin_500mg,Diabetes,787,0.1,78.7,False,none,stable
2024-08-22,Metformin_500mg,Diabetes,815,0.1,81.5,False,none,stable
2024-08-23,Metformin_500mg,Diabetes,913,0.1,91.3,False,none,stable
2024-08-24,Metformin_500mg,Diabetes,801,0.1,80.1,False,none,stable
2024-08-25,Metformin_500mg,Diabetes,742,0.1,74.2,False,none,stable
2024-08-26,Metformin_500mg,Diabetes,862,0.1,86.2,False,none,stable
2024-08-27,Metformin_500mg,Diabetes,939,0.1,93.9,False,none,stable
2024-08-28,Metformin_500mg,Diabetes,873,0.1,87.3,False,none,stable
2024-08-29,Metformin_500mg,Diabetes,856,0.1,85.6,False,none,stable
2024-08-30,Metformin_500mg,Diabetes,822,0.1,82.2,False,none,stable
2024-08-31,Metformin_500mg,Diabetes,623,0.1,62.3,False,none,stable
2024-09-01,Metformin_500mg,Diabetes,702,0.1,70.2,False,none,stable
2024-09-02,Metformin_500mg,Diabetes,918,0.1,91.8,False,none,stable
2024-09-03,Metformin_500mg,Diabetes,899,0.1,89.9,False,none,stable
2024-09-04,Metformin_500mg,Diabetes,876,0.1,87.6,False,none,stable
2024-09-05,Metformin_500mg,Diabetes,838,0.1,83.8,False,none,stable
2024-09-06,Metformin_500mg,Diabetes,951,0.1,95.1,False,none,stable
2024-09-07,Metformin_500mg,Diabetes,648,0.1,64.8,False,none,stable
2024-09-08,Metformin_500mg,Diabetes,770,0.1,77.0,False,none,stable
2024-09-09,Metformin_500mg,Diabetes,834,0.1,83.4,False,none,stable
2024-09-10,Metformin_500mg,Diabetes,853,0.1,85.3,False,none,stable
2024-09-11,Metformin_500mg,Diabetes,801,0.1,80.1,False,none,stable
2024-09-12,Metformin_500mg,Diabetes,871,0.1,87.1,False,none,stable
2024-09-13,Metformin_500mg,Diabetes,978,0.1,97.8,False,none,stable
2024-09-14,Metformin_500mg,Diabetes,756,0.1,75.6,False,none,stable
2024-09-15,Metformin_500mg,Diabetes,783,0.1,78.3,False,none,stable
2024-09-16,Metformin_500mg,Diabetes,946,0.1,94.6,False,none,stable
2024-09-17,Metformin_500mg,Diabetes,828,0.1,82.8,False,none,stable
2024-09-18,Metformin_500mg,Diabetes,884,0.1,88.4,False,none,stable
2024-09-19,Metformin_500mg,Diabetes,851,0.1,85.1,False,none,stable
2024-09-20,Metformin_500mg,Diabetes,1005,0.1,100.5,False,none,stable
2024-09-21,Metformin_500mg,Diabetes,656,0.1,65.6,False,none,stable
2024-09-22,Metformin_500mg,Diabetes,779,0.1,77.9,False,none,stable
2024-09-23,Metformin_500mg,Diabetes,974,0.1,97.4,False,none,stable
2024-09-24,Metformin_500mg,Diabetes,1042,0.1,104.2,False,none,stable
2024-09-25,Metformin_500mg,Diabetes,879,0.1,87.9,False,none,stable
2024-09-26,Metformin_500mg,Diabetes,961,0.1,96.1,False,none,stable
2024-09-27,Metformin_500mg,Diabetes,1075,0.1,107.5,False,none,stable
2024-09-28,Metformin_500mg,Diabetes,691,0.1,69.1,False,none,stable
2024-09-29,Metformin_500mg,Diabetes,638,0.1,63.8,False,none,stable
2024-09-30,Metformin_500mg,Diabetes,773,0.1,77.3,False,none,stable
2024-10-01,Metformin_500mg,Diabetes,961,0.1,96.1,False,none,stable
2024-10-02,Metformin_500mg,Diabetes,773,0.1,77.3,False,none,stable
2024-10-03,Metformin_500mg,Diabetes,883,0.1,88.3,False,none,stable
2024-10-04,Metformin_500mg,Diabetes,942,0.1,94.2,False,none,stable
2024-10-05,Metformin_500mg,Diabetes,738,0.1,73.8,False,none,stable
2024-10-06,Metformin_500mg,Diabetes,752,0.1,75.2,False,none,stable
2024-10-07,Metformin_500mg,Diabetes,926,0.1,92.6,False,none,stable
2024-10-08,Metformin_500mg,Diabetes,1003,0.1,100.3,False,none,stable
2024-10-09,Metformin_500mg,Diabetes,841,0.1,84.1,False,none,stable
2024-10-10,Metformin_500mg,Diabetes,861,0.1,86.1,False,none,stable
2024-10-11,Metformin_500mg,Diabetes,854,0.1,85.4,False,none,stable
2024-10-12,Metformin_500mg,Diabetes,776,0.1,77.6,False,none,stable
2024-10-13,Metformin_500mg,Diabetes,780,0.1,78.0,False,none,stable
2024-10-14,Metformin_500mg,Diabetes,944,0.1,94.4,False,none,stable
2024-10-15,Metformin_500mg,Diabetes,997,0.1,99.7,False,none,stable
2024-10-16,Metformin_500mg,Diabetes,825,0.1,82.5,False,none,stable
2024-10-17,Metformin_500mg,Diabetes,1033,0.1,103.3,False,none,stable
2024-10-18,Metformin_500mg,Diabetes,1023,0.1,102.3,False,none,stable
2024-10-19,Metformin_500mg,Diabetes,772,0.1,77.2,False,none,stable
2024-10-20,Metformin_500mg,Diabetes,833,0.1,83.3,False,none,stable
2024-10-21,Metformin_500mg,Diabetes,791,0.1,79.1,False,none,stable
2024-10-22,Metformin_500mg,Diabetes,874,0.1,87.4,False,none,stable
2024-10-23,Metformin_500mg,Diabetes,858,0.1,85.8,False,none,stable
2024-10-24,Metformin_500mg,Diabetes,965,0.1,96.5,False,none,stable
2024-10-25,Metformin_500mg,Diabetes,835,0.1,83.5,False,none,stable
2024-10-26,Metformin_500mg,Diabetes,774,0.1,77.4,False,none,stable
2024-10-27,Metformin_500mg,Diabetes,809,0.1,80.9,False,none,stable
2024-10-28,Metformin_500mg,Diabetes,963,0.1,96.3,False,none,stable
2024-10-29,Metformin_500mg,Diabetes,933,0.1,93.3,False,none,stable
2024-10-30,Metformin_500mg,Diabetes,841,0.1,84.1,False,none,stable
2024-10-31,Metformin_500mg,Diabetes,851,0.1,85.1,False,none,stable
2024-11-01,Metformin_500mg,Diabetes,1245,0.1,124.5,False,flu_outbreak,stable
2024-11-02,Metformin_500mg,Diabetes,962,0.1,96.2,False,flu_outbreak,stable
2024-11-03,Metformin_500mg,Diabetes,903,0.1,90.3,False,flu_outbreak,stable
2024-11-04,Metformin_500mg,Diabetes,1095,0.1,109.5,False,flu_outbreak,stable
2024-11-05,Metformin_500mg,Diabetes,949,0.1,94.9,False,flu_outbreak,stable
2024-11-06,Metformin_500mg,Diabetes,1036,0.1,103.6,False,flu_outbreak,stable
2024-11-07,Metformin_500mg,Diabetes,1306,0.1,130.6,False,flu_outbreak,stable
2024-11-08,Metformin_500mg,Diabetes,1017,0.1,101.7,False,flu_outbreak,stable
2024-11-09,Metformin_500mg,Diabetes,920,0.1,92.0,False,flu_outbreak,stable
2024-11-10,Metformin_500mg,Diabetes,980,0.1,98.0,False,flu_outbreak,stable
2024-11-11,Metformin_500mg,Diabetes,1020,0.1,102.0,False,flu_outbreak,stable
2024-11-12,Metformin_500mg,Diabetes,1150,0.1,115.0,False,flu_outbreak,stable
2024-11-13,Metformin_500mg,Diabetes,1219,0.1,121.9,False,flu_outbreak,stable
2024-11-14,Metformin_500mg,Diabetes,1135,0.1,113.5,False,flu_outbreak,stable
2024-11-15,Metformin_500mg,Diabetes,1394,0.1,139.4,False,flu_outbreak,stable
2024-11-16,Metformin_500mg,Diabetes,786,0.1,78.6,False,flu_outbreak,stable
2024-11-17,Metformin_500mg,Diabetes,984,0.1,98.4,False,flu_outbreak,stable
2024-11-18,Metformin_500mg,Diabetes,1119,0.1,111.9,False,flu_outbreak,stable
2024-11-19,Metformin_500mg,Diabetes,1205,0.1,120.5,False,flu_outbreak,stable
2024-11-20,Metformin_500mg,Diabetes,1175,0.1,117.5,False,flu_outbreak,stable
2024-11-21,Metformin_500mg,Diabetes,1068,0.1,106.8,False,flu_outbreak,stable
2024-11-22,Metformin_500mg,Diabetes,1156,0.1,115.6,False,flu_outbreak,stable
2024-11-23,Metformin_500mg,Diabetes,772,0.1,77.2,False,flu_outbreak,stable
2024-11-24,Metformin_500mg,Diabetes,952,0.1,95.2,False,flu_outbreak,stable
2024-11-25,Metformin_500mg,Diabetes,1163,0.1,116.3,False,flu_outbreak,stable
2024-11-26,Metformin_500mg,Diabetes,1194,0.1,119.4,False,flu_outbreak,stable
2024-11-27,Metformin_500mg,Diabetes,1232,0.1,123.2,False,flu_outbreak,stable
2024-11-28,Metformin_500mg,Diabetes,1169,0.1,116.9,False,flu_outbreak,stable
2024-11-29,Metformin_500mg,Diabetes,1149,0.1,114.9,False,flu_outbreak,stable
2024-11-30,Metformin_500mg,Diabetes,844,0.1,84.4,False,flu_outbreak,stable
2024-12-01,Metformin_500mg,Diabetes,856,0.1,85.6,False,flu_outbreak,stable
2024-12-02,Metformin_500mg,Diabetes,1244,0.1,124.4,False,flu_outbreak,stable
2024-12-03,Metformin_500mg,Diabetes,1267,0.1,126.7,False,flu_outbreak,stable
2024-12-04,Metformin_500mg,Diabetes,1115,0.1,111.5,False,flu_outbreak,stable
2024-12-05,Metformin_500mg,Diabetes,1141,0.1,114.1,False,flu_outbreak,stable
2024-12-06,Metformin_500mg,Diabetes,1055,0.1,105.5,False,flu_outbreak,stable
2024-12-07,Metformin_500mg,Diabetes,995,0.1,99.5,False,flu_outbreak,stable
2024-12-08,Metformin_500mg,Diabetes,958,0.1,95.8,False,flu_outbreak,stable
2024-12-09,Metformin_500mg,Diabetes,1314,0.1,131.4,False,flu_outbreak,stable
2024-12-10,Metformin_500mg,Diabetes,1057,0.1,105.7,False,flu_outbreak,stable
2024-12-11,Metformin_500mg,Diabetes,1103,0.1,110.3,False,flu_outbreak,stable
2024-12-12,Metformin_500mg,Diabetes,1159,0.1,115.9,False,flu_outbreak,stable
2024-12-13,Metformin_500mg,Diabetes,1197,0.1,119.7,False,flu_outbreak,stable
2024-12-14,Metformin_500mg,Diabetes,894,0.1,89.4,False,flu_outbreak,stable
2024-12-15,Metformin_500mg,Diabetes,847,0.1,84.7,False,flu_outbreak,stable
2024-12-16,Metformin_500mg,Diabetes,1219,0.1,121.9,False,flu_outbreak,stable
2024-12-17,Metformin_500mg,Diabetes,1204,0.1,120.4,False,flu_outbreak,stable
2024-12-18,Metformin_500mg,Diabetes,1055,0.1,105.5,False,flu_outbreak,stable
2024-12-19,Metformin_500mg,Diabetes,1262,0.1,126.2,False,flu_outbreak,stable
2024-12-20,Metformin_500mg,Diabetes,1245,0.1,124.5,False,flu_outbreak,stable
2024-12-21,Metformin_500mg,Diabetes,920,0.1,92.0,False,flu_outbreak,stable
2024-12-22,Metformin_500mg,Diabetes,916,0.1,91.6,False,flu_outbreak,stable
2024-12-23,Metformin_500mg,Diabetes,1190,0.1,119.0,False,flu_outbreak,stable
2024-12-24,Metformin_500mg,Diabetes,1061,0.1,106.1,False,flu_outbreak,stable
2024-12-25,Metformin_500mg,Diabetes,1142,0.1,114.2,False,flu_outbreak,stable
2024-12-26,Metformin_500mg,Diabetes,943,0.1,94.3,False,flu_outbreak,stable
2024-12-27,Metformin_500mg,Diabetes,1220,0.1,122.0,False,flu_outbreak,stable
2024-12-28,Metformin_500mg,Diabetes,797,0.1,79.7,False,flu_outbreak,stable
2024-12-29,Metformin_500mg,Diabetes,1021,0.1,102.1,False,flu_outbreak,stable
2024-12-30,Metformin_500mg,Diabetes,1110,0.1,111.0,False,flu_outbreak,stable
2024-12-31,Metformin_500mg,Diabetes,1121,0.1,112.1,False,flu_outbreak,stable
2022-01-01,Atorvastatin_20mg,Cardiovascular,660,0.2,132.0,False,covid_wave,stable
2022-01-02,Atorvastatin_20mg,Cardiovascular,680,0.2,136.0,False,covid_wave,stable
2022-01-03,Atorvastatin_20mg,Cardiovascular,968,0.2,193.6,False,covid_wave,stable
2022-01-04,Atorvastatin_20mg,Cardiovascular,697,0.2,139.4,False,covid_wave,stable
2022-01-05,Atorvastatin_20mg,Cardiovascular,959,0.2,191.8,False,covid_wave,stable
2022-01-06,Atorvastatin_20mg,Cardiovascular,894,0.2,178.8,False,covid_wave,stable
2022-01-07,Atorvastatin_20mg,Cardiovascular,786,0.2,157.2,False,covid_wave,stable
2022-01-08,Atorvastatin_20mg,Cardiovascular,636,0.2,127.2,False,covid_wave,stable
2022-01-09,Atorvastatin_20mg,Cardiovascular,789,0.2,157.8,False,covid_wave,stable
2022-01-10,Atorvastatin_20mg,Cardiovascular,805,0.2,161.0,False,covid_wave,stable
2022-01-11,Atorvastatin_20mg,Cardiovascular,790,0.2,158.0,False,covid_wave,stable
2022-01-12,Atorvastatin_20mg,Cardiovascular,950,0.2,190.0,False,covid_wave,stable
2022-01-13,Atorvastatin_20mg,Cardiovascular,895,0.2,179.0,False,covid_wave,stable
2022-01-14,Atorvastatin_20mg,Cardiovascular,806,0.2,161.2,False,covid_wave,stable
2022-01-15,Atorvastatin_20mg,Cardiovascular,708,0.2,141.6,False,covid_wave,stable
2022-01-16,Atorvastatin_20mg,Cardiovascular,640,0.2,128.0,False,covid_wave,stable
2022-01-17,Atorvastatin_20mg,Cardiovascular,948,0.2,189.6,False,covid_wave,stable
2022-01-18,Atorvastatin_20mg,Cardiovascular,946,0.2,189.2,False,covid_wave,stable
2022-01-19,Atorvastatin_20mg,Cardiovascular,909,0.2,181.8,False,covid_wave,stable
2022-01-20,Atorvastatin_20mg,Cardiovascular,897,0.2,179.4,False,covid_wave,stable
2022-01-21,Atorvastatin_20mg,Cardiovascular,995,0.2,199.0,False,covid_wave,stable
2022-01-22,Atorvastatin_20mg,Cardiovascular,697,0.2,139.4,False,covid_wave,stable
2022-01-23,Atorvastatin_20mg,Cardiovascular,632,0.2,126.4,False,covid_wave,stable
2022-01-24,Atorvastatin_20mg,Cardiovascular,904,0.2,180.8,False,covid_wave,stable
2022-01-25,Atorvastatin_20mg,Cardiovascular,1018,0.2,203.6,False,covid_wave,stable
2022-01-26,Atorvastatin_20mg,Cardiovascular,802,0.2,160.4,False,covid_wave,stable
2022-01-27,Atorvastatin_20mg,Cardiovascular,847,0.2,169.4,False,covid_wave,stable
2022-01-28,Atorvastatin_20mg,Cardiovascular,902,0.2,180.4,False,covid_wave,stable
2022-01-29,Atorvastatin_20mg,Cardiovascular,695,0.2,139.0,False,covid_wave,stable
2022-01-30,Atorvastatin_20mg,Cardiovascular,643,0.2,128.6,False,covid_wave,stable
2022-01-31,Atorvastatin_20mg,Cardiovascular,951,0.2,190.2,False,covid_wave,stable
2022-02-01,Atorvastatin_20mg,Cardiovascular,1035,0.2,207.0,False,covid_wave,stable
2022-02-02,Atorvastatin_20mg,Cardiovascular,887,0.2,177.4,False,covid_wave,stable
2022-02-03,Atorvastatin_20mg,Cardiovascular,810,0.2,162.0,False,covid_wave,stable
2022-02-04,Atorvastatin_20mg,Cardiovascular,765,0.2,153.0,False,covid_wave,stable
2022-02-05,Atorvastatin_20mg,Cardiovascular,713,0.2,142.6,False,covid_wave,stable
2022-02-06,Atorvastatin_20mg,Cardiovascular,760,0.2,152.0,False,covid_wave,stable
2022-02-07,Atorvastatin_20mg,Cardiovascular,907,0.2,181.4,False,covid_wave,stable
2022-02-08,Atorvastatin_20mg,Cardiovascular,874,0.2,174.8,False,covid_wave,stable
2022-02-09,Atorvastatin_20mg,Cardiovascular,833,0.2,166.6,False,covid_wave,stable
2022-02-10,Atorvastatin_20mg,Cardiovascular,798,0.2,159.6,False,covid_wave,stable
2022-02-11,Atorvastatin_20mg,Cardiovascular,933,0.2,186.6,False,covid_wave,stable
2022-02-12,Atorvastatin_20mg,Cardiovascular,750,0.2,150.0,False,covid_wave,stable
2022-02-13,Atorvastatin_20mg,Cardiovascular,612,0.2,122.4,False,covid_wave,stable
2022-02-14,Atorvastatin_20mg,Cardiovascular,986,0.2,197.2,False,covid_wave,stable
2022-02-15,Atorvastatin_20mg,Cardiovascular,915,0.2,183.0,False,covid_wave,stable
2022-02-16,Atorvastatin_20mg,Cardiovascular,973,0.2,194.6,False,covid_wave,stable
2022-02-17,Atorvastatin_20mg,Cardiovascular,781,0.2,156.2,False,covid_wave,stable
2022-02-18,Atorvastatin_20mg,Cardiovascular,780,0.2,156.0,False,covid_wave,stable
2022-02-19,Atorvastatin_20mg,Cardiovascular,692,0.2,138.4,False,covid_wave,stable
2022-02-20,Atorvastatin_20mg,Cardiovascular,728,0.2,145.6,False,covid_wave,stable
2022-02-21,Atorvastatin_20mg,Cardiovascular,1001,0.2,200.2,False,covid_wave,stable
2022-02-22,Atorvastatin_20mg,Cardiovascular,925,0.2,185.0,False,covid_wave,stable
2022-02-23,Atorvastatin_20mg,Cardiovascular,859,0.2,171.8,False,covid_wave,stable
2022-02-24,Atorvastatin_20mg,Cardiovascular,804,0.2,160.8,False,covid_wave,stable
2022-02-25,Atorvastatin_20mg,Cardiovascular,962,0.2,192.4,False,covid_wave,stable
2022-02-26,Atorvastatin_20mg,Cardiovascular,647,0.2,129.4,False,covid_wave,stable
2022-02-27,Atorvastatin_20mg,Cardiovascular,792,0.2,158.4,False,covid_wave,stable
2022-02-28,Atorvastatin_20mg,Cardiovascular,856,0.2,171.2,False,covid_wave,stable
2022-03-01,Atorvastatin_20mg,Cardiovascular,988,0.2,197.6,False,covid_wave,stable
2022-03-02,Atorvastatin_20mg,Cardiovascular,924,0.2,184.8,False,covid_wave,stable
2022-03-03,Atorvastatin_20mg,Cardiovascular,867,0.2,173.4,False,covid_wave,stable
2022-03-04,Atorvastatin_20mg,Cardiovascular,840,0.2,168.0,False,covid_wave,stable
2022-03-05,Atorvastatin_20mg,Cardiovascular,682,0.2,136.4,False,covid_wave,stable
2022-03-06,Atorvastatin_20mg,Cardiovascular,725,0.2,145.0,False,covid_wave,stable
2022-03-07,Atorvastatin_20mg,Cardiovascular,883,0.2,176.6,False,covid_wave,stable
2022-03-08,Atorvastatin_20mg,Cardiovascular,836,0.2,167.2,False,covid_wave,stable
2022-03-09,Atorvastatin_20mg,Cardiovascular,866,0.2,173.2,False,covid_wave,stable
2022-03-10,Atorvastatin_20mg,Cardiovascular,883,0.2,176.6,False,covid_wave,stable
2022-03-11,Atorvastatin_20mg,Cardiovascular,728,0.2,145.6,False,covid_wave,stable
2022-03-12,Atorvastatin_20mg,Cardiovascular,728,0.2,145.6,False,covid_wave,stable
2022-03-13,Atorvastatin_20mg,Cardiovascular,647,0.2,129.4,False,covid_wave,stable
2022-03-14,Atorvastatin_20mg,Cardiovascular,797,0.2,159.4,False,covid_wave,stable
2022-03-15,Atorvastatin_20mg,Cardiovascular,760,0.2,152.0,False,covid_wave,stable
2022-03-16,Atorvastatin_20mg,Cardiovascular,752,0.2,150.4,False,covid_wave,stable
2022-03-17,Atorvastatin_20mg,Cardiovascular,783,0.2,156.6,False,covid_wave,stable
2022-03-18,Atorvastatin_20mg,Cardiovascular,829,0.2,165.8,False,covid_wave,stable
2022-03-19,Atorvastatin_20mg,Cardiovascular,812,0.2,162.4,False,covid_wave,stable
2022-03-20,Atorvastatin_20mg,Cardiovascular,673,0.2,134.6,False,covid_wave,stable
2022-03-21,Atorvastatin_20mg,Cardiovascular,891,0.2,178.2,False,covid_wave,stable
2022-03-22,Atorvastatin_20mg,Cardiovascular,907,0.2,181.4,False,covid_wave,stable
2022-03-23,Atorvastatin_20mg,Cardiovascular,888,0.2,177.6,False,covid_wave,stable
2022-03-24,Atorvastatin_20mg,Cardiovascular,874,0.2,174.8,False,covid_wave,stable
2022-03-25,Atorvastatin_20mg,Cardiovascular,795,0.2,159.0,False,covid_wave,stable
2022-03-26,Atorvastatin_20mg,Cardiovascular,785,0.2,157.0,False,covid_wave,stable
2022-03-27,Atorvastatin_20mg,Cardiovascular,805,0.2,161.0,False,covid_wave,stable
2022-03-28,Atorvastatin_20mg,Cardiovascular,761,0.2,152.2,False,covid_wave,stable
2022-03-29,Atorvastatin_20mg,Cardiovascular,808,0.2,161.6,False,covid_wave,stable
2022-03-30,Atorvastatin_20mg,Cardiovascular,860,0.2,172.0,False,covid_wave,stable
2022-03-31,Atorvastatin_20mg,Cardiovascular,812,0.2,162.4,False,covid_wave,stable
2022-04-01,Atorvastatin_20mg,Cardiovascular,631,0.2,126.2,False,none,stable
2022-04-02,Atorvastatin_20mg,Cardiovascular,457,0.2,91.4,False,none,stable
2022-04-03,Atorvastatin_20mg,Cardiovascular,569,0.2,113.8,False,none,stable
2022-04-04,Atorvastatin_20mg,Cardiovascular,665,0.2,133.0,False,none,stable
2022-04-05,Atorvastatin_20mg,Cardiovascular,618,0.2,123.6,False,none,stable
2022-04-06,Atorvastatin_20mg,Cardiovascular,657,0.2,131.4,False,none,stable
2022-04-07,Atorvastatin_20mg,Cardiovascular,661,0.2,132.2,False,none,stable
2022-04-08,Atorvastatin_20mg,Cardiovascular,580,0.2,116.0,False,none,stable
2022-04-09,Atorvastatin_20mg,Cardiovascular,454,0.2,90.8,False,none,stable
2022-04-10,Atorvastatin_20mg,Cardiovascular,488,0.2,97.6,False,none,stable
2022-04-11,Atorvastatin_20mg,Cardiovascular,650,0.2,130.0,False,none,stable
2022-04-12,Atorvastatin_20mg,Cardiovascular,615,0.2,123.0,False,none,stable
2022-04-13,Atorvastatin_20mg,Cardiovascular,531,0.2,106.2,False,none,stable
2022-04-14,Atorvastatin_20mg,Cardiovascular,569,0.2,113.8,False,none,stable
2022-04-15,Atorvastatin_20mg,Cardiovascular,604,0.2,120.8,False,none,stable
2022-04-16,Atorvastatin_20mg,Cardiovascular,483,0.2,96.6,False,none,stable
2022-04-17,Atorvastatin_20mg,Cardiovascular,563,0.2,112.6,False,none,stable
2022-04-18,Atorvastatin_20mg,Cardiovascular,541,0.2,108.2,False,none,stable
2022-04-19,Atorvastatin_20mg,Cardiovascular,633,0.2,126.6,False,none,stable
2022-04-20,Atorvastatin_20mg,Cardiovascular,681,0.2,136.2,False,none,stable
2022-04-21,Atorvastatin_20mg,Cardiovascular,719,0.2,143.8,False,none,stable
2022-04-22,Atorvastatin_20mg,Cardiovascular,589,0.2,117.8,False,none,stable
2022-04-23,Atorvastatin_20mg,Cardiovascular,506,0.2,101.2,False,none,stable
2022-04-24,Atorvastatin_20mg,Cardiovascular,509,0.2,101.8,False,none,stable
2022-04-25,Atorvastatin_20mg,Cardiovascular,618,0.2,123.6,False,none,stable
2022-04-26,Atorvastatin_20mg,Cardiovascular,604,0.2,120.8,False,none,stable
2022-04-27,Atorvastatin_20mg,Cardiovascular,630,0.2,126.0,False,none,stable
2022-04-28,Atorvastatin_20mg,Cardiovascular,486,0.2,97.2,False,none,stable
2022-04-29,Atorvastatin_20mg,Cardiovascular,642,0.2,128.4,False,none,stable
2022-04-30,Atorvastatin_20mg,Cardiovascular,492,0.2,98.4,False,none,stable
2022-05-01,Atorvastatin_20mg,Cardiovascular,479,0.2,95.8,False,none,stable
2022-05-02,Atorvastatin_20mg,Cardiovascular,709,0.2,141.8,False,none,stable
2022-05-03,Atorvastatin_20mg,Cardiovascular,577,0.2,115.4,False,none,stable
2022-05-04,Atorvastatin_20mg,Cardiovascular,590,0.2,118.0,False,none,stable
2022-05-05,Atorvastatin_20mg,Cardiovascular,707,0.2,141.4,False,none,stable
2022-05-06,Atorvastatin_20mg,Cardiovascular,569,0.2,113.8,False,none,stable
2022-05-07,Atorvastatin_20mg,Cardiovascular,466,0.2,93.2,False,none,stable
2022-05-08,Atorvastatin_20mg,Cardiovascular,482,0.2,96.4,False,none,stable
2022-05-09,Atorvastatin_20mg,Cardiovascular,651,0.2,130.2,False,none,stable
2022-05-10,Atorvastatin_20mg,Cardiovascular,620,0.2,124.0,False,none,stable
2022-05-11,Atorvastatin_20mg,Cardiovascular,547,0.2,109.4,False,none,stable
2022-05-12,Atorvastatin_20mg,Cardiovascular,584,0.2,116.8,False,none,stable
2022-05-13,Atorvastatin_20mg,Cardiovascular,581,0.2,116.2,False,none,stable
2022-05-14,Atorvastatin_20mg,Cardiovascular,485,0.2,97.0,False,none,stable
2022-05-15,Atorvastatin_20mg,Cardiovascular,504,0.2,100.8,False,none,stable
2022-05-16,Atorvastatin_20mg,Cardiovascular,631,0.2,126.2,False,none,stable
2022-05-17,Atorvastatin_20mg,Cardiovascular,524,0.2,104.8,False,none,stable
2022-05-18,Atorvastatin_20mg,Cardiovascular,663,0.2,132.6,False,none,stable
2022-05-19,Atorvastatin_20mg,Cardiovascular,623,0.2,124.6,False,none,stable
2022-05-20,Atorvastatin_20mg,Cardiovascular,679,0.2,135.8,False,none,stable
2022-05-21,Atorvastatin_20mg,Cardiovascular,506,0.2,101.2,False,none,stable
2022-05-22,Atorvastatin_20mg,Cardiovascular,532,0.2,106.4,False,none,stable
2022-05-23,Atorvastatin_20mg,Cardiovascular,634,0.2,126.8,False,none,stable
2022-05-24,Atorvastatin_20mg,Cardiovascular,677,0.2,135.4,False,none,stable
2022-05-25,Atorvastatin_20mg,Cardiovascular,637,0.2,127.4,False,none,stable
2022-05-26,Atorvastatin_20mg,Cardiovascular,607,0.2,121.4,False,none,stable
2022-05-27,Atorvastatin_20mg,Cardiovascular,723,0.2,144.6,False,none,stable
2022-05-28,Atorvastatin_20mg,Cardiovascular,524,0.2,104.8,False,none,stable
2022-05-29,Atorvastatin_20mg,Cardiovascular,512,0.2,102.4,False,none,stable
2022-05-30,Atorvastatin_20mg,Cardiovascular,549,0.2,109.8,False,none,stable
2022-05-31,Atorvastatin_20mg,Cardiovascular,549,0.2,109.8,False,none,stable
2022-06-01,Atorvastatin_20mg,Cardiovascular,626,0.2,125.2,False,none,stable
2022-06-02,Atorvastatin_20mg,Cardiovascular,619,0.2,123.8,False,none,stable
2022-06-03,Atorvastatin_20mg,Cardiovascular,582,0.2,116.4,False,none,stable
2022-06-04,Atorvastatin_20mg,Cardiovascular,495,0.2,99.0,False,none,stable
2022-06-05,Atorvastatin_20mg,Cardiovascular,552,0.2,110.4,False,none,stable
2022-06-06,Atorvastatin_20mg,Cardiovascular,646,0.2,129.2,False,none,stable
2022-06-07,Atorvastatin_20mg,Cardiovascular,556,0.2,111.2,False,none,stable
2022-06-08,Atorvastatin_20mg,Cardiovascular,607,0.2,121.4,False,none,stable
2022-06-09,Atorvastatin_20mg,Cardiovascular,573,0.2,114.6,False,none,stable
2022-06-10,Atorvastatin_20mg,Cardiovascular,594,0.2,118.8,False,none,stable
2022-06-11,Atorvastatin_20mg,Cardiovascular,473,0.2,94.6,False,none,stable
2022-06-12,Atorvastatin_20mg,Cardiovascular,471,0.2,94.2,False,none,stable
2022-06-13,Atorvastatin_20mg,Cardiovascular,551,0.2,110.2,False,none,stable
2022-06-14,Atorvastatin_20mg,Cardiovascular,607,0.2,121.4,False,none,stable
2022-06-15,Atorvastatin_20mg,Cardiovascular,586,0.2,117.2,False,none,stable
2022-06-16,Atorvastatin_20mg,Cardiovascular,469,0.2,93.8,False,none,stable
2022-06-17,Atorvastatin_20mg,Cardiovascular,714,0.2,142.8,False,none,stable
2022-06-18,Atorvastatin_20mg,Cardiovascular,533,0.2,106.6,False,none,stable
2022-06-19,Atorvastatin_20mg,Cardiovascular,476,0.2,95.2,False,none,stable
2022-06-20,Atorvastatin_20mg,Cardiovascular,614,0.2,122.8,False,none,stable
2022-06-21,Atorvastatin_20mg,Cardiovascular,556,0.2,111.2,False,none,stable
2022-06-22,Atorvastatin_20mg,Cardiovascular,697,0.2,139.4,False,none,stable
2022-06-23,Atorvastatin_20mg,Cardiovascular,707,0.2,141.4,False,none,stable
2022-06-24,Atorvastatin_20mg,Cardiovascular,622,0.2,124.4,False,none,stable
2022-06-25,Atorvastatin_20mg,Cardiovascular,531,0.2,106.2,False,none,stable
2022-06-26,Atorvastatin_20mg,Cardiovascular,498,0.2,99.6,False,none,stable
2022-06-27,Atorvastatin_20mg,Cardiovascular,548,0.2,109.6,False,none,stable
2022-06-28,Atorvastatin_20mg,Cardiovascular,594,0.2,118.8,False,none,stable
2022-06-29,Atorvastatin_20mg,Cardiovascular,621,0.2,124.2,False,none,stable
2022-06-30,Atorvastatin_20mg,Cardiovascular,592,0.2,118.4,False,none,stable
2022-07-01,Atorvastatin_20mg,Cardiovascular,604,0.2,120.8,False,none,stable
2022-07-02,Atorvastatin_20mg,Cardiovascular,488,0.2,97.6,False,none,stable
2022-07-03,Atorvastatin_20mg,Cardiovascular,488,0.2,97.6,False,none,stable
2022-07-04,Atorvastatin_20mg,Cardiovascular,617,0.2,123.4,False,none,stable
2022-07-05,Atorvastatin_20mg,Cardiovascular,563,0.2,112.6,False,none,stable
2022-07-06,Atorvastatin_20mg,Cardiovascular,579,0.2,115.8,False,none,stable
2022-07-07,Atorvastatin_20mg,Cardiovascular,552,0.2,110.4,False,none,stable
2022-07-08,Atorvastatin_20mg,Cardiovascular,663,0.2,132.6,False,none,stable
2022-07-09,Atorvastatin_20mg,Cardiovascular,408,0.2,81.6,False,none,stable
2022-07-10,Atorvastatin_20mg,Cardiovascular,537,0.2,107.4,False,none,stable
2022-07-11,Atorvastatin_20mg,Cardiovascular,683,0.2,136.6,False,none,stable
2022-07-12,Atorvastatin_20mg,Cardiovascular,600,0.2,120.0,False,none,stable
2022-07-13,Atorvastatin_20mg,Cardiovascular,487,0.2,97.4,False,none,stable
2022-07-14,Atorvastatin_20mg,Cardiovascular,598,0.2,119.6,False,none,stable
2022-07-15,Atorvastatin_20mg,Cardiovascular,612,0.2,122.4,False,none,stable
2022-07-16,Atorvastatin_20mg,Cardiovascular,452,0.2,90.4,False,none,stable
2022-07-17,Atorvastatin_20mg,Cardiovascular,472,0.2,94.4,False,none,stable
2022-07-18,Atorvastatin_20mg,Cardiovascular,691,0.2,138.2,False,none,stable
2022-07-19,Atorvastatin_20mg,Cardiovascular,649,0.2,129.8,False,none,stable
2022-07-20,Atorvastatin_20mg,Cardiovascular,570,0.2,114.0,False,none,stable
2022-07-21,Atorvastatin_20mg,Cardiovascular,537,0.2,107.4,False,none,stable
2022-07-22,Atorvastatin_20mg,Cardiovascular,600,0.2,120.0,False,none,stable
2022-07-23,Atorvastatin_20mg,Cardiovascular,484,0.2,96.8,False,none,stable
2022-07-24,Atorvastatin_20mg,Cardiovascular,512,0.2,102.4,False,none,stable
2022-07-25,Atorvastatin_20mg,Cardiovascular,590,0.2,118.0,False,none,stable
2022-07-26,Atorvastatin_20mg,Cardiovascular,642,0.2,128.4,False,none,stable
2022-07-27,Atorvastatin_20mg,Cardiovascular,712,0.2,142.4,False,none,stable
2022-07-28,Atorvastatin_20mg,Cardiovascular,657,0.2,131.4,False,none,stable
2022-07-29,Atorvastatin_20mg,Cardiovascular,614,0.2,122.8,False,none,stable
2022-07-30,Atorvastatin_20mg,Cardiovascular,486,0.2,97.2,False,none,stable
2022-07-31,Atorvastatin_20mg,Cardiovascular,479,0.2,95.8,False,none,stable
2022-08-01,Atorvastatin_20mg,Cardiovascular,675,0.2,135.0,False,none,stable
2022-08-02,Atorvastatin_20mg,Cardiovascular,586,0.2,117.2,False,none,stable
2022-08-03,Atorvastatin_20mg,Cardiovascular,619,0.2,123.8,False,none,stable
2022-08-04,Atorvastatin_20mg,Cardiovascular,620,0.2,124.0,False,none,stable
2022-08-05,Atorvastatin_20mg,Cardiovascular,592,0.2,118.4,False,none,stable
2022-08-06,Atorvastatin_20mg,Cardiovascular,439,0.2,87.8,False,none,stable
2022-08-07,Atorvastatin_20mg,Cardiovascular,506,0.2,101.2,False,none,stable
2022-08-08,Atorvastatin_20mg,Cardiovascular,614,0.2,122.8,False,none,stable
2022-08-09,Atorvastatin_20mg,Cardiovascular,642,0.2,128.4,False,none,stable
2022-08-10,Atorvastatin_20mg,Cardiovascular,591,0.2,118.2,False,none,stable
2022-08-11,Atorvastatin_20mg,Cardiovascular,678,0.2,135.6,False,none,stable
2022-08-12,Atorvastatin_20mg,Cardiovascular,574,0.2,114.8,False,none,stable
2022-08-13,Atorvastatin_20mg,Cardiovascular,562,0.2,112.4,False,none,stable
2022-08-14,Atorvastatin_20mg,Cardiovascular,425,0.2,85.0,False,none,stable
2022-08-15,Atorvastatin_20mg,Cardiovascular,640,0.2,128.0,False,none,stable
2022-08-16,Atorvastatin_20mg,Cardiovascular,642,0.2,128.4,False,none,stable
2022-08-17,Atorvastatin_20mg,Cardiovascular,579,0.2,115.8,False,none,stable
2022-08-18,Atorvastatin_20mg,Cardiovascular,639,0.2,127.8,False,none,stable
2022-08-19,Atorvastatin_20mg,Cardiovascular,682,0.2,136.4,False,none,stable
2022-08-20,Atorvastatin_20mg,Cardiovascular,407,0.2,81.4,False,none,stable
2022-08-21,Atorvastatin_20mg,Cardiovascular,514,0.2,102.8,False,none,stable
2022-08-22,Atorvastatin_20mg,Cardiovascular,495,0.2,99.0,False,none,stable
2022-08-23,Atorvastatin_20mg,Cardiovascular,571,0.2,114.2,False,none,stable
2022-08-24,Atorvastatin_20mg,Cardiovascular,700,0.2,140.0,False,none,stable
2022-08-25,Atorvastatin_20mg,Cardiovascular,590,0.2,118.0,False,none,stable
2022-08-26,Atorvastatin_20mg,Cardiovascular,561,0.2,112.2,False,none,stable
2022-08-27,Atorvastatin_20mg,Cardiovascular,487,0.2,97.4,False,none,stable
2022-08-28,Atorvastatin_20mg,Cardiovascular,577,0.2,115.4,False,none,stable
2022-08-29,Atorvastatin_20mg,Cardiovascular,528,0.2,105.6,False,none,stable
2022-08-30,Atorvastatin_20mg,Cardiovascular,567,0.2,113.4,False,none,stable
2022-08-31,Atorvastatin_20mg,Cardiovascular,694,0.2,138.8,False,none,stable
2022-09-01,Atorvastatin_20mg,Cardiovascular,712,0.2,142.4,False,none,stable
2022-09-02,Atorvastatin_20mg,Cardiovascular,614,0.2,122.8,False,none,stable
2022-09-03,Atorvastatin_20mg,Cardiovascular,446,0.2,89.2,False,none,stable
2022-09-04,Atorvastatin_20mg,Cardiovascular,579,0.2,115.8,False,none,stable
2022-09-05,Atorvastatin_20mg,Cardiovascular,699,0.2,139.8,False,none,stable
2022-09-06,Atorvastatin_20mg,Cardiovascular,654,0.2,130.8,False,none,stable
2022-09-07,Atorvastatin_20mg,Cardiovascular,580,0.2,116.0,False,none,stable
2022-09-08,Atorvastatin_20mg,Cardiovascular,618,0.2,123.6,False,none,stable
2022-09-09,Atorvastatin_20mg,Cardiovascular,612,0.2,122.4,False,none,stable
2022-09-10,Atorvastatin_20mg,Cardiovascular,509,0.2,101.8,False,none,stable
2022-09-11,Atorvastatin_20mg,Cardiovascular,553,0.2,110.6,False,none,stable
2022-09-12,Atorvastatin_20mg,Cardiovascular,664,0.2,132.8,False,none,stable
2022-09-13,Atorvastatin_20mg,Cardiovascular,567,0.2,113.4,False,none,stable
2022-09-14,Atorvastatin_20mg,Cardiovascular,689,0.2,137.8,False,none,stable
2022-09-15,Atorvastatin_20mg,Cardiovascular,636,0.2,127.2,False,none,stable
2022-09-16,Atorvastatin_20mg,Cardiovascular,655,0.2,131.0,False,none,stable
2022-09-17,Atorvastatin_20mg,Cardiovascular,555,0.2,111.0,False,none,stable
2022-09-18,Atorvastatin_20mg,Cardiovascular,452,0.2,90.4,False,none,stable
2022-09-19,Atorvastatin_20mg,Cardiovascular,619,0.2,123.8,False,none,stable
2022-09-20,Atorvastatin_20mg,Cardiovascular,595,0.2,119.0,False,none,stable
2022-09-21,Atorvastatin_20mg,Cardiovascular,543,0.2,108.6,False,none,stable
2022-09-22,Atorvastatin_20mg,Cardiovascular,638,0.2,127.6,False,none,stable
2022-09-23,Atorvastatin_20mg,Cardiovascular,746,0.2,149.2,False,none,stable
2022-09-24,Atorvastatin_20mg,Cardiovascular,424,0.2,84.8,False,none,stable
2022-09-25,Atorvastatin_20mg,Cardiovascular,496,0.2,99.2,False,none,stable
2022-09-26,Atorvastatin_20mg,Cardiovascular,653,0.2,130.6,False,none,stable
2022-09-27,Atorvastatin_20mg,Cardiovascular,628,0.2,125.6,False,none,stable
2022-09-28,Atorvastatin_20mg,Cardiovascular,616,0.2,123.2,False,none,stable
2022-09-29,Atorvastatin_20mg,Cardiovascular,557,0.2,111.4,False,none,stable
2022-09-30,Atorvastatin_20mg,Cardiovascular,633,0.2,126.6,False,none,stable
2022-10-01,Atorvastatin_20mg,Cardiovascular,467,0.2,93.4,False,none,stable
2022-10-02,Atorvastatin_20mg,Cardiovascular,410,0.2,82.0,False,none,stable
2022-10-03,Atorvastatin_20mg,Cardiovascular,682,0.2,136.4,False,none,stable
2022-10-04,Atorvastatin_20mg,Cardiovascular,670,0.2,134.0,False,none,stable
2022-10-05,Atorvastatin_20mg,Cardiovascular,625,0.2,125.0,False,none,stable
2022-10-06,Atorvastatin_20mg,Cardiovascular,634,0.2,126.8,False,none,stable
2022-10-07,Atorvastatin_20mg,Cardiovascular,676,0.2,135.2,False,none,stable
2022-10-08,Atorvastatin_20mg,Cardiovascular,507,0.2,101.4,False,none,stable
2022-10-09,Atorvastatin_20mg,Cardiovascular,534,0.2,106.8,False,none,stable
2022-10-10,Atorvastatin_20mg,Cardiovascular,608,0.2,121.6,False,none,stable
2022-10-11,Atorvastatin_20mg,Cardiovascular,688,0.2,137.6,False,none,stable
2022-10-12,Atorvastatin_20mg,Cardiovascular,639,0.2,127.8,False,none,stable
2022-10-13,Atorvastatin_20mg,Cardiovascular,633,0.2,126.6,False,none,stable
2022-10-14,Atorvastatin_20mg,Cardiovascular,560,0.2,112.0,False,none,stable
2022-10-15,Atorvastatin_20mg,Cardiovascular,509,0.2,101.8,False,none,stable
2022-10-16,Atorvastatin_20mg,Cardiovascular,465,0.2,93.0,False,none,stable
2022-10-17,Atorvastatin_20mg,Cardiovascular,591,0.2,118.2,False,none,stable
2022-10-18,Atorvastatin_20mg,Cardiovascular,583,0.2,116.6,False,none,stable
2022-10-19,Atorvastatin_20mg,Cardiovascular,570,0.2,114.0,False,none,stable
2022-10-20,Atorvastatin_20mg,Cardiovascular,730,0.2,146.0,False,none,stable
2022-10-21,Atorvastatin_20mg,Cardiovascular,690,0.2,138.0,False,none,stable
2022-10-22,Atorvastatin_20mg,Cardiovascular,576,0.2,115.2,False,none,stable
2022-10-23,Atorvastatin_20mg,Cardiovascular,450,0.2,90.0,False,none,stable
2022-10-24,Atorvastatin_20mg,Cardiovascular,627,0.2,125.4,False,none,stable
2022-10-25,Atorvastatin_20mg,Cardiovascular,559,0.2,111.8,False,none,stable
2022-10-26,Atorvastatin_20mg,Cardiovascular,589,0.2,117.8,False,none,stable
2022-10-27,Atorvastatin_20mg,Cardiovascular,578,0.2,115.6,False,none,stable
2022-10-28,Atorvastatin_20mg,Cardiovascular,686,0.2,137.2,False,none,stable
2022-10-29,Atorvastatin_20mg,Cardiovascular,483,0.2,96.6,False,none,stable
2022-10-30,Atorvastatin_20mg,Cardiovascular,542,0.2,108.4,False,none,stable
2022-10-31,Atorvastatin_20mg,Cardiovascular,655,0.2,131.0,False,none,stable
2022-11-01,Atorvastatin_20mg,Cardiovascular,740,0.2,148.0,False,none,stable
2022-11-02,Atorvastatin_20mg,Cardiovascular,551,0.2,110.2,False,none,stable
2022-11-03,Atorvastatin_20mg,Cardiovascular,688,0.2,137.6,False,none,stable
2022-11-04,Atorvastatin_20mg,Cardiovascular,682,0.2,136.4,False,none,stable
2022-11-05,Atorvastatin_20mg,Cardiovascular,460,0.2,92.0,False,none,stable
2022-11-06,Atorvastatin_20mg,Cardiovascular,540,0.2,108.0,False,none,stable
2022-11-07,Atorvastatin_20mg,Cardiovascular,642,0.2,128.4,False,none,stable
2022-11-08,Atorvastatin_20mg,Cardiovascular,614,0.2,122.8,False,none,stable
2022-11-09,Atorvastatin_20mg,Cardiovascular,584,0.2,116.8,False,none,stable
2022-11-10,Atorvastatin_20mg,Cardiovascular,589,0.2,117.8,False,none,stable
2022-11-11,Atorvastatin_20mg,Cardiovascular,728,0.2,145.6,False,none,stable
2022-11-12,Atorvastatin_20mg,Cardiovascular,500,0.2,100.0,False,none,stable
2022-11-13,Atorvastatin_20mg,Cardiovascular,532,0.2,106.4,False,none,stable
2022-11-14,Atorvastatin_20mg,Cardiovascular,586,0.2,117.2,False,none,stable
2022-11-15,Atorvastatin_20mg,Cardiovascular,587,0.2,117.4,False,none,stable
2022-11-16,Atorvastatin_20mg,Cardiovascular,680,0.2,136.0,False,none,stable
2022-11-17,Atorvastatin_20mg,Cardiovascular,558,0.2,111.6,False,none,stable
2022-11-18,Atorvastatin_20mg,Cardiovascular,605,0.2,121.0,False,none,stable
2022-11-19,Atorvastatin_20mg,Cardiovascular,502,0.2,100.4,False,none,stable
2022-11-20,Atorvastatin_20mg,Cardiovascular,505,0.2,101.0,False,none,stable
2022-11-21,Atorvastatin_20mg,Cardiovascular,617,0.2,123.4,False,none,stable
2022-11-22,Atorvastatin_20mg,Cardiovascular,646,0.2,129.2,False,none,stable
2022-11-23,Atorvastatin_20mg,Cardiovascular,661,0.2,132.2,False,none,stable
2022-11-24,Atorvastatin_20mg,Cardiovascular,663,0.2,132.6,False,none,stable
2022-11-25,Atorvastatin_20mg,Cardiovascular,577,0.2,115.4,False,none,stable
2022-11-26,Atorvastatin_20mg,Cardiovascular,489,0.2,97.8,False,none,stable
2022-11-27,Atorvastatin_20mg,Cardiovascular,549,0.2,109.8,False,none,stable
2022-11-28,Atorvastatin_20mg,Cardiovascular,672,0.2,134.4,False,none,stable
2022-11-29,Atorvastatin_20mg,Cardiovascular,558,0.2,111.6,False,none,stable
2022-11-30,Atorvastatin_20mg,Cardiovascular,645,0.2,129.0,False,none,stable
2022-12-01,Atorvastatin_20mg,Cardiovascular,528,0.2,105.6,False,none,stable
2022-12-02,Atorvastatin_20mg,Cardiovascular,629,0.2,125.8,False,none,stable
2022-12-03,Atorvastatin_20mg,Cardiovascular,577,0.2,115.4,False,none,stable
2022-12-04,Atorvastatin_20mg,Cardiovascular,464,0.2,92.8,False,none,stable
2022-12-05,Atorvastatin_20mg,Cardiovascular,585,0.2,117.0,False,none,stable
2022-12-06,Atorvastatin_20mg,Cardiovascular,666,0.2,133.2,False,none,stable
2022-12-07,Atorvastatin_20mg,Cardiovascular,550,0.2,110.0,False,none,stable
2022-12-08,Atorvastatin_20mg,Cardiovascular,596,0.2,119.2,False,none,stable
2022-12-09,Atorvastatin_20mg,Cardiovascular,658,0.2,131.6,False,none,stable
2022-12-10,Atorvastatin_20mg,Cardiovascular,476,0.2,95.2,False,none,stable
2022-12-11,Atorvastatin_20mg,Cardiovascular,492,0.2,98.4,False,none,stable
2022-12-12,Atorvastatin_20mg,Cardiovascular,665,0.2,133.0,False,none,stable
2022-12-13,Atorvastatin_20mg,Cardiovascular,649,0.2,129.8,False,none,stable
2022-12-14,Atorvastatin_20mg,Cardiovascular,641,0.2,128.2,False,none,stable
2022-12-15,Atorvastatin_20mg,Cardiovascular,611,0.2,122.2,False,none,stable
2022-12-16,Atorvastatin_20mg,Cardiovascular,647,0.2,129.4,False,none,stable
2022-12-17,Atorvastatin_20mg,Cardiovascular,497,0.2,99.4,False,none,stable
2022-12-18,Atorvastatin_20mg,Cardiovascular,520,0.2,104.0,False,none,stable
2022-12-19,Atorvastatin_20mg,Cardiovascular,603,0.2,120.6,False,none,stable
2022-12-20,Atorvastatin_20mg,Cardiovascular,619,0.2,123.8,False,none,stable
2022-12-21,Atorvastatin_20mg,Cardiovascular,579,0.2,115.8,False,none,stable
2022-12-22,Atorvastatin_20mg,Cardiovascular,627,0.2,125.4,False,none,stable
2022-12-23,Atorvastatin_20mg,Cardiovascular,588,0.2,117.6,False,none,stable
2022-12-24,Atorvastatin_20mg,Cardiovascular,458,0.2,91.6,False,none,stable
2022-12-25,Atorvastatin_20mg,Cardiovascular,513,0.2,102.6,False,none,stable
2022-12-26,Atorvastatin_20mg,Cardiovascular,640,0.2,128.0,False,none,stable
2022-12-27,Atorvastatin_20mg,Cardiovascular,669,0.2,133.8,False,none,stable
2022-12-28,Atorvastatin_20mg,Cardiovascular,607,0.2,121.4,False,none,stable
2022-12-29,Atorvastatin_20mg,Cardiovascular,650,0.2,130.0,False,none,stable
2022-12-30,Atorvastatin_20mg,Cardiovascular,657,0.2,131.4,False,none,stable
2022-12-31,Atorvastatin_20mg,Cardiovascular,521,0.2,104.2,False,none,stable
2023-01-01,Atorvastatin_20mg,Cardiovascular,470,0.2,94.0,False,none,stable
2023-01-02,Atorvastatin_20mg,Cardiovascular,637,0.2,127.4,False,none,stable
2023-01-03,Atorvastatin_20mg,Cardiovascular,648,0.2,129.6,False,none,stable
2023-01-04,Atorvastatin_20mg,Cardiovascular,630,0.2,126.0,False,none,stable
2023-01-05,Atorvastatin_20mg,Cardiovascular,525,0.2,105.0,False,none,stable
2023-01-06,Atorvastatin_20mg,Cardiovascular,638,0.2,127.6,False,none,stable
2023-01-07,Atorvastatin_20mg,Cardiovascular,593,0.2,118.6,False,none,stable
2023-01-08,Atorvastatin_20mg,Cardiovascular,489,0.2,97.8,False,none,stable
2023-01-09,Atorvastatin_20mg,Cardiovascular,593,0.2,118.6,False,none,stable
2023-01-10,Atorvastatin_20mg,Cardiovascular,649,0.2,129.8,False,none,stable
2023-01-11,Atorvastatin_20mg,Cardiovascular,646,0.2,129.2,False,none,stable
2023-01-12,Atorvastatin_20mg,Cardiovascular,691,0.2,138.2,False,none,stable
2023-01-13,Atorvastatin_20mg,Cardiovascular,567,0.2,113.4,False,none,stable
2023-01-14,Atorvastatin_20mg,Cardiovascular,533,0.2,106.6,False,none,stable
2023-01-15,Atorvastatin_20mg,Cardiovascular,528,0.2,105.6,False,none,stable
2023-01-16,Atorvastatin_20mg,Cardiovascular,624,0.2,124.8,False,none,stable
2023-01-17,Atorvastatin_20mg,Cardiovascular,648,0.2,129.6,False,none,stable
2023-01-18,Atorvastatin_20mg,Cardiovascular,683,0.2,136.6,False,none,stable
2023-01-19,Atorvastatin_20mg,Cardiovascular,675,0.2,135.0,False,none,stable
2023-01-20,Atorvastatin_20mg,Cardiovascular,573,0.2,114.6,False,none,stable
2023-01-21,Atorvastatin_20mg,Cardiovascular,538,0.2,107.6,False,none,stable
2023-01-22,Atorvastatin_20mg,Cardiovascular,502,0.2,100.4,False,none,stable
2023-01-23,Atorvastatin_20mg,Cardiovascular,635,0.2,127.0,False,none,stable
2023-01-24,Atorvastatin_20mg,Cardiovascular,635,0.2,127.0,False,none,stable
2023-01-25,Atorvastatin_20mg,Cardiovascular,624,0.2,124.8,False,none,stable
2023-01-26,Atorvastatin_20mg,Cardiovascular,692,0.2,138.4,False,none,stable
2023-01-27,Atorvastatin_20mg,Cardiovascular,627,0.2,125.4,False,none,stable
2023-01-28,Atorvastatin_20mg,Cardiovascular,460,0.2,92.0,False,none,stable
2023-01-29,Atorvastatin_20mg,Cardiovascular,489,0.2,97.8,False,none,stable
2023-01-30,Atorvastatin_20mg,Cardiovascular,641,0.2,128.2,False,none,stable
2023-01-31,Atorvastatin_20mg,Cardiovascular,694,0.2,138.8,False,none,stable
2023-02-01,Atorvastatin_20mg,Cardiovascular,663,0.2,132.6,False,none,stable
2023-02-02,Atorvastatin_20mg,Cardiovascular,589,0.2,117.8,False,none,stable
2023-02-03,Atorvastatin_20mg,Cardiovascular,758,0.2,151.6,False,none,stable
2023-02-04,Atorvastatin_20mg,Cardiovascular,516,0.2,103.2,False,none,stable
2023-02-05,Atorvastatin_20mg,Cardiovascular,557,0.2,111.4,False,none,stable
2023-02-06,Atorvastatin_20mg,Cardiovascular,625,0.2,125.0,False,none,stable
2023-02-07,Atorvastatin_20mg,Cardiovascular,660,0.2,132.0,False,none,stable
2023-02-08,Atorvastatin_20mg,Cardiovascular,675,0.2,135.0,False,none,stable
2023-02-09,Atorvastatin_20mg,Cardiovascular,694,0.2,138.8,False,none,stable
2023-02-10,Atorvastatin_20mg,Cardiovascular,686,0.2,137.2,False,none,stable
2023-02-11,Atorvastatin_20mg,Cardiovascular,541,0.2,108.2,False,none,stable
2023-02-12,Atorvastatin_20mg,Cardiovascular,493,0.2,98.6,False,none,stable
2023-02-13,Atorvastatin_20mg,Cardiovascular,604,0.2,120.8,False,none,stable
2023-02-14,Atorvastatin_20mg,Cardiovascular,650,0.2,130.0,False,none,stable
2023-02-15,Atorvastatin_20mg,Cardiovascular,681,0.2,136.2,False,none,stable
2023-02-16,Atorvastatin_20mg,Cardiovascular,622,0.2,124.4,False,none,stable
2023-02-17,Atorvastatin_20mg,Cardiovascular,687,0.2,137.4,False,none,stable
2023-02-18,Atorvastatin_20mg,Cardiovascular,565,0.2,113.0,False,none,stable
2023-02-19,Atorvastatin_20mg,Cardiovascular,469,0.2,93.8,False,none,stable
2023-02-20,Atorvastatin_20mg,Cardiovascular,591,0.2,118.2,False,none,stable
2023-02-21,Atorvastatin_20mg,Cardiovascular,627,0.2,125.4,False,none,stable
2023-02-22,Atorvastatin_20mg,Cardiovascular,649,0.2,129.8,False,none,stable
2023-02-23,Atorvastatin_20mg,Cardiovascular,607,0.2,121.4,False,none,stable
2023-02-24,Atorvastatin_20mg,Cardiovascular,703,0.2,140.6,False,none,stable
2023-02-25,Atorvastatin_20mg,Cardiovascular,524,0.2,104.8,False,none,stable
2023-02-26,Atorvastatin_20mg,Cardiovascular,508,0.2,101.6,False,none,stable
2023-02-27,Atorvastatin_20mg,Cardiovascular,561,0.2,112.2,False,none,stable
2023-02-28,Atorvastatin_20mg,Cardiovascular,567,0.2,113.4,False,none,stable
2023-03-01,Atorvastatin_20mg,Cardiovascular,649,0.2,129.8,False,none,stable
2023-03-02,Atorvastatin_20mg,Cardiovascular,526,0.2,105.2,False,none,stable
2023-03-03,Atorvastatin_20mg,Cardiovascular,686,0.2,137.2,False,none,stable
2023-03-04,Atorvastatin_20mg,Cardiovascular,501,0.2,100.2,False,none,stable
2023-03-05,Atorvastatin_20mg,Cardiovascular,639,0.2,127.8,False,none,stable
2023-03-06,Atorvastatin_20mg,Cardiovascular,752,0.2,150.4,False,none,stable
2023-03-07,Atorvastatin_20mg,Cardiovascular,626,0.2,125.2,False,none,stable
2023-03-08,Atorvastatin_20mg,Cardiovascular,630,0.2,126.0,False,none,stable
2023-03-09,Atorvastatin_20mg,Cardiovascular,686,0.2,137.2,False,none,stable
2023-03-10,Atorvastatin_20mg,Cardiovascular,722,0.2,144.4,False,none,stable
2023-03-11,Atorvastatin_20mg,Cardiovascular,441,0.2,88.2,False,none,stable
2023-03-12,Atorvastatin_20mg,Cardiovascular,435,0.2,87.0,False,none,stable
2023-03-13,Atorvastatin_20mg,Cardiovascular,604,0.2,120.8,False,none,stable
2023-03-14,Atorvastatin_20mg,Cardiovascular,665,0.2,133.0,False,none,stable
2023-03-15,Atorvastatin_20mg,Cardiovascular,661,0.2,132.2,False,none,stable
2023-03-16,Atorvastatin_20mg,Cardiovascular,690,0.2,138.0,False,none,stable
2023-03-17,Atorvastatin_20mg,Cardiovascular,575,0.2,115.0,False,none,stable
2023-03-18,Atorvastatin_20mg,Cardiovascular,414,0.2,82.8,False,none,stable
2023-03-19,Atorvastatin_20mg,Cardiovascular,544,0.2,108.8,False,none,stable
2023-03-20,Atorvastatin_20mg,Cardiovascular,594,0.2,118.8,False,none,stable
2023-03-21,Atorvastatin_20mg,Cardiovascular,533,0.2,106.6,False,none,stable
2023-03-22,Atorvastatin_20mg,Cardiovascular,643,0.2,128.6,False,none,stable
2023-03-23,Atorvastatin_20mg,Cardiovascular,677,0.2,135.4,False,none,stable
2023-03-24,Atorvastatin_20mg,Cardiovascular,630,0.2,126.0,False,none,stable
2023-03-25,Atorvastatin_20mg,Cardiovascular,490,0.2,98.0,False,none,stable
2023-03-26,Atorvastatin_20mg,Cardiovascular,502,0.2,100.4,False,none,stable
2023-03-27,Atorvastatin_20mg,Cardiovascular,618,0.2,123.6,False,none,stable
2023-03-28,Atorvastatin_20mg,Cardiovascular,568,0.2,113.6,False,none,stable
2023-03-29,Atorvastatin_20mg,Cardiovascular,600,0.2,120.0,False,none,stable
2023-03-30,Atorvastatin_20mg,Cardiovascular,663,0.2,132.6,False,none,stable
2023-03-31,Atorvastatin_20mg,Cardiovascular,653,0.2,130.6,False,none,stable
2023-04-01,Atorvastatin_20mg,Cardiovascular,516,0.2,103.2,False,none,stable
2023-04-02,Atorvastatin_20mg,Cardiovascular,468,0.2,93.6,False,none,stable
2023-04-03,Atorvastatin_20mg,Cardiovascular,628,0.2,125.6,False,none,stable
2023-04-04,Atorvastatin_20mg,Cardiovascular,526,0.2,105.2,False,none,stable
2023-04-05,Atorvastatin_20mg,Cardiovascular,646,0.2,129.2,False,none,stable
2023-04-06,Atorvastatin_20mg,Cardiovascular,710,0.2,142.0,False,none,stable
2023-04-07,Atorvastatin_20mg,Cardiovascular,562,0.2,112.4,False,none,stable
2023-04-08,Atorvastatin_20mg,Cardiovascular,486,0.2,97.2,False,none,stable
2023-04-09,Atorvastatin_20mg,Cardiovascular,523,0.2,104.6,False,none,stable
2023-04-10,Atorvastatin_20mg,Cardiovascular,702,0.2,140.4,False,none,stable
2023-04-11,Atorvastatin_20mg,Cardiovascular,615,0.2,123.0,False,none,stable
2023-04-12,Atorvastatin_20mg,Cardiovascular,602,0.2,120.4,False,none,stable
2023-04-13,Atorvastatin_20mg,Cardiovascular,537,0.2,107.4,False,none,stable
2023-04-14,Atorvastatin_20mg,Cardiovascular,643,0.2,128.6,False,none,stable
2023-04-15,Atorvastatin_20mg,Cardiovascular,593,0.2,118.6,False,none,stable
2023-04-16,Atorvastatin_20mg,Cardiovascular,521,0.2,104.2,False,none,stable
2023-04-17,Atorvastatin_20mg,Cardiovascular,637,0.2,127.4,False,none,stable
2023-04-18,Atorvastatin_20mg,Cardiovascular,655,0.2,131.0,False,none,stable
2023-04-19,Atorvastatin_20mg,Cardiovascular,638,0.2,127.6,False,none,stable
2023-04-20,Atorvastatin_20mg,Cardiovascular,597,0.2,119.4,False,none,stable
2023-04-21,Atorvastatin_20mg,Cardiovascular,681,0.2,136.2,False,none,stable
2023-04-22,Atorvastatin_20mg,Cardiovascular,520,0.2,104.0,False,none,stable
2023-04-23,Atorvastatin_20mg,Cardiovascular,512,0.2,102.4,False,none,stable
2023-04-24,Atorvastatin_20mg,Cardiovascular,589,0.2,117.8,False,none,stable
2023-04-25,Atorvastatin_20mg,Cardiovascular,706,0.2,141.2,False,none,stable
2023-04-26,Atorvastatin_20mg,Cardiovascular,673,0.2,134.6,False,none,stable
2023-04-27,Atorvastatin_20mg,Cardiovascular,611,0.2,122.2,False,none,stable
2023-04-28,Atorvastatin_20mg,Cardiovascular,690,0.2,138.0,False,none,stable
2023-04-29,Atorvastatin_20mg,Cardiovascular,491,0.2,98.2,False,none,stable
2023-04-30,Atorvastatin_20mg,Cardiovascular,479,0.2,95.8,False,none,stable
2023-05-01,Atorvastatin_20mg,Cardiovascular,600,0.2,120.0,False,none,stable
2023-05-02,Atorvastatin_20mg,Cardiovascular,549,0.2,109.8,False,none,stable
2023-05-03,Atorvastatin_20mg,Cardiovascular,664,0.2,132.8,False,none,stable
2023-05-04,Atorvastatin_20mg,Cardiovascular,546,0.2,109.2,False,none,stable
2023-05-05,Atorvastatin_20mg,Cardiovascular,577,0.2,115.4,False,none,stable
2023-05-06,Atorvastatin_20mg,Cardiovascular,426,0.2,85.2,False,none,stable
2023-05-07,Atorvastatin_20mg,Cardiovascular,508,0.2,101.6,False,none,stable
2023-05-08,Atorvastatin_20mg,Cardiovascular,632,0.2,126.4,False,none,stable
2023-05-09,Atorvastatin_20mg,Cardiovascular,623,0.2,124.6,False,none,stable
2023-05-10,Atorvastatin_20mg,Cardiovascular,587,0.2,117.4,False,none,stable
2023-05-11,Atorvastatin_20mg,Cardiovascular,580,0.2,116.0,False,none,stable
2023-05-12,Atorvastatin_20mg,Cardiovascular,664,0.2,132.8,False,none,stable
2023-05-13,Atorvastatin_20mg,Cardiovascular,489,0.2,97.8,False,none,stable
2023-05-14,Atorvastatin_20mg,Cardiovascular,525,0.2,105.0,False,none,stable
2023-05-15,Atorvastatin_20mg,Cardiovascular,595,0.2,119.0,False,none,stable
2023-05-16,Atorvastatin_20mg,Cardiovascular,650,0.2,130.0,False,none,stable
2023-05-17,Atorvastatin_20mg,Cardiovascular,708,0.2,141.6,False,none,stable
2023-05-18,Atorvastatin_20mg,Cardiovascular,671,0.2,134.2,False,none,stable
2023-05-19,Atorvastatin_20mg,Cardiovascular,620,0.2,124.0,False,none,stable
2023-05-20,Atorvastatin_20mg,Cardiovascular,523,0.2,104.6,False,none,stable
2023-05-21,Atorvastatin_20mg,Cardiovascular,503,0.2,100.6,False,none,stable
2023-05-22,Atorvastatin_20mg,Cardiovascular,641,0.2,128.2,False,none,stable
2023-05-23,Atorvastatin_20mg,Cardiovascular,624,0.2,124.8,False,none,stable
2023-05-24,Atorvastatin_20mg,Cardiovascular,633,0.2,126.6,False,none,stable
2023-05-25,Atorvastatin_20mg,Cardiovascular,652,0.2,130.4,False,none,stable
2023-05-26,Atorvastatin_20mg,Cardiovascular,590,0.2,118.0,False,none,stable
2023-05-27,Atorvastatin_20mg,Cardiovascular,471,0.2,94.2,False,none,stable
2023-05-28,Atorvastatin_20mg,Cardiovascular,456,0.2,91.2,False,none,stable
2023-05-29,Atorvastatin_20mg,Cardiovascular,559,0.2,111.8,False,none,stable
2023-05-30,Atorvastatin_20mg,Cardiovascular,579,0.2,115.8,False,none,stable
2023-05-31,Atorvastatin_20mg,Cardiovascular,650,0.2,130.0,False,none,stable
2023-06-01,Atorvastatin_20mg,Cardiovascular,596,0.2,119.2,False,none,stable
2023-06-02,Atorvastatin_20mg,Cardiovascular,668,0.2,133.6,False,none,stable
2023-06-03,Atorvastatin_20mg,Cardiovascular,515,0.2,103.0,False,none,stable
2023-06-04,Atorvastatin_20mg,Cardiovascular,432,0.2,86.4,False,none,stable
2023-06-05,Atorvastatin_20mg,Cardiovascular,676,0.2,135.2,False,none,stable
2023-06-06,Atorvastatin_20mg,Cardiovascular,684,0.2,136.8,False,none,stable
2023-06-07,Atorvastatin_20mg,Cardiovascular,591,0.2,118.2,False,none,stable
2023-06-08,Atorvastatin_20mg,Cardiovascular,664,0.2,132.8,False,none,stable
2023-06-09,Atorvastatin_20mg,Cardiovascular,599,0.2,119.8,False,none,stable
2023-06-10,Atorvastatin_20mg,Cardiovascular,518,0.2,103.6,False,none,stable
2023-06-11,Atorvastatin_20mg,Cardiovascular,462,0.2,92.4,False,none,stable
2023-06-12,Atorvastatin_20mg,Cardiovascular,551,0.2,110.2,False,none,stable
2023-06-13,Atorvastatin_20mg,Cardiovascular,623,0.2,124.6,False,none,stable
2023-06-14,Atorvastatin_20mg,Cardiovascular,637,0.2,127.4,False,none,stable
2023-06-15,Atorvastatin_20mg,Cardiovascular,623,0.2,124.6,False,none,stable
2023-06-16,Atorvastatin_20mg,Cardiovascular,582,0.2,116.4,False,none,stable
2023-06-17,Atorvastatin_20mg,Cardiovascular,498,0.2,99.6,False,none,stable
2023-06-18,Atorvastatin_20mg,Cardiovascular,525,0.2,105.0,False,none,stable
2023-06-19,Atorvastatin_20mg,Cardiovascular,641,0.2,128.2,False,none,stable
2023-06-20,Atorvastatin_20mg,Cardiovascular,653,0.2,130.6,False,none,stable
2023-06-21,Atorvastatin_20mg,Cardiovascular,609,0.2,121.8,False,none,stable
2023-06-22,Atorvastatin_20mg,Cardiovascular,704,0.2,140.8,False,none,stable
2023-06-23,Atorvastatin_20mg,Cardiovascular,583,0.2,116.6,False,none,stable
2023-06-24,Atorvastatin_20mg,Cardiovascular,535,0.2,107.0,False,none,stable
2023-06-25,Atorvastatin_20mg,Cardiovascular,564,0.2,112.8,False,none,stable
2023-06-26,Atorvastatin_20mg,Cardiovascular,669,0.2,133.8,False,none,stable
2023-06-27,Atorvastatin_20mg,Cardiovascular,634,0.2,126.8,False,none,stable
2023-06-28,Atorvastatin_20mg,Cardiovascular,617,0.2,123.4,False,none,stable
2023-06-29,Atorvastatin_20mg,Cardiovascular,698,0.2,139.6,False,none,stable
2023-06-30,Atorvastatin_20mg,Cardiovascular,571,0.2,114.2,False,none,stable
2023-07-01,Atorvastatin_20mg,Cardiovascular,475,0.2,95.0,False,none,stable
2023-07-02,Atorvastatin_20mg,Cardiovascular,499,0.2,99.8,False,none,stable
2023-07-03,Atorvastatin_20mg,Cardiovascular,708,0.2,141.6,False,none,stable
2023-07-04,Atorvastatin_20mg,Cardiovascular,664,0.2,132.8,False,none,stable
2023-07-05,Atorvastatin_20mg,Cardiovascular,595,0.2,119.0,False,none,stable
2023-07-06,Atorvastatin_20mg,Cardiovascular,629,0.2,125.8,False,none,stable
2023-07-07,Atorvastatin_20mg,Cardiovascular,613,0.2,122.6,False,none,stable
2023-07-08,Atorvastatin_20mg,Cardiovascular,486,0.2,97.2,False,none,stable
2023-07-09,Atorvastatin_20mg,Cardiovascular,556,0.2,111.2,False,none,stable
2023-07-10,Atorvastatin_20mg,Cardiovascular,574,0.2,114.8,False,none,stable
2023-07-11,Atorvastatin_20mg,Cardiovascular,728,0.2,145.6,False,none,stable
2023-07-12,Atorvastatin_20mg,Cardiovascular,688,0.2,137.6,False,none,stable
2023-07-13,Atorvastatin_20mg,Cardiovascular,702,0.2,140.4,False,none,stable
2023-07-14,Atorvastatin_20mg,Cardiovascular,622,0.2,124.4,False,none,stable
2023-07-15,Atorvastatin_20mg,Cardiovascular,510,0.2,102.0,False,none,stable
2023-07-16,Atorvastatin_20mg,Cardiovascular,457,0.2,91.4,False,none,stable
2023-07-17,Atorvastatin_20mg,Cardiovascular,619,0.2,123.8,False,none,stable
2023-07-18,Atorvastatin_20mg,Cardiovascular,671,0.2,134.2,False,none,stable
2023-07-19,Atorvastatin_20mg,Cardiovascular,713,0.2,142.6,False,none,stable
2023-07-20,Atorvastatin_20mg,Cardiovascular,589,0.2,117.8,False,none,stable
2023-07-21,Atorvastatin_20mg,Cardiovascular,627,0.2,125.4,False,none,stable
2023-07-22,Atorvastatin_20mg,Cardiovascular,510,0.2,102.0,False,none,stable
2023-07-23,Atorvastatin_20mg,Cardiovascular,459,0.2,91.8,False,none,stable
2023-07-24,Atorvastatin_20mg,Cardiovascular,677,0.2,135.4,False,none,stable
2023-07-25,Atorvastatin_20mg,Cardiovascular,609,0.2,121.8,False,none,stable
2023-07-26,Atorvastatin_20mg,Cardiovascular,636,0.2,127.2,False,none,stable
2023-07-27,Atorvastatin_20mg,Cardiovascular,623,0.2,124.6,False,none,stable
2023-07-28,Atorvastatin_20mg,Cardiovascular,606,0.2,121.2,False,none,stable
2023-07-29,Atorvastatin_20mg,Cardiovascular,516,0.2,103.2,False,none,stable
2023-07-30,Atorvastatin_20mg,Cardiovascular,508,0.2,101.6,False,none,stable
2023-07-31,Atorvastatin_20mg,Cardiovascular,628,0.2,125.6,False,none,stable
2023-08-01,Atorvastatin_20mg,Cardiovascular,554,0.2,110.8,False,supply_shortage,stable
2023-08-02,Atorvastatin_20mg,Cardiovascular,604,0.2,120.8,False,supply_shortage,stable
2023-08-03,Atorvastatin_20mg,Cardiovascular,667,0.2,133.4,False,supply_shortage,stable
2023-08-04,Atorvastatin_20mg,Cardiovascular,595,0.2,119.0,False,supply_shortage,stable
2023-08-05,Atorvastatin_20mg,Cardiovascular,508,0.2,101.6,False,supply_shortage,stable
2023-08-06,Atorvastatin_20mg,Cardiovascular,418,0.2,83.6,False,supply_shortage,stable
2023-08-07,Atorvastatin_20mg,Cardiovascular,597,0.2,119.4,False,supply_shortage,stable
2023-08-08,Atorvastatin_20mg,Cardiovascular,537,0.2,107.4,False,supply_shortage,stable
2023-08-09,Atorvastatin_20mg,Cardiovascular,520,0.2,104.0,False,supply_shortage,stable
2023-08-10,Atorvastatin_20mg,Cardiovascular,554,0.2,110.8,False,supply_shortage,stable
2023-08-11,Atorvastatin_20mg,Cardiovascular,646,0.2,129.2,False,supply_shortage,stable
2023-08-12,Atorvastatin_20mg,Cardiovascular,507,0.2,101.4,False,supply_shortage,stable
2023-08-13,Atorvastatin_20mg,Cardiovascular,480,0.2,96.0,False,supply_shortage,stable
2023-08-14,Atorvastatin_20mg,Cardiovascular,517,0.2,103.4,False,supply_shortage,stable
2023-08-15,Atorvastatin_20mg,Cardiovascular,580,0.2,116.0,False,supply_shortage,stable
2023-08-16,Atorvastatin_20mg,Cardiovascular,604,0.2,120.8,False,supply_shortage,stable
2023-08-17,Atorvastatin_20mg,Cardiovascular,598,0.2,119.6,False,supply_shortage,stable
2023-08-18,Atorvastatin_20mg,Cardiovascular,503,0.2,100.6,False,supply_shortage,stable
2023-08-19,Atorvastatin_20mg,Cardiovascular,438,0.2,87.6,False,supply_shortage,stable
2023-08-20,Atorvastatin_20mg,Cardiovascular,469,0.2,93.8,False,supply_shortage,stable
2023-08-21,Atorvastatin_20mg,Cardiovascular,615,0.2,123.0,False,supply_shortage,stable
2023-08-22,Atorvastatin_20mg,Cardiovascular,486,0.2,97.2,False,supply_shortage,stable
2023-08-23,Atorvastatin_20mg,Cardiovascular,583,0.2,116.6,False,supply_shortage,stable
2023-08-24,Atorvastatin_20mg,Cardiovascular,597,0.2,119.4,False,supply_shortage,stable
2023-08-25,Atorvastatin_20mg,Cardiovascular,631,0.2,126.2,False,supply_shortage,stable
2023-08-26,Atorvastatin_20mg,Cardiovascular,498,0.2,99.6,False,supply_shortage,stable
2023-08-27,Atorvastatin_20mg,Cardiovascular,494,0.2,98.8,False,supply_shortage,stable
2023-08-28,Atorvastatin_20mg,Cardiovascular,553,0.2,110.6,False,supply_shortage,stable
2023-08-29,Atorvastatin_20mg,Cardiovascular,501,0.2,100.2,False,supply_shortage,stable
2023-08-30,Atorvastatin_20mg,Cardiovascular,572,0.2,114.4,False,supply_shortage,stable
2023-08-31,Atorvastatin_20mg,Cardiovascular,638,0.2,127.6,False,supply_shortage,stable
2023-09-01,Atorvastatin_20mg,Cardiovascular,657,0.2,131.4,False,supply_shortage,stable
2023-09-02,Atorvastatin_20mg,Cardiovascular,500,0.2,100.0,False,supply_shortage,stable
2023-09-03,Atorvastatin_20mg,Cardiovascular,488,0.2,97.6,False,supply_shortage,stable
2023-09-04,Atorvastatin_20mg,Cardiovascular,609,0.2,121.8,False,supply_shortage,stable
2023-09-05,Atorvastatin_20mg,Cardiovascular,565,0.2,113.0,False,supply_shortage,stable
2023-09-06,Atorvastatin_20mg,Cardiovascular,585,0.2,117.0,False,supply_shortage,stable
2023-09-07,Atorvastatin_20mg,Cardiovascular,670,0.2,134.0,False,supply_shortage,stable
2023-09-08,Atorvastatin_20mg,Cardiovascular,547,0.2,109.4,False,supply_shortage,stable
2023-09-09,Atorvastatin_20mg,Cardiovascular,534,0.2,106.8,False,supply_shortage,stable
2023-09-10,Atorvastatin_20mg,Cardiovascular,460,0.2,92.0,False,supply_shortage,stable
2023-09-11,Atorvastatin_20mg,Cardiovascular,655,0.2,131.0,False,supply_shortage,stable
2023-09-12,Atorvastatin_20mg,Cardiovascular,525,0.2,105.0,False,supply_shortage,stable
2023-09-13,Atorvastatin_20mg,Cardiovascular,620,0.2,124.0,False,supply_shortage,stable
2023-09-14,Atorvastatin_20mg,Cardiovascular,557,0.2,111.4,False,supply_shortage,stable
2023-09-15,Atorvastatin_20mg,Cardiovascular,525,0.2,105.0,False,supply_shortage,stable
2023-09-16,Atorvastatin_20mg,Cardiovascular,529,0.2,105.8,False,none,stable
2023-09-17,Atorvastatin_20mg,Cardiovascular,562,0.2,112.4,False,none,stable
2023-09-18,Atorvastatin_20mg,Cardiovascular,607,0.2,121.4,False,none,stable
2023-09-19,Atorvastatin_20mg,Cardiovascular,573,0.2,114.6,False,none,stable
2023-09-20,Atorvastatin_20mg,Cardiovascular,646,0.2,129.2,False,none,stable
2023-09-21,Atorvastatin_20mg,Cardiovascular,647,0.2,129.4,False,none,stable
2023-09-22,Atorvastatin_20mg,Cardiovascular,680,0.2,136.0,False,none,stable
2023-09-23,Atorvastatin_20mg,Cardiovascular,560,0.2,112.0,False,none,stable
2023-09-24,Atorvastatin_20mg,Cardiovascular,518,0.2,103.6,False,none,stable
2023-09-25,Atorvastatin_20mg,Cardiovascular,748,0.2,149.6,False,none,stable
2023-09-26,Atorvastatin_20mg,Cardiovascular,663,0.2,132.6,False,none,stable
2023-09-27,Atorvastatin_20mg,Cardiovascular,634,0.2,126.8,False,none,stable
2023-09-28,Atorvastatin_20mg,Cardiovascular,568,0.2,113.6,False,none,stable
2023-09-29,Atorvastatin_20mg,Cardiovascular,638,0.2,127.6,False,none,stable
2023-09-30,Atorvastatin_20mg,Cardiovascular,507,0.2,101.4,False,none,stable
2023-10-01,Atorvastatin_20mg,Cardiovascular,561,0.2,112.2,False,none,stable
2023-10-02,Atorvastatin_20mg,Cardiovascular,676,0.2,135.2,False,none,stable
2023-10-03,Atorvastatin_20mg,Cardiovascular,591,0.2,118.2,False,none,stable
2023-10-04,Atorvastatin_20mg,Cardiovascular,661,0.2,132.2,False,none,stable
2023-10-05,Atorvastatin_20mg,Cardiovascular,687,0.2,137.4,False,none,stable
2023-10-06,Atorvastatin_20mg,Cardiovascular,732,0.2,146.4,False,none,stable
2023-10-07,Atorvastatin_20mg,Cardiovascular,559,0.2,111.8,False,none,stable
2023-10-08,Atorvastatin_20mg,Cardiovascular,553,0.2,110.6,False,none,stable
2023-10-09,Atorvastatin_20mg,Cardiovascular,656,0.2,131.2,False,none,stable
2023-10-10,Atorvastatin_20mg,Cardiovascular,673,0.2,134.6,False,none,stable
2023-10-11,Atorvastatin_20mg,Cardiovascular,718,0.2,143.6,False,none,stable
2023-10-12,Atorvastatin_20mg,Cardiovascular,583,0.2,116.6,False,none,stable
2023-10-13,Atorvastatin_20mg,Cardiovascular,635,0.2,127.0,False,none,stable
2023-10-14,Atorvastatin_20mg,Cardiovascular,490,0.2,98.0,False,none,stable
2023-10-15,Atorvastatin_20mg,Cardiovascular,538,0.2,107.6,False,none,stable
2023-10-16,Atorvastatin_20mg,Cardiovascular,718,0.2,143.6,False,none,stable
2023-10-17,Atorvastatin_20mg,Cardiovascular,622,0.2,124.4,False,none,stable
2023-10-18,Atorvastatin_20mg,Cardiovascular,528,0.2,105.6,False,none,stable
2023-10-19,Atorvastatin_20mg,Cardiovascular,632,0.2,126.4,False,none,stable
2023-10-20,Atorvastatin_20mg,Cardiovascular,701,0.2,140.2,False,none,stable
2023-10-21,Atorvastatin_20mg,Cardiovascular,545,0.2,109.0,False,none,stable
2023-10-22,Atorvastatin_20mg,Cardiovascular,540,0.2,108.0,False,none,stable
2023-10-23,Atorvastatin_20mg,Cardiovascular,639,0.2,127.8,False,none,stable
2023-10-24,Atorvastatin_20mg,Cardiovascular,587,0.2,117.4,False,none,stable
2023-10-25,Atorvastatin_20mg,Cardiovascular,681,0.2,136.2,False,none,stable
2023-10-26,Atorvastatin_20mg,Cardiovascular,610,0.2,122.0,False,none,stable
2023-10-27,Atorvastatin_20mg,Cardiovascular,768,0.2,153.6,False,none,stable
2023-10-28,Atorvastatin_20mg,Cardiovascular,547,0.2,109.4,False,none,stable
2023-10-29,Atorvastatin_20mg,Cardiovascular,499,0.2,99.8,False,none,stable
2023-10-30,Atorvastatin_20mg,Cardiovascular,622,0.2,124.4,False,none,stable
2023-10-31,Atorvastatin_20mg,Cardiovascular,650,0.2,130.0,False,none,stable
2023-11-01,Atorvastatin_20mg,Cardiovascular,642,0.2,128.4,False,none,stable
2023-11-02,Atorvastatin_20mg,Cardiovascular,713,0.2,142.6,False,none,stable
2023-11-03,Atorvastatin_20mg,Cardiovascular,664,0.2,132.8,False,none,stable
2023-11-04,Atorvastatin_20mg,Cardiovascular,492,0.2,98.4,False,none,stable
2023-11-05,Atorvastatin_20mg,Cardiovascular,603,0.2,120.6,False,none,stable
2023-11-06,Atorvastatin_20mg,Cardiovascular,657,0.2,131.4,False,none,stable
2023-11-07,Atorvastatin_20mg,Cardiovascular,695,0.2,139.0,False,none,stable
2023-11-08,Atorvastatin_20mg,Cardiovascular,623,0.2,124.6,False,none,stable
2023-11-09,Atorvastatin_20mg,Cardiovascular,674,0.2,134.8,False,none,stable
2023-11-10,Atorvastatin_20mg,Cardiovascular,672,0.2,134.4,False,none,stable
2023-11-11,Atorvastatin_20mg,Cardiovascular,444,0.2,88.8,False,none,stable
2023-11-12,Atorvastatin_20mg,Cardiovascular,608,0.2,121.6,False,none,stable
2023-11-13,Atorvastatin_20mg,Cardiovascular,723,0.2,144.6,False,none,stable
2023-11-14,Atorvastatin_20mg,Cardiovascular,635,0.2,127.0,False,none,stable
2023-11-15,Atorvastatin_20mg,Cardiovascular,598,0.2,119.6,False,none,stable
2023-11-16,Atorvastatin_20mg,Cardiovascular,674,0.2,134.8,False,none,stable
2023-11-17,Atorvastatin_20mg,Cardiovascular,660,0.2,132.0,False,none,stable
2023-11-18,Atorvastatin_20mg,Cardiovascular,540,0.2,108.0,False,none,stable
2023-11-19,Atorvastatin_20mg,Cardiovascular,532,0.2,106.4,False,none,stable
2023-11-20,Atorvastatin_20mg,Cardiovascular,683,0.2,136.6,False,none,stable
2023-11-21,Atorvastatin_20mg,Cardiovascular,732,0.2,146.4,False,none,stable
2023-11-22,Atorvastatin_20mg,Cardiovascular,686,0.2,137.2,False,none,stable
2023-11-23,Atorvastatin_20mg,Cardiovascular,601,0.2,120.2,False,none,stable
2023-11-24,Atorvastatin_20mg,Cardiovascular,728,0.2,145.6,False,none,stable
2023-11-25,Atorvastatin_20mg,Cardiovascular,594,0.2,118.8,False,none,stable
2023-11-26,Atorvastatin_20mg,Cardiovascular,657,0.2,131.4,False,none,stable
2023-11-27,Atorvastatin_20mg,Cardiovascular,598,0.2,119.6,False,none,stable
2023-11-28,Atorvastatin_20mg,Cardiovascular,669,0.2,133.8,False,none,stable
2023-11-29,Atorvastatin_20mg,Cardiovascular,547,0.2,109.4,False,none,stable
2023-11-30,Atorvastatin_20mg,Cardiovascular,686,0.2,137.2,False,none,stable
2023-12-01,Atorvastatin_20mg,Cardiovascular,628,0.2,125.6,False,none,stable
2023-12-02,Atorvastatin_20mg,Cardiovascular,606,0.2,121.2,False,none,stable
2023-12-03,Atorvastatin_20mg,Cardiovascular,492,0.2,98.4,False,none,stable
2023-12-04,Atorvastatin_20mg,Cardiovascular,568,0.2,113.6,False,none,stable
2023-12-05,Atorvastatin_20mg,Cardiovascular,632,0.2,126.4,False,none,stable
2023-12-06,Atorvastatin_20mg,Cardiovascular,553,0.2,110.6,False,none,stable
2023-12-07,Atorvastatin_20mg,Cardiovascular,697,0.2,139.4,False,none,stable
2023-12-08,Atorvastatin_20mg,Cardiovascular,549,0.2,109.8,False,none,stable
2023-12-09,Atorvastatin_20mg,Cardiovascular,527,0.2,105.4,False,none,stable
2023-12-10,Atorvastatin_20mg,Cardiovascular,438,0.2,87.6,False,none,stable
2023-12-11,Atorvastatin_20mg,Cardiovascular,641,0.2,128.2,False,none,stable
2023-12-12,Atorvastatin_20mg,Cardiovascular,744,0.2,148.8,False,none,stable
2023-12-13,Atorvastatin_20mg,Cardiovascular,677,0.2,135.4,False,none,stable
2023-12-14,Atorvastatin_20mg,Cardiovascular,613,0.2,122.6,False,none,stable
2023-12-15,Atorvastatin_20mg,Cardiovascular,656,0.2,131.2,False,none,stable
2023-12-16,Atorvastatin_20mg,Cardiovascular,527,0.2,105.4,False,none,stable
2023-12-17,Atorvastatin_20mg,Cardiovascular,546,0.2,109.2,False,none,stable
2023-12-18,Atorvastatin_20mg,Cardiovascular,586,0.2,117.2,False,none,stable
2023-12-19,Atorvastatin_20mg,Cardiovascular,690,0.2,138.0,False,none,stable
2023-12-20,Atorvastatin_20mg,Cardiovascular,516,0.2,103.2,False,none,stable
2023-12-21,Atorvastatin_20mg,Cardiovascular,625,0.2,125.0,False,none,stable
2023-12-22,Atorvastatin_20mg,Cardiovascular,633,0.2,126.6,False,none,stable
2023-12-23,Atorvastatin_20mg,Cardiovascular,553,0.2,110.6,False,none,stable
2023-12-24,Atorvastatin_20mg,Cardiovascular,528,0.2,105.6,False,none,stable
2023-12-25,Atorvastatin_20mg,Cardiovascular,585,0.2,117.0,False,none,stable
2023-12-26,Atorvastatin_20mg,Cardiovascular,607,0.2,121.4,False,none,stable
2023-12-27,Atorvastatin_20mg,Cardiovascular,670,0.2,134.0,False,none,stable
2023-12-28,Atorvastatin_20mg,Cardiovascular,655,0.2,131.0,False,none,stable
2023-12-29,Atorvastatin_20mg,Cardiovascular,629,0.2,125.8,False,none,stable
2023-12-30,Atorvastatin_20mg,Cardiovascular,507,0.2,101.4,False,none,stable
2023-12-31,Atorvastatin_20mg,Cardiovascular,556,0.2,111.2,False,none,stable
2024-01-01,Atorvastatin_20mg,Cardiovascular,632,0.2,126.4,False,none,stable
2024-01-02,Atorvastatin_20mg,Cardiovascular,655,0.2,131.0,False,none,stable
2024-01-03,Atorvastatin_20mg,Cardiovascular,774,0.2,154.8,False,none,stable
2024-01-04,Atorvastatin_20mg,Cardiovascular,585,0.2,117.0,False,none,stable
2024-01-05,Atorvastatin_20mg,Cardiovascular,562,0.2,112.4,False,none,stable
2024-01-06,Atorvastatin_20mg,Cardiovascular,560,0.2,112.0,False,none,stable
2024-01-07,Atorvastatin_20mg,Cardiovascular,499,0.2,99.8,False,none,stable
2024-01-08,Atorvastatin_20mg,Cardiovascular,643,0.2,128.6,False,none,stable
2024-01-09,Atorvastatin_20mg,Cardiovascular,619,0.2,123.8,False,none,stable
2024-01-10,Atorvastatin_20mg,Cardiovascular,647,0.2,129.4,False,none,stable
2024-01-11,Atorvastatin_20mg,Cardiovascular,745,0.2,149.0,False,none,stable
2024-01-12,Atorvastatin_20mg,Cardiovascular,703,0.2,140.6,False,none,stable
2024-01-13,Atorvastatin_20mg,Cardiovascular,564,0.2,112.8,False,none,stable
2024-01-14,Atorvastatin_20mg,Cardiovascular,468,0.2,93.6,False,none,stable
2024-01-15,Atorvastatin_20mg,Cardiovascular,600,0.2,120.0,False,none,stable
2024-01-16,Atorvastatin_20mg,Cardiovascular,511,0.2,102.2,False,none,stable
2024-01-17,Atorvastatin_20mg,Cardiovascular,618,0.2,123.6,False,none,stable
2024-01-18,Atorvastatin_20mg,Cardiovascular,712,0.2,142.4,False,none,stable
2024-01-19,Atorvastatin_20mg,Cardiovascular,688,0.2,137.6,False,none,stable
2024-01-20,Atorvastatin_20mg,Cardiovascular,519,0.2,103.8,False,none,stable
2024-01-21,Atorvastatin_20mg,Cardiovascular,528,0.2,105.6,False,none,stable
2024-01-22,Atorvastatin_20mg,Cardiovascular,625,0.2,125.0,False,none,stable
2024-01-23,Atorvastatin_20mg,Cardiovascular,672,0.2,134.4,False,none,stable
2024-01-24,Atorvastatin_20mg,Cardiovascular,702,0.2,140.4,False,none,stable
2024-01-25,Atorvastatin_20mg,Cardiovascular,576,0.2,115.2,False,none,stable
2024-01-26,Atorvastatin_20mg,Cardiovascular,677,0.2,135.4,False,none,stable
2024-01-27,Atorvastatin_20mg,Cardiovascular,568,0.2,113.6,False,none,stable
2024-01-28,Atorvastatin_20mg,Cardiovascular,512,0.2,102.4,False,none,stable
2024-01-29,Atorvastatin_20mg,Cardiovascular,699,0.2,139.8,False,none,stable
2024-01-30,Atorvastatin_20mg,Cardiovascular,811,0.2,162.2,False,none,stable
2024-01-31,Atorvastatin_20mg,Cardiovascular,656,0.2,131.2,False,none,stable
2024-02-01,Atorvastatin_20mg,Cardiovascular,683,0.2,136.6,False,none,stable
2024-02-02,Atorvastatin_20mg,Cardiovascular,623,0.2,124.6,False,none,stable
2024-02-03,Atorvastatin_20mg,Cardiovascular,537,0.2,107.4,False,none,stable
2024-02-04,Atorvastatin_20mg,Cardiovascular,549,0.2,109.8,False,none,stable
2024-02-05,Atorvastatin_20mg,Cardiovascular,673,0.2,134.6,False,none,stable
2024-02-06,Atorvastatin_20mg,Cardiovascular,608,0.2,121.6,False,none,stable
2024-02-07,Atorvastatin_20mg,Cardiovascular,673,0.2,134.6,False,none,stable
2024-02-08,Atorvastatin_20mg,Cardiovascular,740,0.2,148.0,False,none,stable
2024-02-09,Atorvastatin_20mg,Cardiovascular,687,0.2,137.4,False,none,stable
2024-02-10,Atorvastatin_20mg,Cardiovascular,571,0.2,114.2,False,none,stable
2024-02-11,Atorvastatin_20mg,Cardiovascular,520,0.2,104.0,False,none,stable
2024-02-12,Atorvastatin_20mg,Cardiovascular,703,0.2,140.6,False,none,stable
2024-02-13,Atorvastatin_20mg,Cardiovascular,678,0.2,135.6,False,none,stable
2024-02-14,Atorvastatin_20mg,Cardiovascular,613,0.2,122.6,False,none,stable
2024-02-15,Atorvastatin_20mg,Cardiovascular,680,0.2,136.0,False,none,stable
2024-02-16,Atorvastatin_20mg,Cardiovascular,611,0.2,122.2,False,none,stable
2024-02-17,Atorvastatin_20mg,Cardiovascular,504,0.2,100.8,False,none,stable
2024-02-18,Atorvastatin_20mg,Cardiovascular,539,0.2,107.8,False,none,stable
2024-02-19,Atorvastatin_20mg,Cardiovascular,679,0.2,135.8,False,none,stable
2024-02-20,Atorvastatin_20mg,Cardiovascular,600,0.2,120.0,False,none,stable
2024-02-21,Atorvastatin_20mg,Cardiovascular,720,0.2,144.0,False,none,stable
2024-02-22,Atorvastatin_20mg,Cardiovascular,694,0.2,138.8,False,none,stable
2024-02-23,Atorvastatin_20mg,Cardiovascular,626,0.2,125.2,False,none,stable
2024-02-24,Atorvastatin_20mg,Cardiovascular,465,0.2,93.0,False,none,stable
2024-02-25,Atorvastatin_20mg,Cardiovascular,524,0.2,104.8,False,none,stable
2024-02-26,Atorvastatin_20mg,Cardiovascular,640,0.2,128.0,False,none,stable
2024-02-27,Atorvastatin_20mg,Cardiovascular,670,0.2,134.0,False,none,stable
2024-02-28,Atorvastatin_20mg,Cardiovascular,645,0.2,129.0,False,none,stable
2024-02-29,Atorvastatin_20mg,Cardiovascular,558,0.2,111.6,False,none,stable
2024-03-01,Atorvastatin_20mg,Cardiovascular,644,0.2,128.8,False,none,stable
2024-03-02,Atorvastatin_20mg,Cardiovascular,518,0.2,103.6,False,none,stable
2024-03-03,Atorvastatin_20mg,Cardiovascular,558,0.2,111.6,False,none,stable
2024-03-04,Atorvastatin_20mg,Cardiovascular,628,0.2,125.6,False,none,stable
2024-03-05,Atorvastatin_20mg,Cardiovascular,754,0.2,150.8,False,none,stable
2024-03-06,Atorvastatin_20mg,Cardiovascular,563,0.2,112.6,False,none,stable
2024-03-07,Atorvastatin_20mg,Cardiovascular,735,0.2,147.0,False,none,stable
2024-03-08,Atorvastatin_20mg,Cardiovascular,653,0.2,130.6,False,none,stable
2024-03-09,Atorvastatin_20mg,Cardiovascular,568,0.2,113.6,False,none,stable
2024-03-10,Atorvastatin_20mg,Cardiovascular,535,0.2,107.0,False,none,stable
2024-03-11,Atorvastatin_20mg,Cardiovascular,726,0.2,145.2,False,none,stable
2024-03-12,Atorvastatin_20mg,Cardiovascular,645,0.2,129.0,False,none,stable
2024-03-13,Atorvastatin_20mg,Cardiovascular,607,0.2,121.4,False,none,stable
2024-03-14,Atorvastatin_20mg,Cardiovascular,741,0.2,148.2,False,none,stable
2024-03-15,Atorvastatin_20mg,Cardiovascular,660,0.2,132.0,False,none,stable
2024-03-16,Atorvastatin_20mg,Cardiovascular,541,0.2,108.2,False,none,stable
2024-03-17,Atorvastatin_20mg,Cardiovascular,585,0.2,117.0,False,none,stable
2024-03-18,Atorvastatin_20mg,Cardiovascular,611,0.2,122.2,False,none,stable
2024-03-19,Atorvastatin_20mg,Cardiovascular,698,0.2,139.6,False,none,stable
2024-03-20,Atorvastatin_20mg,Cardiovascular,635,0.2,127.0,False,none,stable
2024-03-21,Atorvastatin_20mg,Cardiovascular,659,0.2,131.8,False,none,stable
2024-03-22,Atorvastatin_20mg,Cardiovascular,670,0.2,134.0,False,none,stable
2024-03-23,Atorvastatin_20mg,Cardiovascular,468,0.2,93.6,False,none,stable
2024-03-24,Atorvastatin_20mg,Cardiovascular,500,0.2,100.0,False,none,stable
2024-03-25,Atorvastatin_20mg,Cardiovascular,738,0.2,147.6,False,none,stable
2024-03-26,Atorvastatin_20mg,Cardiovascular,714,0.2,142.8,False,none,stable
2024-03-27,Atorvastatin_20mg,Cardiovascular,663,0.2,132.6,False,none,stable
2024-03-28,Atorvastatin_20mg,Cardiovascular,680,0.2,136.0,False,none,stable
2024-03-29,Atorvastatin_20mg,Cardiovascular,651,0.2,130.2,False,none,stable
2024-03-30,Atorvastatin_20mg,Cardiovascular,591,0.2,118.2,False,none,stable
2024-03-31,Atorvastatin_20mg,Cardiovascular,524,0.2,104.8,False,none,stable
2024-04-01,Atorvastatin_20mg,Cardiovascular,679,0.2,135.8,False,none,stable
2024-04-02,Atorvastatin_20mg,Cardiovascular,728,0.2,145.6,False,none,stable
2024-04-03,Atorvastatin_20mg,Cardiovascular,626,0.2,125.2,False,none,stable
2024-04-04,Atorvastatin_20mg,Cardiovascular,750,0.2,150.0,False,none,stable
2024-04-05,Atorvastatin_20mg,Cardiovascular,586,0.2,117.2,False,none,stable
2024-04-06,Atorvastatin_20mg,Cardiovascular,603,0.2,120.6,False,none,stable
2024-04-07,Atorvastatin_20mg,Cardiovascular,518,0.2,103.6,False,none,stable
2024-04-08,Atorvastatin_20mg,Cardiovascular,655,0.2,131.0,False,none,stable
2024-04-09,Atorvastatin_20mg,Cardiovascular,567,0.2,113.4,False,none,stable
2024-04-10,Atorvastatin_20mg,Cardiovascular,643,0.2,128.6,False,none,stable
2024-04-11,Atorvastatin_20mg,Cardiovascular,612,0.2,122.4,False,none,stable
2024-04-12,Atorvastatin_20mg,Cardiovascular,635,0.2,127.0,False,none,stable
2024-04-13,Atorvastatin_20mg,Cardiovascular,528,0.2,105.6,False,none,stable
2024-04-14,Atorvastatin_20mg,Cardiovascular,575,0.2,115.0,False,none,stable
2024-04-15,Atorvastatin_20mg,Cardiovascular,679,0.2,135.8,False,none,stable
2024-04-16,Atorvastatin_20mg,Cardiovascular,685,0.2,137.0,False,none,stable
2024-04-17,Atorvastatin_20mg,Cardiovascular,610,0.2,122.0,False,none,stable
2024-04-18,Atorvastatin_20mg,Cardiovascular,621,0.2,124.2,False,none,stable
2024-04-19,Atorvastatin_20mg,Cardiovascular,765,0.2,153.0,False,none,stable
2024-04-20,Atorvastatin_20mg,Cardiovascular,503,0.2,100.6,False,none,stable
2024-04-21,Atorvastatin_20mg,Cardiovascular,605,0.2,121.0,False,none,stable
2024-04-22,Atorvastatin_20mg,Cardiovascular,656,0.2,131.2,False,none,stable
2024-04-23,Atorvastatin_20mg,Cardiovascular,669,0.2,133.8,False,none,stable
2024-04-24,Atorvastatin_20mg,Cardiovascular,726,0.2,145.2,False,none,stable
2024-04-25,Atorvastatin_20mg,Cardiovascular,737,0.2,147.4,False,none,stable
2024-04-26,Atorvastatin_20mg,Cardiovascular,663,0.2,132.6,False,none,stable
2024-04-27,Atorvastatin_20mg,Cardiovascular,518,0.2,103.6,False,none,stable
2024-04-28,Atorvastatin_20mg,Cardiovascular,532,0.2,106.4,False,none,stable
2024-04-29,Atorvastatin_20mg,Cardiovascular,687,0.2,137.4,False,none,stable
2024-04-30,Atorvastatin_20mg,Cardiovascular,717,0.2,143.4,False,none,stable
2024-05-01,Atorvastatin_20mg,Cardiovascular,670,0.2,134.0,False,none,stable
2024-05-02,Atorvastatin_20mg,Cardiovascular,703,0.2,140.6,False,none,stable
2024-05-03,Atorvastatin_20mg,Cardiovascular,757,0.2,151.4,False,none,stable
2024-05-04,Atorvastatin_20mg,Cardiovascular,552,0.2,110.4,False,none,stable
2024-05-05,Atorvastatin_20mg,Cardiovascular,548,0.2,109.6,False,none,stable
2024-05-06,Atorvastatin_20mg,Cardiovascular,588,0.2,117.6,False,none,stable
2024-05-07,Atorvastatin_20mg,Cardiovascular,529,0.2,105.8,False,none,stable
2024-05-08,Atorvastatin_20mg,Cardiovascular,691,0.2,138.2,False,none,stable
2024-05-09,Atorvastatin_20mg,Cardiovascular,665,0.2,133.0,False,none,stable
2024-05-10,Atorvastatin_20mg,Cardiovascular,643,0.2,128.6,False,none,stable
2024-05-11,Atorvastatin_20mg,Cardiovascular,546,0.2,109.2,False,none,stable
2024-05-12,Atorvastatin_20mg,Cardiovascular,533,0.2,106.6,False,none,stable
2024-05-13,Atorvastatin_20mg,Cardiovascular,731,0.2,146.2,False,none,stable
2024-05-14,Atorvastatin_20mg,Cardiovascular,675,0.2,135.0,False,none,stable
2024-05-15,Atorvastatin_20mg,Cardiovascular,630,0.2,126.0,False,none,stable
2024-05-16,Atorvastatin_20mg,Cardiovascular,724,0.2,144.8,False,none,stable
2024-05-17,Atorvastatin_20mg,Cardiovascular,659,0.2,131.8,False,none,stable
2024-05-18,Atorvastatin_20mg,Cardiovascular,559,0.2,111.8,False,none,stable
2024-05-19,Atorvastatin_20mg,Cardiovascular,516,0.2,103.2,False,none,stable
2024-05-20,Atorvastatin_20mg,Cardiovascular,636,0.2,127.2,False,none,stable
2024-05-21,Atorvastatin_20mg,Cardiovascular,676,0.2,135.2,False,none,stable
2024-05-22,Atorvastatin_20mg,Cardiovascular,672,0.2,134.4,False,none,stable
2024-05-23,Atorvastatin_20mg,Cardiovascular,697,0.2,139.4,False,none,stable
2024-05-24,Atorvastatin_20mg,Cardiovascular,657,0.2,131.4,False,none,stable
2024-05-25,Atorvastatin_20mg,Cardiovascular,458,0.2,91.6,False,none,stable
2024-05-26,Atorvastatin_20mg,Cardiovascular,518,0.2,103.6,False,none,stable
2024-05-27,Atorvastatin_20mg,Cardiovascular,714,0.2,142.8,False,none,stable
2024-05-28,Atorvastatin_20mg,Cardiovascular,656,0.2,131.2,False,none,stable
2024-05-29,Atorvastatin_20mg,Cardiovascular,658,0.2,131.6,False,none,stable
2024-05-30,Atorvastatin_20mg,Cardiovascular,725,0.2,145.0,False,none,stable
2024-05-31,Atorvastatin_20mg,Cardiovascular,634,0.2,126.8,False,none,stable
2024-06-01,Atorvastatin_20mg,Cardiovascular,471,0.2,94.2,False,none,stable
2024-06-02,Atorvastatin_20mg,Cardiovascular,530,0.2,106.0,False,none,stable
2024-06-03,Atorvastatin_20mg,Cardiovascular,646,0.2,129.2,False,none,stable
2024-06-04,Atorvastatin_20mg,Cardiovascular,620,0.2,124.0,False,none,stable
2024-06-05,Atorvastatin_20mg,Cardiovascular,663,0.2,132.6,False,none,stable
2024-06-06,Atorvastatin_20mg,Cardiovascular,699,0.2,139.8,False,none,stable
2024-06-07,Atorvastatin_20mg,Cardiovascular,672,0.2,134.4,False,none,stable
2024-06-08,Atorvastatin_20mg,Cardiovascular,551,0.2,110.2,False,none,stable
2024-06-09,Atorvastatin_20mg,Cardiovascular,616,0.2,123.2,False,none,stable
2024-06-10,Atorvastatin_20mg,Cardiovascular,654,0.2,130.8,False,none,stable
2024-06-11,Atorvastatin_20mg,Cardiovascular,688,0.2,137.6,False,none,stable
2024-06-12,Atorvastatin_20mg,Cardiovascular,645,0.2,129.0,False,none,stable
2024-06-13,Atorvastatin_20mg,Cardiovascular,627,0.2,125.4,False,none,stable
2024-06-14,Atorvastatin_20mg,Cardiovascular,642,0.2,128.4,False,none,stable
2024-06-15,Atorvastatin_20mg,Cardiovascular,517,0.2,103.4,False,none,stable
2024-06-16,Atorvastatin_20mg,Cardiovascular,554,0.2,110.8,False,none,stable
2024-06-17,Atorvastatin_20mg,Cardiovascular,800,0.2,160.0,False,none,stable
2024-06-18,Atorvastatin_20mg,Cardiovascular,635,0.2,127.0,False,none,stable
2024-06-19,Atorvastatin_20mg,Cardiovascular,651,0.2,130.2,False,none,stable
2024-06-20,Atorvastatin_20mg,Cardiovascular,670,0.2,134.0,False,none,stable
2024-06-21,Atorvastatin_20mg,Cardiovascular,695,0.2,139.0,False,none,stable
2024-06-22,Atorvastatin_20mg,Cardiovascular,550,0.2,110.0,False,none,stable
2024-06-23,Atorvastatin_20mg,Cardiovascular,594,0.2,118.8,False,none,stable
2024-06-24,Atorvastatin_20mg,Cardiovascular,543,0.2,108.6,False,none,stable
2024-06-25,Atorvastatin_20mg,Cardiovascular,545,0.2,109.0,False,none,stable
2024-06-26,Atorvastatin_20mg,Cardiovascular,647,0.2,129.4,False,none,stable
2024-06-27,Atorvastatin_20mg,Cardiovascular,733,0.2,146.6,False,none,stable
2024-06-28,Atorvastatin_20mg,Cardiovascular,590,0.2,118.0,False,none,stable
2024-06-29,Atorvastatin_20mg,Cardiovascular,409,0.2,81.8,False,none,stable
2024-06-30,Atorvastatin_20mg,Cardiovascular,564,0.2,112.8,False,none,stable
2024-07-01,Atorvastatin_20mg,Cardiovascular,688,0.2,137.6,False,none,stable
2024-07-02,Atorvastatin_20mg,Cardiovascular,616,0.2,123.2,False,none,stable
2024-07-03,Atorvastatin_20mg,Cardiovascular,621,0.2,124.2,False,none,stable
2024-07-04,Atorvastatin_20mg,Cardiovascular,622,0.2,124.4,False,none,stable
2024-07-05,Atorvastatin_20mg,Cardiovascular,681,0.2,136.2,False,none,stable
2024-07-06,Atorvastatin_20mg,Cardiovascular,512,0.2,102.4,False,none,stable
2024-07-07,Atorvastatin_20mg,Cardiovascular,561,0.2,112.2,False,none,stable
2024-07-08,Atorvastatin_20mg,Cardiovascular,521,0.2,104.2,False,none,stable
2024-07-09,Atorvastatin_20mg,Cardiovascular,629,0.2,125.8,False,none,stable
2024-07-10,Atorvastatin_20mg,Cardiovascular,614,0.2,122.8,False,none,stable
2024-07-11,Atorvastatin_20mg,Cardiovascular,661,0.2,132.2,False,none,stable
2024-07-12,Atorvastatin_20mg,Cardiovascular,646,0.2,129.2,False,none,stable
2024-07-13,Atorvastatin_20mg,Cardiovascular,575,0.2,115.0,False,none,stable
2024-07-14,Atorvastatin_20mg,Cardiovascular,460,0.2,92.0,False,none,stable
2024-07-15,Atorvastatin_20mg,Cardiovascular,678,0.2,135.6,False,none,stable
2024-07-16,Atorvastatin_20mg,Cardiovascular,706,0.2,141.2,False,none,stable
2024-07-17,Atorvastatin_20mg,Cardiovascular,776,0.2,155.2,False,none,stable
2024-07-18,Atorvastatin_20mg,Cardiovascular,650,0.2,130.0,False,none,stable
2024-07-19,Atorvastatin_20mg,Cardiovascular,693,0.2,138.6,False,none,stable
2024-07-20,Atorvastatin_20mg,Cardiovascular,462,0.2,92.4,False,none,stable
2024-07-21,Atorvastatin_20mg,Cardiovascular,437,0.2,87.4,False,none,stable
2024-07-22,Atorvastatin_20mg,Cardiovascular,722,0.2,144.4,False,none,stable
2024-07-23,Atorvastatin_20mg,Cardiovascular,676,0.2,135.2,False,none,stable
2024-07-24,Atorvastatin_20mg,Cardiovascular,740,0.2,148.0,False,none,stable
2024-07-25,Atorvastatin_20mg,Cardiovascular,602,0.2,120.4,False,none,stable
2024-07-26,Atorvastatin_20mg,Cardiovascular,705,0.2,141.0,False,none,stable
2024-07-27,Atorvastatin_20mg,Cardiovascular,622,0.2,124.4,False,none,stable
2024-07-28,Atorvastatin_20mg,Cardiovascular,559,0.2,111.8,False,none,stable
2024-07-29,Atorvastatin_20mg,Cardiovascular,692,0.2,138.4,False,none,stable
2024-07-30,Atorvastatin_20mg,Cardiovascular,677,0.2,135.4,False,none,stable
2024-07-31,Atorvastatin_20mg,Cardiovascular,592,0.2,118.4,False,none,stable
2024-08-01,Atorvastatin_20mg,Cardiovascular,750,0.2,150.0,False,none,stable
2024-08-02,Atorvastatin_20mg,Cardiovascular,644,0.2,128.8,False,none,stable
2024-08-03,Atorvastatin_20mg,Cardiovascular,564,0.2,112.8,False,none,stable
2024-08-04,Atorvastatin_20mg,Cardiovascular,474,0.2,94.8,False,none,stable
2024-08-05,Atorvastatin_20mg,Cardiovascular,613,0.2,122.6,False,none,stable
2024-08-06,Atorvastatin_20mg,Cardiovascular,755,0.2,151.0,False,none,stable
2024-08-07,Atorvastatin_20mg,Cardiovascular,659,0.2,131.8,False,none,stable
2024-08-08,Atorvastatin_20mg,Cardiovascular,756,0.2,151.2,False,none,stable
2024-08-09,Atorvastatin_20mg,Cardiovascular,673,0.2,134.6,False,none,stable
2024-08-10,Atorvastatin_20mg,Cardiovascular,462,0.2,92.4,False,none,stable
2024-08-11,Atorvastatin_20mg,Cardiovascular,580,0.2,116.0,False,none,stable
2024-08-12,Atorvastatin_20mg,Cardiovascular,646,0.2,129.2,False,none,stable
2024-08-13,Atorvastatin_20mg,Cardiovascular,716,0.2,143.2,False,none,stable
2024-08-14,Atorvastatin_20mg,Cardiovascular,679,0.2,135.8,False,none,stable
2024-08-15,Atorvastatin_20mg,Cardiovascular,594,0.2,118.8,False,none,stable
2024-08-16,Atorvastatin_20mg,Cardiovascular,687,0.2,137.4,False,none,stable
2024-08-17,Atorvastatin_20mg,Cardiovascular,638,0.2,127.6,False,none,stable
2024-08-18,Atorvastatin_20mg,Cardiovascular,564,0.2,112.8,False,none,stable
2024-08-19,Atorvastatin_20mg,Cardiovascular,675,0.2,135.0,False,none,stable
2024-08-20,Atorvastatin_20mg,Cardiovascular,737,0.2,147.4,False,none,stable
2024-08-21,Atorvastatin_20mg,Cardiovascular,690,0.2,138.0,False,none,stable
2024-08-22,Atorvastatin_20mg,Cardiovascular,690,0.2,138.0,False,none,stable
2024-08-23,Atorvastatin_20mg,Cardiovascular,619,0.2,123.8,False,none,stable
2024-08-24,Atorvastatin_20mg,Cardiovascular,553,0.2,110.6,False,none,stable
2024-08-25,Atorvastatin_20mg,Cardiovascular,588,0.2,117.6,False,none,stable
2024-08-26,Atorvastatin_20mg,Cardiovascular,634,0.2,126.8,False,none,stable
2024-08-27,Atorvastatin_20mg,Cardiovascular,757,0.2,151.4,False,none,stable
2024-08-28,Atorvastatin_20mg,Cardiovascular,674,0.2,134.8,False,none,stable
2024-08-29,Atorvastatin_20mg,Cardiovascular,631,0.2,126.2,False,none,stable
2024-08-30,Atorvastatin_20mg,Cardiovascular,734,0.2,146.8,False,none,stable
2024-08-31,Atorvastatin_20mg,Cardiovascular,531,0.2,106.2,False,none,stable
2024-09-01,Atorvastatin_20mg,Cardiovascular,576,0.2,115.2,False,none,stable
2024-09-02,Atorvastatin_20mg,Cardiovascular,664,0.2,132.8,False,none,stable
2024-09-03,Atorvastatin_20mg,Cardiovascular,676,0.2,135.2,False,none,stable
2024-09-04,Atorvastatin_20mg,Cardiovascular,707,0.2,141.4,False,none,stable
2024-09-05,Atorvastatin_20mg,Cardiovascular,696,0.2,139.2,False,none,stable
2024-09-06,Atorvastatin_20mg,Cardiovascular,571,0.2,114.2,False,none,stable
2024-09-07,Atorvastatin_20mg,Cardiovascular,495,0.2,99.0,False,none,stable
2024-09-08,Atorvastatin_20mg,Cardiovascular,584,0.2,116.8,False,none,stable
2024-09-09,Atorvastatin_20mg,Cardiovascular,673,0.2,134.6,False,none,stable
2024-09-10,Atorvastatin_20mg,Cardiovascular,652,0.2,130.4,False,none,stable
2024-09-11,Atorvastatin_20mg,Cardiovascular,606,0.2,121.2,False,none,stable
2024-09-12,Atorvastatin_20mg,Cardiovascular,622,0.2,124.4,False,none,stable
2024-09-13,Atorvastatin_20mg,Cardiovascular,570,0.2,114.0,False,none,stable
2024-09-14,Atorvastatin_20mg,Cardiovascular,540,0.2,108.0,False,none,stable
2024-09-15,Atorvastatin_20mg,Cardiovascular,518,0.2,103.6,False,none,stable
2024-09-16,Atorvastatin_20mg,Cardiovascular,628,0.2,125.6,False,none,stable
2024-09-17,Atorvastatin_20mg,Cardiovascular,677,0.2,135.4,False,none,stable
2024-09-18,Atorvastatin_20mg,Cardiovascular,701,0.2,140.2,False,none,stable
2024-09-19,Atorvastatin_20mg,Cardiovascular,795,0.2,159.0,False,none,stable
2024-09-20,Atorvastatin_20mg,Cardiovascular,599,0.2,119.8,False,none,stable
2024-09-21,Atorvastatin_20mg,Cardiovascular,595,0.2,119.0,False,none,stable
2024-09-22,Atorvastatin_20mg,Cardiovascular,587,0.2,117.4,False,none,stable
2024-09-23,Atorvastatin_20mg,Cardiovascular,639,0.2,127.8,False,none,stable
2024-09-24,Atorvastatin_20mg,Cardiovascular,693,0.2,138.6,False,none,stable
2024-09-25,Atorvastatin_20mg,Cardiovascular,657,0.2,131.4,False,none,stable
2024-09-26,Atorvastatin_20mg,Cardiovascular,692,0.2,138.4,False,none,stable
2024-09-27,Atorvastatin_20mg,Cardiovascular,764,0.2,152.8,False,none,stable
2024-09-28,Atorvastatin_20mg,Cardiovascular,572,0.2,114.4,False,none,stable
2024-09-29,Atorvastatin_20mg,Cardiovascular,568,0.2,113.6,False,none,stable
2024-09-30,Atorvastatin_20mg,Cardiovascular,658,0.2,131.6,False,none,stable
2024-10-01,Atorvastatin_20mg,Cardiovascular,601,0.2,120.2,False,none,stable
2024-10-02,Atorvastatin_20mg,Cardiovascular,671,0.2,134.2,False,none,stable
2024-10-03,Atorvastatin_20mg,Cardiovascular,748,0.2,149.6,False,none,stable
2024-10-04,Atorvastatin_20mg,Cardiovascular,599,0.2,119.8,False,none,stable
2024-10-05,Atorvastatin_20mg,Cardiovascular,500,0.2,100.0,False,none,stable
2024-10-06,Atorvastatin_20mg,Cardiovascular,551,0.2,110.2,False,none,stable
2024-10-07,Atorvastatin_20mg,Cardiovascular,629,0.2,125.8,False,none,stable
2024-10-08,Atorvastatin_20mg,Cardiovascular,639,0.2,127.8,False,none,stable
2024-10-09,Atorvastatin_20mg,Cardiovascular,660,0.2,132.0,False,none,stable
2024-10-10,Atorvastatin_20mg,Cardiovascular,608,0.2,121.6,False,none,stable
2024-10-11,Atorvastatin_20mg,Cardiovascular,630,0.2,126.0,False,none,stable
2024-10-12,Atorvastatin_20mg,Cardiovascular,576,0.2,115.2,False,none,stable
2024-10-13,Atorvastatin_20mg,Cardiovascular,489,0.2,97.8,False,none,stable
2024-10-14,Atorvastatin_20mg,Cardiovascular,596,0.2,119.2,False,none,stable
2024-10-15,Atorvastatin_20mg,Cardiovascular,649,0.2,129.8,False,none,stable
2024-10-16,Atorvastatin_20mg,Cardiovascular,723,0.2,144.6,False,none,stable
2024-10-17,Atorvastatin_20mg,Cardiovascular,673,0.2,134.6,False,none,stable
2024-10-18,Atorvastatin_20mg,Cardiovascular,658,0.2,131.6,False,none,stable
2024-10-19,Atorvastatin_20mg,Cardiovascular,548,0.2,109.6,False,none,stable
2024-10-20,Atorvastatin_20mg,Cardiovascular,470,0.2,94.0,False,none,stable
2024-10-21,Atorvastatin_20mg,Cardiovascular,711,0.2,142.2,False,none,stable
2024-10-22,Atorvastatin_20mg,Cardiovascular,705,0.2,141.0,False,none,stable
2024-10-23,Atorvastatin_20mg,Cardiovascular,661,0.2,132.2,False,none,stable
2024-10-24,Atorvastatin_20mg,Cardiovascular,739,0.2,147.8,False,none,stable
2024-10-25,Atorvastatin_20mg,Cardiovascular,622,0.2,124.4,False,none,stable
2024-10-26,Atorvastatin_20mg,Cardiovascular,596,0.2,119.2,False,none,stable
2024-10-27,Atorvastatin_20mg,Cardiovascular,554,0.2,110.8,False,none,stable
2024-10-28,Atorvastatin_20mg,Cardiovascular,666,0.2,133.2,False,none,stable
2024-10-29,Atorvastatin_20mg,Cardiovascular,683,0.2,136.6,False,none,stable
2024-10-30,Atorvastatin_20mg,Cardiovascular,679,0.2,135.8,False,none,stable
2024-10-31,Atorvastatin_20mg,Cardiovascular,751,0.2,150.2,False,none,stable
2024-11-01,Atorvastatin_20mg,Cardiovascular,776,0.2,155.2,False,flu_outbreak,stable
2024-11-02,Atorvastatin_20mg,Cardiovascular,637,0.2,127.4,False,flu_outbreak,stable
2024-11-03,Atorvastatin_20mg,Cardiovascular,736,0.2,147.2,False,flu_outbreak,stable
2024-11-04,Atorvastatin_20mg,Cardiovascular,809,0.2,161.8,False,flu_outbreak,stable
2024-11-05,Atorvastatin_20mg,Cardiovascular,911,0.2,182.2,False,flu_outbreak,stable
2024-11-06,Atorvastatin_20mg,Cardiovascular,965,0.2,193.0,False,flu_outbreak,stable
2024-11-07,Atorvastatin_20mg,Cardiovascular,822,0.2,164.4,False,flu_outbreak,stable
2024-11-08,Atorvastatin_20mg,Cardiovascular,896,0.2,179.2,False,flu_outbreak,stable
2024-11-09,Atorvastatin_20mg,Cardiovascular,616,0.2,123.2,False,flu_outbreak,stable
2024-11-10,Atorvastatin_20mg,Cardiovascular,720,0.2,144.0,False,flu_outbreak,stable
2024-11-11,Atorvastatin_20mg,Cardiovascular,864,0.2,172.8,False,flu_outbreak,stable
2024-11-12,Atorvastatin_20mg,Cardiovascular,882,0.2,176.4,False,flu_outbreak,stable
2024-11-13,Atorvastatin_20mg,Cardiovascular,806,0.2,161.2,False,flu_outbreak,stable
2024-11-14,Atorvastatin_20mg,Cardiovascular,737,0.2,147.4,False,flu_outbreak,stable
2024-11-15,Atorvastatin_20mg,Cardiovascular,885,0.2,177.0,False,flu_outbreak,stable
2024-11-16,Atorvastatin_20mg,Cardiovascular,568,0.2,113.6,False,flu_outbreak,stable
2024-11-17,Atorvastatin_20mg,Cardiovascular,663,0.2,132.6,False,flu_outbreak,stable
2024-11-18,Atorvastatin_20mg,Cardiovascular,915,0.2,183.0,False,flu_outbreak,stable
2024-11-19,Atorvastatin_20mg,Cardiovascular,864,0.2,172.8,False,flu_outbreak,stable
2024-11-20,Atorvastatin_20mg,Cardiovascular,984,0.2,196.8,False,flu_outbreak,stable
2024-11-21,Atorvastatin_20mg,Cardiovascular,921,0.2,184.2,False,flu_outbreak,stable
2024-11-22,Atorvastatin_20mg,Cardiovascular,807,0.2,161.4,False,flu_outbreak,stable
2024-11-23,Atorvastatin_20mg,Cardiovascular,682,0.2,136.4,False,flu_outbreak,stable
2024-11-24,Atorvastatin_20mg,Cardiovascular,678,0.2,135.6,False,flu_outbreak,stable
2024-11-25,Atorvastatin_20mg,Cardiovascular,744,0.2,148.8,False,flu_outbreak,stable
2024-11-26,Atorvastatin_20mg,Cardiovascular,787,0.2,157.4,False,flu_outbreak,stable
2024-11-27,Atorvastatin_20mg,Cardiovascular,813,0.2,162.6,False,flu_outbreak,stable
2024-11-28,Atorvastatin_20mg,Cardiovascular,713,0.2,142.6,False,flu_outbreak,stable
2024-11-29,Atorvastatin_20mg,Cardiovascular,855,0.2,171.0,False,flu_outbreak,stable
2024-11-30,Atorvastatin_20mg,Cardiovascular,668,0.2,133.6,False,flu_outbreak,stable
2024-12-01,Atorvastatin_20mg,Cardiovascular,590,0.2,118.0,False,flu_outbreak,stable
2024-12-02,Atorvastatin_20mg,Cardiovascular,880,0.2,176.0,False,flu_outbreak,stable
2024-12-03,Atorvastatin_20mg,Cardiovascular,901,0.2,180.2,False,flu_outbreak,stable
2024-12-04,Atorvastatin_20mg,Cardiovascular,868,0.2,173.6,False,flu_outbreak,stable
2024-12-05,Atorvastatin_20mg,Cardiovascular,830,0.2,166.0,False,flu_outbreak,stable
2024-12-06,Atorvastatin_20mg,Cardiovascular,893,0.2,178.6,False,flu_outbreak,stable
2024-12-07,Atorvastatin_20mg,Cardiovascular,719,0.2,143.8,False,flu_outbreak,stable
2024-12-08,Atorvastatin_20mg,Cardiovascular,699,0.2,139.8,False,flu_outbreak,stable
2024-12-09,Atorvastatin_20mg,Cardiovascular,797,0.2,159.4,False,flu_outbreak,stable
2024-12-10,Atorvastatin_20mg,Cardiovascular,872,0.2,174.4,False,flu_outbreak,stable
2024-12-11,Atorvastatin_20mg,Cardiovascular,935,0.2,187.0,False,flu_outbreak,stable
2024-12-12,Atorvastatin_20mg,Cardiovascular,812,0.2,162.4,False,flu_outbreak,stable
2024-12-13,Atorvastatin_20mg,Cardiovascular,997,0.2,199.4,False,flu_outbreak,stable
2024-12-14,Atorvastatin_20mg,Cardiovascular,653,0.2,130.6,False,flu_outbreak,stable
2024-12-15,Atorvastatin_20mg,Cardiovascular,684,0.2,136.8,False,flu_outbreak,stable
2024-12-16,Atorvastatin_20mg,Cardiovascular,808,0.2,161.6,False,flu_outbreak,stable
2024-12-17,Atorvastatin_20mg,Cardiovascular,869,0.2,173.8,False,flu_outbreak,stable
2024-12-18,Atorvastatin_20mg,Cardiovascular,735,0.2,147.0,False,flu_outbreak,stable
2024-12-19,Atorvastatin_20mg,Cardiovascular,817,0.2,163.4,False,flu_outbreak,stable
2024-12-20,Atorvastatin_20mg,Cardiovascular,779,0.2,155.8,False,flu_outbreak,stable
2024-12-21,Atorvastatin_20mg,Cardiovascular,690,0.2,138.0,False,flu_outbreak,stable
2024-12-22,Atorvastatin_20mg,Cardiovascular,737,0.2,147.4,False,flu_outbreak,stable
2024-12-23,Atorvastatin_20mg,Cardiovascular,898,0.2,179.6,False,flu_outbreak,stable
2024-12-24,Atorvastatin_20mg,Cardiovascular,692,0.2,138.4,False,flu_outbreak,stable
2024-12-25,Atorvastatin_20mg,Cardiovascular,994,0.2,198.8,False,flu_outbreak,stable
2024-12-26,Atorvastatin_20mg,Cardiovascular,875,0.2,175.0,False,flu_outbreak,stable
2024-12-27,Atorvastatin_20mg,Cardiovascular,802,0.2,160.4,False,flu_outbreak,stable
2024-12-28,Atorvastatin_20mg,Cardiovascular,692,0.2,138.4,False,flu_outbreak,stable
2024-12-29,Atorvastatin_20mg,Cardiovascular,693,0.2,138.6,False,flu_outbreak,stable
2024-12-30,Atorvastatin_20mg,Cardiovascular,809,0.2,161.8,False,flu_outbreak,stable
2024-12-31,Atorvastatin_20mg,Cardiovascular,869,0.2,173.8,False,flu_outbreak,stable
2022-01-01,Insulin_Glargine,Diabetes,164,12.0,1968.0,True,covid_wave,stable
2022-01-02,Insulin_Glargine,Diabetes,168,12.0,2016.0,True,covid_wave,stable
2022-01-03,Insulin_Glargine,Diabetes,205,12.0,2460.0,True,covid_wave,stable
2022-01-04,Insulin_Glargine,Diabetes,192,12.0,2304.0,True,covid_wave,stable
2022-01-05,Insulin_Glargine,Diabetes,220,12.0,2640.0,True,covid_wave,stable
2022-01-06,Insulin_Glargine,Diabetes,227,12.0,2724.0,True,covid_wave,stable
2022-01-07,Insulin_Glargine,Diabetes,226,12.0,2712.0,True,covid_wave,stable
2022-01-08,Insulin_Glargine,Diabetes,184,12.0,2208.0,True,covid_wave,stable
2022-01-09,Insulin_Glargine,Diabetes,178,12.0,2136.0,True,covid_wave,stable
2022-01-10,Insulin_Glargine,Diabetes,208,12.0,2496.0,True,covid_wave,stable
2022-01-11,Insulin_Glargine,Diabetes,232,12.0,2784.0,True,covid_wave,stable
2022-01-12,Insulin_Glargine,Diabetes,194,12.0,2328.0,True,covid_wave,stable
2022-01-13,Insulin_Glargine,Diabetes,202,12.0,2424.0,True,covid_wave,stable
2022-01-14,Insulin_Glargine,Diabetes,201,12.0,2412.0,True,covid_wave,stable
2022-01-15,Insulin_Glargine,Diabetes,188,12.0,2256.0,True,covid_wave,stable
2022-01-16,Insulin_Glargine,Diabetes,187,12.0,2244.0,True,covid_wave,stable
2022-01-17,Insulin_Glargine,Diabetes,226,12.0,2712.0,True,covid_wave,stable
2022-01-18,Insulin_Glargine,Diabetes,236,12.0,2832.0,True,covid_wave,stable
2022-01-19,Insulin_Glargine,Diabetes,202,12.0,2424.0,True,covid_wave,stable
2022-01-20,Insulin_Glargine,Diabetes,224,12.0,2688.0,True,covid_wave,stable
2022-01-21,Insulin_Glargine,Diabetes,215,12.0,2580.0,True,covid_wave,stable
2022-01-22,Insulin_Glargine,Diabetes,185,12.0,2220.0,True,covid_wave,stable
2022-01-23,Insulin_Glargine,Diabetes,172,12.0,2064.0,True,covid_wave,stable
2022-01-24,Insulin_Glargine,Diabetes,211,12.0,2532.0,True,covid_wave,stable
2022-01-25,Insulin_Glargine,Diabetes,227,12.0,2724.0,True,covid_wave,stable
2022-01-26,Insulin_Glargine,Diabetes,233,12.0,2796.0,True,covid_wave,stable
2022-01-27,Insulin_Glargine,Diabetes,206,12.0,2472.0,True,covid_wave,stable
2022-01-28,Insulin_Glargine,Diabetes,217,12.0,2604.0,True,covid_wave,stable
2022-01-29,Insulin_Glargine,Diabetes,159,12.0,1908.0,True,covid_wave,stable
2022-01-30,Insulin_Glargine,Diabetes,139,12.0,1668.0,True,covid_wave,stable
2022-01-31,Insulin_Glargine,Diabetes,221,12.0,2652.0,True,covid_wave,stable
2022-02-01,Insulin_Glargine,Diabetes,229,12.0,2748.0,True,covid_wave,stable
2022-02-02,Insulin_Glargine,Diabetes,223,12.0,2676.0,True,covid_wave,stable
2022-02-03,Insulin_Glargine,Diabetes,184,12.0,2208.0,True,covid_wave,stable
2022-02-04,Insulin_Glargine,Diabetes,212,12.0,2544.0,True,covid_wave,stable
2022-02-05,Insulin_Glargine,Diabetes,143,12.0,1716.0,True,covid_wave,stable
2022-02-06,Insulin_Glargine,Diabetes,193,12.0,2316.0,True,covid_wave,stable
2022-02-07,Insulin_Glargine,Diabetes,199,12.0,2388.0,True,covid_wave,stable
2022-02-08,Insulin_Glargine,Diabetes,240,12.0,2880.0,True,covid_wave,stable
2022-02-09,Insulin_Glargine,Diabetes,235,12.0,2820.0,True,covid_wave,stable
2022-02-10,Insulin_Glargine,Diabetes,202,12.0,2424.0,True,covid_wave,stable
2022-02-11,Insulin_Glargine,Diabetes,198,12.0,2376.0,True,covid_wave,stable
2022-02-12,Insulin_Glargine,Diabetes,179,12.0,2148.0,True,covid_wave,stable
2022-02-13,Insulin_Glargine,Diabetes,163,12.0,1956.0,True,covid_wave,stable
2022-02-14,Insulin_Glargine,Diabetes,220,12.0,2640.0,True,covid_wave,stable
2022-02-15,Insulin_Glargine,Diabetes,210,12.0,2520.0,True,covid_wave,stable
2022-02-16,Insulin_Glargine,Diabetes,187,12.0,2244.0,True,covid_wave,stable
2022-02-17,Insulin_Glargine,Diabetes,179,12.0,2148.0,True,covid_wave,stable
2022-02-18,Insulin_Glargine,Diabetes,222,12.0,2664.0,True,covid_wave,stable
2022-02-19,Insulin_Glargine,Diabetes,167,12.0,2004.0,True,covid_wave,stable
2022-02-20,Insulin_Glargine,Diabetes,167,12.0,2004.0,True,covid_wave,stable
2022-02-21,Insulin_Glargine,Diabetes,231,12.0,2772.0,True,covid_wave,stable
2022-02-22,Insulin_Glargine,Diabetes,239,12.0,2868.0,True,covid_wave,stable
2022-02-23,Insulin_Glargine,Diabetes,214,12.0,2568.0,True,covid_wave,stable
2022-02-24,Insulin_Glargine,Diabetes,213,12.0,2556.0,True,covid_wave,stable
2022-02-25,Insulin_Glargine,Diabetes,227,12.0,2724.0,True,covid_wave,stable
2022-02-26,Insulin_Glargine,Diabetes,156,12.0,1872.0,True,covid_wave,stable
2022-02-27,Insulin_Glargine,Diabetes,178,12.0,2136.0,True,covid_wave,stable
2022-02-28,Insulin_Glargine,Diabetes,228,12.0,2736.0,True,covid_wave,stable
2022-03-01,Insulin_Glargine,Diabetes,231,12.0,2772.0,True,covid_wave,stable
2022-03-02,Insulin_Glargine,Diabetes,185,12.0,2220.0,True,covid_wave,stable
2022-03-03,Insulin_Glargine,Diabetes,205,12.0,2460.0,True,covid_wave,stable
2022-03-04,Insulin_Glargine,Diabetes,203,12.0,2436.0,True,covid_wave,stable
2022-03-05,Insulin_Glargine,Diabetes,176,12.0,2112.0,True,covid_wave,stable
2022-03-06,Insulin_Glargine,Diabetes,181,12.0,2172.0,True,covid_wave,stable
2022-03-07,Insulin_Glargine,Diabetes,245,12.0,2940.0,True,covid_wave,stable
2022-03-08,Insulin_Glargine,Diabetes,210,12.0,2520.0,True,covid_wave,stable
2022-03-09,Insulin_Glargine,Diabetes,210,12.0,2520.0,True,covid_wave,stable
2022-03-10,Insulin_Glargine,Diabetes,239,12.0,2868.0,True,covid_wave,stable
2022-03-11,Insulin_Glargine,Diabetes,224,12.0,2688.0,True,covid_wave,stable
2022-03-12,Insulin_Glargine,Diabetes,192,12.0,2304.0,True,covid_wave,stable
2022-03-13,Insulin_Glargine,Diabetes,179,12.0,2148.0,True,covid_wave,stable
2022-03-14,Insulin_Glargine,Diabetes,199,12.0,2388.0,True,covid_wave,stable
2022-03-15,Insulin_Glargine,Diabetes,196,12.0,2352.0,True,covid_wave,stable
2022-03-16,Insulin_Glargine,Diabetes,192,12.0,2304.0,True,covid_wave,stable
2022-03-17,Insulin_Glargine,Diabetes,231,12.0,2772.0,True,covid_wave,stable
2022-03-18,Insulin_Glargine,Diabetes,240,12.0,2880.0,True,covid_wave,stable
2022-03-19,Insulin_Glargine,Diabetes,201,12.0,2412.0,True,covid_wave,stable
2022-03-20,Insulin_Glargine,Diabetes,187,12.0,2244.0,True,covid_wave,stable
2022-03-21,Insulin_Glargine,Diabetes,240,12.0,2880.0,True,covid_wave,stable
2022-03-22,Insulin_Glargine,Diabetes,209,12.0,2508.0,True,covid_wave,stable
2022-03-23,Insulin_Glargine,Diabetes,199,12.0,2388.0,True,covid_wave,stable
2022-03-24,Insulin_Glargine,Diabetes,234,12.0,2808.0,True,covid_wave,stable
2022-03-25,Insulin_Glargine,Diabetes,227,12.0,2724.0,True,covid_wave,stable
2022-03-26,Insulin_Glargine,Diabetes,176,12.0,2112.0,True,covid_wave,stable
2022-03-27,Insulin_Glargine,Diabetes,180,12.0,2160.0,True,covid_wave,stable
2022-03-28,Insulin_Glargine,Diabetes,225,12.0,2700.0,True,covid_wave,stable
2022-03-29,Insulin_Glargine,Diabetes,242,12.0,2904.0,True,covid_wave,stable
2022-03-30,Insulin_Glargine,Diabetes,242,12.0,2904.0,True,covid_wave,stable
2022-03-31,Insulin_Glargine,Diabetes,229,12.0,2748.0,True,covid_wave,stable
2022-04-01,Insulin_Glargine,Diabetes,162,12.0,1944.0,True,none,stable
2022-04-02,Insulin_Glargine,Diabetes,126,12.0,1512.0,True,none,stable
2022-04-03,Insulin_Glargine,Diabetes,116,12.0,1392.0,True,none,stable
2022-04-04,Insulin_Glargine,Diabetes,161,12.0,1932.0,True,none,stable
2022-04-05,Insulin_Glargine,Diabetes,134,12.0,1608.0,True,none,stable
2022-04-06,Insulin_Glargine,Diabetes,164,12.0,1968.0,True,none,stable
2022-04-07,Insulin_Glargine,Diabetes,137,12.0,1644.0,True,none,stable
2022-04-08,Insulin_Glargine,Diabetes,155,12.0,1860.0,True,none,stable
2022-04-09,Insulin_Glargine,Diabetes,112,12.0,1344.0,True,none,stable
2022-04-10,Insulin_Glargine,Diabetes,126,12.0,1512.0,True,none,stable
2022-04-11,Insulin_Glargine,Diabetes,151,12.0,1812.0,True,none,stable
2022-04-12,Insulin_Glargine,Diabetes,132,12.0,1584.0,True,none,stable
2022-04-13,Insulin_Glargine,Diabetes,157,12.0,1884.0,True,none,stable
2022-04-14,Insulin_Glargine,Diabetes,145,12.0,1740.0,True,none,stable
2022-04-15,Insulin_Glargine,Diabetes,162,12.0,1944.0,True,none,stable
2022-04-16,Insulin_Glargine,Diabetes,121,12.0,1452.0,True,none,stable
2022-04-17,Insulin_Glargine,Diabetes,124,12.0,1488.0,True,none,stable
2022-04-18,Insulin_Glargine,Diabetes,140,12.0,1680.0,True,none,stable
2022-04-19,Insulin_Glargine,Diabetes,145,12.0,1740.0,True,none,stable
2022-04-20,Insulin_Glargine,Diabetes,146,12.0,1752.0,True,none,stable
2022-04-21,Insulin_Glargine,Diabetes,162,12.0,1944.0,True,none,stable
2022-04-22,Insulin_Glargine,Diabetes,172,12.0,2064.0,True,none,stable
2022-04-23,Insulin_Glargine,Diabetes,113,12.0,1356.0,True,none,stable
2022-04-24,Insulin_Glargine,Diabetes,132,12.0,1584.0,True,none,stable
2022-04-25,Insulin_Glargine,Diabetes,125,12.0,1500.0,True,none,stable
2022-04-26,Insulin_Glargine,Diabetes,137,12.0,1644.0,True,none,stable
2022-04-27,Insulin_Glargine,Diabetes,140,12.0,1680.0,True,none,stable
2022-04-28,Insulin_Glargine,Diabetes,135,12.0,1620.0,True,none,stable
2022-04-29,Insulin_Glargine,Diabetes,133,12.0,1596.0,True,none,stable
2022-04-30,Insulin_Glargine,Diabetes,125,12.0,1500.0,True,none,stable
2022-05-01,Insulin_Glargine,Diabetes,119,12.0,1428.0,True,none,stable
2022-05-02,Insulin_Glargine,Diabetes,157,12.0,1884.0,True,none,stable
2022-05-03,Insulin_Glargine,Diabetes,160,12.0,1920.0,True,none,stable
2022-05-04,Insulin_Glargine,Diabetes,155,12.0,1860.0,True,none,stable
2022-05-05,Insulin_Glargine,Diabetes,160,12.0,1920.0,True,none,stable
2022-05-06,Insulin_Glargine,Diabetes,151,12.0,1812.0,True,none,stable
2022-05-07,Insulin_Glargine,Diabetes,110,12.0,1320.0,True,none,stable
2022-05-08,Insulin_Glargine,Diabetes,132,12.0,1584.0,True,none,stable
2022-05-09,Insulin_Glargine,Diabetes,145,12.0,1740.0,True,none,stable
2022-05-10,Insulin_Glargine,Diabetes,141,12.0,1692.0,True,none,stable
2022-05-11,Insulin_Glargine,Diabetes,150,12.0,1800.0,True,none,stable
2022-05-12,Insulin_Glargine,Diabetes,141,12.0,1692.0,True,none,stable
2022-05-13,Insulin_Glargine,Diabetes,147,12.0,1764.0,True,none,stable
2022-05-14,Insulin_Glargine,Diabetes,124,12.0,1488.0,True,none,stable
2022-05-15,Insulin_Glargine,Diabetes,125,12.0,1500.0,True,none,stable
2022-05-16,Insulin_Glargine,Diabetes,141,12.0,1692.0,True,none,stable
2022-05-17,Insulin_Glargine,Diabetes,146,12.0,1752.0,True,none,stable
2022-05-18,Insulin_Glargine,Diabetes,165,12.0,1980.0,True,none,stable
2022-05-19,Insulin_Glargine,Diabetes,158,12.0,1896.0,True,none,stable
2022-05-20,Insulin_Glargine,Diabetes,178,12.0,2136.0,True,none,stable
2022-05-21,Insulin_Glargine,Diabetes,133,12.0,1596.0,True,none,stable
2022-05-22,Insulin_Glargine,Diabetes,132,12.0,1584.0,True,none,stable
2022-05-23,Insulin_Glargine,Diabetes,135,12.0,1620.0,True,none,stable
2022-05-24,Insulin_Glargine,Diabetes,162,12.0,1944.0,True,none,stable
2022-05-25,Insulin_Glargine,Diabetes,152,12.0,1824.0,True,none,stable
2022-05-26,Insulin_Glargine,Diabetes,146,12.0,1752.0,True,none,stable
2022-05-27,Insulin_Glargine,Diabetes,155,12.0,1860.0,True,none,stable
2022-05-28,Insulin_Glargine,Diabetes,131,12.0,1572.0,True,none,stable
2022-05-29,Insulin_Glargine,Diabetes,127,12.0,1524.0,True,none,stable
2022-05-30,Insulin_Glargine,Diabetes,142,12.0,1704.0,True,none,stable
2022-05-31,Insulin_Glargine,Diabetes,162,12.0,1944.0,True,none,stable
2022-06-01,Insulin_Glargine,Diabetes,145,12.0,1740.0,True,none,stable
2022-06-02,Insulin_Glargine,Diabetes,155,12.0,1860.0,True,none,stable
2022-06-03,Insulin_Glargine,Diabetes,149,12.0,1788.0,True,none,stable
2022-06-04,Insulin_Glargine,Diabetes,120,12.0,1440.0,True,none,stable
2022-06-05,Insulin_Glargine,Diabetes,129,12.0,1548.0,True,none,stable
2022-06-06,Insulin_Glargine,Diabetes,140,12.0,1680.0,True,none,stable
2022-06-07,Insulin_Glargine,Diabetes,177,12.0,2124.0,True,none,stable
2022-06-08,Insulin_Glargine,Diabetes,130,12.0,1560.0,True,none,stable
2022-06-09,Insulin_Glargine,Diabetes,145,12.0,1740.0,True,none,stable
2022-06-10,Insulin_Glargine,Diabetes,157,12.0,1884.0,True,none,stable
2022-06-11,Insulin_Glargine,Diabetes,128,12.0,1536.0,True,none,stable
2022-06-12,Insulin_Glargine,Diabetes,121,12.0,1452.0,True,none,stable
2022-06-13,Insulin_Glargine,Diabetes,152,12.0,1824.0,True,none,stable
2022-06-14,Insulin_Glargine,Diabetes,158,12.0,1896.0,True,none,stable
2022-06-15,Insulin_Glargine,Diabetes,150,12.0,1800.0,True,none,stable
2022-06-16,Insulin_Glargine,Diabetes,170,12.0,2040.0,True,none,stable
2022-06-17,Insulin_Glargine,Diabetes,163,12.0,1956.0,True,none,stable
2022-06-18,Insulin_Glargine,Diabetes,131,12.0,1572.0,True,none,stable
2022-06-19,Insulin_Glargine,Diabetes,112,12.0,1344.0,True,none,stable
2022-06-20,Insulin_Glargine,Diabetes,152,12.0,1824.0,True,none,stable
2022-06-21,Insulin_Glargine,Diabetes,149,12.0,1788.0,True,none,stable
2022-06-22,Insulin_Glargine,Diabetes,141,12.0,1692.0,True,none,stable
2022-06-23,Insulin_Glargine,Diabetes,157,12.0,1884.0,True,none,stable
2022-06-24,Insulin_Glargine,Diabetes,146,12.0,1752.0,True,none,stable
2022-06-25,Insulin_Glargine,Diabetes,128,12.0,1536.0,True,none,stable
2022-06-26,Insulin_Glargine,Diabetes,112,12.0,1344.0,True,none,stable
2022-06-27,Insulin_Glargine,Diabetes,174,12.0,2088.0,True,none,stable
2022-06-28,Insulin_Glargine,Diabetes,142,12.0,1704.0,True,none,stable
2022-06-29,Insulin_Glargine,Diabetes,156,12.0,1872.0,True,none,stable
2022-06-30,Insulin_Glargine,Diabetes,163,12.0,1956.0,True,none,stable
2022-07-01,Insulin_Glargine,Diabetes,146,12.0,1752.0,True,none,stable
2022-07-02,Insulin_Glargine,Diabetes,131,12.0,1572.0,True,none,stable
2022-07-03,Insulin_Glargine,Diabetes,110,12.0,1320.0,True,none,stable
2022-07-04,Insulin_Glargine,Diabetes,171,12.0,2052.0,True,none,stable
2022-07-05,Insulin_Glargine,Diabetes,153,12.0,1836.0,True,none,stable
2022-07-06,Insulin_Glargine,Diabetes,146,12.0,1752.0,True,none,stable
2022-07-07,Insulin_Glargine,Diabetes,150,12.0,1800.0,True,none,stable
2022-07-08,Insulin_Glargine,Diabetes,163,12.0,1956.0,True,none,stable
2022-07-09,Insulin_Glargine,Diabetes,116,12.0,1392.0,True,none,stable
2022-07-10,Insulin_Glargine,Diabetes,115,12.0,1380.0,True,none,stable
2022-07-11,Insulin_Glargine,Diabetes,151,12.0,1812.0,True,none,stable
2022-07-12,Insulin_Glargine,Diabetes,139,12.0,1668.0,True,none,stable
2022-07-13,Insulin_Glargine,Diabetes,176,12.0,2112.0,True,none,stable
2022-07-14,Insulin_Glargine,Diabetes,147,12.0,1764.0,True,none,stable
2022-07-15,Insulin_Glargine,Diabetes,164,12.0,1968.0,True,none,stable
2022-07-16,Insulin_Glargine,Diabetes,124,12.0,1488.0,True,none,stable
2022-07-17,Insulin_Glargine,Diabetes,112,12.0,1344.0,True,none,stable
2022-07-18,Insulin_Glargine,Diabetes,153,12.0,1836.0,True,none,stable
2022-07-19,Insulin_Glargine,Diabetes,163,12.0,1956.0,True,none,stable
2022-07-20,Insulin_Glargine,Diabetes,151,12.0,1812.0,True,none,stable
2022-07-21,Insulin_Glargine,Diabetes,168,12.0,2016.0,True,none,stable
2022-07-22,Insulin_Glargine,Diabetes,166,12.0,1992.0,True,none,stable
2022-07-23,Insulin_Glargine,Diabetes,132,12.0,1584.0,True,none,stable
2022-07-24,Insulin_Glargine,Diabetes,118,12.0,1416.0,True,none,stable
2022-07-25,Insulin_Glargine,Diabetes,140,12.0,1680.0,True,none,stable
2022-07-26,Insulin_Glargine,Diabetes,146,12.0,1752.0,True,none,stable
2022-07-27,Insulin_Glargine,Diabetes,156,12.0,1872.0,True,none,stable
2022-07-28,Insulin_Glargine,Diabetes,161,12.0,1932.0,True,none,stable
2022-07-29,Insulin_Glargine,Diabetes,127,12.0,1524.0,True,none,stable
2022-07-30,Insulin_Glargine,Diabetes,123,12.0,1476.0,True,none,stable
2022-07-31,Insulin_Glargine,Diabetes,124,12.0,1488.0,True,none,stable
2022-08-01,Insulin_Glargine,Diabetes,150,12.0,1800.0,True,none,stable
2022-08-02,Insulin_Glargine,Diabetes,170,12.0,2040.0,True,none,stable
2022-08-03,Insulin_Glargine,Diabetes,159,12.0,1908.0,True,none,stable
2022-08-04,Insulin_Glargine,Diabetes,170,12.0,2040.0,True,none,stable
2022-08-05,Insulin_Glargine,Diabetes,151,12.0,1812.0,True,none,stable
2022-08-06,Insulin_Glargine,Diabetes,132,12.0,1584.0,True,none,stable
2022-08-07,Insulin_Glargine,Diabetes,139,12.0,1668.0,True,none,stable
2022-08-08,Insulin_Glargine,Diabetes,170,12.0,2040.0,True,none,stable
2022-08-09,Insulin_Glargine,Diabetes,141,12.0,1692.0,True,none,stable
2022-08-10,Insulin_Glargine,Diabetes,151,12.0,1812.0,True,none,stable
2022-08-11,Insulin_Glargine,Diabetes,150,12.0,1800.0,True,none,stable
2022-08-12,Insulin_Glargine,Diabetes,160,12.0,1920.0,True,none,stable
2022-08-13,Insulin_Glargine,Diabetes,130,12.0,1560.0,True,none,stable
2022-08-14,Insulin_Glargine,Diabetes,115,12.0,1380.0,True,none,stable
2022-08-15,Insulin_Glargine,Diabetes,155,12.0,1860.0,True,none,stable
2022-08-16,Insulin_Glargine,Diabetes,129,12.0,1548.0,True,none,stable
2022-08-17,Insulin_Glargine,Diabetes,172,12.0,2064.0,True,none,stable
2022-08-18,Insulin_Glargine,Diabetes,148,12.0,1776.0,True,none,stable
2022-08-19,Insulin_Glargine,Diabetes,155,12.0,1860.0,True,none,stable
2022-08-20,Insulin_Glargine,Diabetes,120,12.0,1440.0,True,none,stable
2022-08-21,Insulin_Glargine,Diabetes,134,12.0,1608.0,True,none,stable
2022-08-22,Insulin_Glargine,Diabetes,119,12.0,1428.0,True,none,stable
2022-08-23,Insulin_Glargine,Diabetes,154,12.0,1848.0,True,none,stable
2022-08-24,Insulin_Glargine,Diabetes,153,12.0,1836.0,True,none,stable
2022-08-25,Insulin_Glargine,Diabetes,149,12.0,1788.0,True,none,stable
2022-08-26,Insulin_Glargine,Diabetes,176,12.0,2112.0,True,none,stable
2022-08-27,Insulin_Glargine,Diabetes,114,12.0,1368.0,True,none,stable
2022-08-28,Insulin_Glargine,Diabetes,131,12.0,1572.0,True,none,stable
2022-08-29,Insulin_Glargine,Diabetes,159,12.0,1908.0,True,none,stable
2022-08-30,Insulin_Glargine,Diabetes,170,12.0,2040.0,True,none,stable
2022-08-31,Insulin_Glargine,Diabetes,146,12.0,1752.0,True,none,stable
2022-09-01,Insulin_Glargine,Diabetes,145,12.0,1740.0,True,none,stable
2022-09-02,Insulin_Glargine,Diabetes,168,12.0,2016.0,True,none,stable
2022-09-03,Insulin_Glargine,Diabetes,128,12.0,1536.0,True,none,stable
2022-09-04,Insulin_Glargine,Diabetes,108,12.0,1296.0,True,none,stable
2022-09-05,Insulin_Glargine,Diabetes,148,12.0,1776.0,True,none,stable
2022-09-06,Insulin_Glargine,Diabetes,159,12.0,1908.0,True,none,stable
2022-09-07,Insulin_Glargine,Diabetes,165,12.0,1980.0,True,none,stable
2022-09-08,Insulin_Glargine,Diabetes,146,12.0,1752.0,True,none,stable
2022-09-09,Insulin_Glargine,Diabetes,118,12.0,1416.0,True,none,stable
2022-09-10,Insulin_Glargine,Diabetes,128,12.0,1536.0,True,none,stable
2022-09-11,Insulin_Glargine,Diabetes,112,12.0,1344.0,True,none,stable
2022-09-12,Insulin_Glargine,Diabetes,130,12.0,1560.0,True,none,stable
2022-09-13,Insulin_Glargine,Diabetes,120,12.0,1440.0,True,none,stable
2022-09-14,Insulin_Glargine,Diabetes,165,12.0,1980.0,True,none,stable
2022-09-15,Insulin_Glargine,Diabetes,156,12.0,1872.0,True,none,stable
2022-09-16,Insulin_Glargine,Diabetes,152,12.0,1824.0,True,none,stable
2022-09-17,Insulin_Glargine,Diabetes,137,12.0,1644.0,True,none,stable
2022-09-18,Insulin_Glargine,Diabetes,130,12.0,1560.0,True,none,stable
2022-09-19,Insulin_Glargine,Diabetes,175,12.0,2100.0,True,none,stable
2022-09-20,Insulin_Glargine,Diabetes,138,12.0,1656.0,True,none,stable
2022-09-21,Insulin_Glargine,Diabetes,154,12.0,1848.0,True,none,stable
2022-09-22,Insulin_Glargine,Diabetes,135,12.0,1620.0,True,none,stable
2022-09-23,Insulin_Glargine,Diabetes,152,12.0,1824.0,True,none,stable
2022-09-24,Insulin_Glargine,Diabetes,121,12.0,1452.0,True,none,stable
2022-09-25,Insulin_Glargine,Diabetes,130,12.0,1560.0,True,none,stable
2022-09-26,Insulin_Glargine,Diabetes,156,12.0,1872.0,True,none,stable
2022-09-27,Insulin_Glargine,Diabetes,163,12.0,1956.0,True,none,stable
2022-09-28,Insulin_Glargine,Diabetes,164,12.0,1968.0,True,none,stable
2022-09-29,Insulin_Glargine,Diabetes,182,12.0,2184.0,True,none,stable
2022-09-30,Insulin_Glargine,Diabetes,151,12.0,1812.0,True,none,stable
2022-10-01,Insulin_Glargine,Diabetes,114,12.0,1368.0,True,none,stable
2022-10-02,Insulin_Glargine,Diabetes,126,12.0,1512.0,True,none,stable
2022-10-03,Insulin_Glargine,Diabetes,145,12.0,1740.0,True,none,stable
2022-10-04,Insulin_Glargine,Diabetes,174,12.0,2088.0,True,none,stable
2022-10-05,Insulin_Glargine,Diabetes,152,12.0,1824.0,True,none,stable
2022-10-06,Insulin_Glargine,Diabetes,148,12.0,1776.0,True,none,stable
2022-10-07,Insulin_Glargine,Diabetes,149,12.0,1788.0,True,none,stable
2022-10-08,Insulin_Glargine,Diabetes,131,12.0,1572.0,True,none,stable
2022-10-09,Insulin_Glargine,Diabetes,122,12.0,1464.0,True,none,stable
2022-10-10,Insulin_Glargine,Diabetes,147,12.0,1764.0,True,none,stable
2022-10-11,Insulin_Glargine,Diabetes,176,12.0,2112.0,True,none,stable
2022-10-12,Insulin_Glargine,Diabetes,145,12.0,1740.0,True,none,stable
2022-10-13,Insulin_Glargine,Diabetes,156,12.0,1872.0,True,none,stable
2022-10-14,Insulin_Glargine,Diabetes,164,12.0,1968.0,True,none,stable
2022-10-15,Insulin_Glargine,Diabetes,108,12.0,1296.0,True,none,stable
2022-10-16,Insulin_Glargine,Diabetes,128,12.0,1536.0,True,none,stable
2022-10-17,Insulin_Glargine,Diabetes,142,12.0,1704.0,True,none,stable
2022-10-18,Insulin_Glargine,Diabetes,166,12.0,1992.0,True,none,stable
2022-10-19,Insulin_Glargine,Diabetes,143,12.0,1716.0,True,none,stable
2022-10-20,Insulin_Glargine,Diabetes,164,12.0,1968.0,True,none,stable
2022-10-21,Insulin_Glargine,Diabetes,169,12.0,2028.0,True,none,stable
2022-10-22,Insulin_Glargine,Diabetes,132,12.0,1584.0,True,none,stable
2022-10-23,Insulin_Glargine,Diabetes,127,12.0,1524.0,True,none,stable
2022-10-24,Insulin_Glargine,Diabetes,153,12.0,1836.0,True,none,stable
2022-10-25,Insulin_Glargine,Diabetes,148,12.0,1776.0,True,none,stable
2022-10-26,Insulin_Glargine,Diabetes,174,12.0,2088.0,True,none,stable
2022-10-27,Insulin_Glargine,Diabetes,147,12.0,1764.0,True,none,stable
2022-10-28,Insulin_Glargine,Diabetes,143,12.0,1716.0,True,none,stable
2022-10-29,Insulin_Glargine,Diabetes,131,12.0,1572.0,True,none,stable
2022-10-30,Insulin_Glargine,Diabetes,116,12.0,1392.0,True,none,stable
2022-10-31,Insulin_Glargine,Diabetes,144,12.0,1728.0,True,none,stable
2022-11-01,Insulin_Glargine,Diabetes,138,12.0,1656.0,True,none,stable
2022-11-02,Insulin_Glargine,Diabetes,150,12.0,1800.0,True,none,stable
2022-11-03,Insulin_Glargine,Diabetes,155,12.0,1860.0,True,none,stable
2022-11-04,Insulin_Glargine,Diabetes,159,12.0,1908.0,True,none,stable
2022-11-05,Insulin_Glargine,Diabetes,134,12.0,1608.0,True,none,stable
2022-11-06,Insulin_Glargine,Diabetes,129,12.0,1548.0,True,none,stable
2022-11-07,Insulin_Glargine,Diabetes,153,12.0,1836.0,True,none,stable
2022-11-08,Insulin_Glargine,Diabetes,153,12.0,1836.0,True,none,stable
2022-11-09,Insulin_Glargine,Diabetes,162,12.0,1944.0,True,none,stable
2022-11-10,Insulin_Glargine,Diabetes,172,12.0,2064.0,True,none,stable
2022-11-11,Insulin_Glargine,Diabetes,158,12.0,1896.0,True,none,stable
2022-11-12,Insulin_Glargine,Diabetes,120,12.0,1440.0,True,none,stable
2022-11-13,Insulin_Glargine,Diabetes,115,12.0,1380.0,True,none,stable
2022-11-14,Insulin_Glargine,Diabetes,138,12.0,1656.0,True,none,stable
2022-11-15,Insulin_Glargine,Diabetes,164,12.0,1968.0,True,none,stable
2022-11-16,Insulin_Glargine,Diabetes,163,12.0,1956.0,True,none,stable
2022-11-17,Insulin_Glargine,Diabetes,163,12.0,1956.0,True,none,stable
2022-11-18,Insulin_Glargine,Diabetes,154,12.0,1848.0,True,none,stable
2022-11-19,Insulin_Glargine,Diabetes,139,12.0,1668.0,True,none,stable
2022-11-20,Insulin_Glargine,Diabetes,120,12.0,1440.0,True,none,stable
2022-11-21,Insulin_Glargine,Diabetes,168,12.0,2016.0,True,none,stable
2022-11-22,Insulin_Glargine,Diabetes,156,12.0,1872.0,True,none,stable
2022-11-23,Insulin_Glargine,Diabetes,149,12.0,1788.0,True,none,stable
2022-11-24,Insulin_Glargine,Diabetes,164,12.0,1968.0,True,none,stable
2022-11-25,Insulin_Glargine,Diabetes,161,12.0,1932.0,True,none,stable
2022-11-26,Insulin_Glargine,Diabetes,128,12.0,1536.0,True,none,stable
2022-11-27,Insulin_Glargine,Diabetes,125,12.0,1500.0,True,none,stable
2022-11-28,Insulin_Glargine,Diabetes,156,12.0,1872.0,True,none,stable
2022-11-29,Insulin_Glargine,Diabetes,186,12.0,2232.0,True,none,stable
2022-11-30,Insulin_Glargine,Diabetes,171,12.0,2052.0,True,none,stable
2022-12-01,Insulin_Glargine,Diabetes,165,12.0,1980.0,True,none,stable
2022-12-02,Insulin_Glargine,Diabetes,158,12.0,1896.0,True,none,stable
2022-12-03,Insulin_Glargine,Diabetes,135,12.0,1620.0,True,none,stable
2022-12-04,Insulin_Glargine,Diabetes,130,12.0,1560.0,True,none,stable
2022-12-05,Insulin_Glargine,Diabetes,157,12.0,1884.0,True,none,stable
2022-12-06,Insulin_Glargine,Diabetes,153,12.0,1836.0,True,none,stable
2022-12-07,Insulin_Glargine,Diabetes,155,12.0,1860.0,True,none,stable
2022-12-08,Insulin_Glargine,Diabetes,117,12.0,1404.0,True,none,stable
2022-12-09,Insulin_Glargine,Diabetes,159,12.0,1908.0,True,none,stable
2022-12-10,Insulin_Glargine,Diabetes,120,12.0,1440.0,True,none,stable
2022-12-11,Insulin_Glargine,Diabetes,141,12.0,1692.0,True,none,stable
2022-12-12,Insulin_Glargine,Diabetes,157,12.0,1884.0,True,none,stable
2022-12-13,Insulin_Glargine,Diabetes,142,12.0,1704.0,True,none,stable
2022-12-14,Insulin_Glargine,Diabetes,156,12.0,1872.0,True,none,stable
2022-12-15,Insulin_Glargine,Diabetes,143,12.0,1716.0,True,none,stable
2022-12-16,Insulin_Glargine,Diabetes,163,12.0,1956.0,True,none,stable
2022-12-17,Insulin_Glargine,Diabetes,128,12.0,1536.0,True,none,stable
2022-12-18,Insulin_Glargine,Diabetes,135,12.0,1620.0,True,none,stable
2022-12-19,Insulin_Glargine,Diabetes,147,12.0,1764.0,True,none,stable
2022-12-20,Insulin_Glargine,Diabetes,157,12.0,1884.0,True,none,stable
2022-12-21,Insulin_Glargine,Diabetes,140,12.0,1680.0,True,none,stable
2022-12-22,Insulin_Glargine,Diabetes,166,12.0,1992.0,True,none,stable
2022-12-23,Insulin_Glargine,Diabetes,163,12.0,1956.0,True,none,stable
2022-12-24,Insulin_Glargine,Diabetes,130,12.0,1560.0,True,none,stable
2022-12-25,Insulin_Glargine,Diabetes,125,12.0,1500.0,True,none,stable
2022-12-26,Insulin_Glargine,Diabetes,162,12.0,1944.0,True,none,stable
2022-12-27,Insulin_Glargine,Diabetes,177,12.0,2124.0,True,none,stable
2022-12-28,Insulin_Glargine,Diabetes,153,12.0,1836.0,True,none,stable
2022-12-29,Insulin_Glargine,Diabetes,159,12.0,1908.0,True,none,stable
2022-12-30,Insulin_Glargine,Diabetes,143,12.0,1716.0,True,none,stable
2022-12-31,Insulin_Glargine,Diabetes,116,12.0,1392.0,True,none,stable
2023-01-01,Insulin_Glargine,Diabetes,126,12.0,1512.0,True,none,stable
2023-01-02,Insulin_Glargine,Diabetes,171,12.0,2052.0,True,none,stable
2023-01-03,Insulin_Glargine,Diabetes,154,12.0,1848.0,True,none,stable
2023-01-04,Insulin_Glargine,Diabetes,154,12.0,1848.0,True,none,stable
2023-01-05,Insulin_Glargine,Diabetes,152,12.0,1824.0,True,none,stable
2023-01-06,Insulin_Glargine,Diabetes,150,12.0,1800.0,True,none,stable
2023-01-07,Insulin_Glargine,Diabetes,128,12.0,1536.0,True,none,stable
2023-01-08,Insulin_Glargine,Diabetes,110,12.0,1320.0,True,none,stable
2023-01-09,Insulin_Glargine,Diabetes,173,12.0,2076.0,True,none,stable
2023-01-10,Insulin_Glargine,Diabetes,149,12.0,1788.0,True,none,stable
2023-01-11,Insulin_Glargine,Diabetes,166,12.0,1992.0,True,none,stable
2023-01-12,Insulin_Glargine,Diabetes,141,12.0,1692.0,True,none,stable
2023-01-13,Insulin_Glargine,Diabetes,166,12.0,1992.0,True,none,stable
2023-01-14,Insulin_Glargine,Diabetes,132,12.0,1584.0,True,none,stable
2023-01-15,Insulin_Glargine,Diabetes,129,12.0,1548.0,True,none,stable
2023-01-16,Insulin_Glargine,Diabetes,145,12.0,1740.0,True,none,stable
2023-01-17,Insulin_Glargine,Diabetes,160,12.0,1920.0,True,none,stable
2023-01-18,Insulin_Glargine,Diabetes,142,12.0,1704.0,True,none,stable
2023-01-19,Insulin_Glargine,Diabetes,154,12.0,1848.0,True,none,stable
2023-01-20,Insulin_Glargine,Diabetes,170,12.0,2040.0,True,none,stable
2023-01-21,Insulin_Glargine,Diabetes,133,12.0,1596.0,True,none,stable
2023-01-22,Insulin_Glargine,Diabetes,126,12.0,1512.0,True,none,stable
2023-01-23,Insulin_Glargine,Diabetes,145,12.0,1740.0,True,none,stable
2023-01-24,Insulin_Glargine,Diabetes,166,12.0,1992.0,True,none,stable
2023-01-25,Insulin_Glargine,Diabetes,158,12.0,1896.0,True,none,stable
2023-01-26,Insulin_Glargine,Diabetes,128,12.0,1536.0,True,none,stable
2023-01-27,Insulin_Glargine,Diabetes,167,12.0,2004.0,True,none,stable
2023-01-28,Insulin_Glargine,Diabetes,125,12.0,1500.0,True,none,stable
2023-01-29,Insulin_Glargine,Diabetes,138,12.0,1656.0,True,none,stable
2023-01-30,Insulin_Glargine,Diabetes,144,12.0,1728.0,True,none,stable
2023-01-31,Insulin_Glargine,Diabetes,117,12.0,1404.0,True,none,stable
2023-02-01,Insulin_Glargine,Diabetes,161,12.0,1932.0,True,none,stable
2023-02-02,Insulin_Glargine,Diabetes,161,12.0,1932.0,True,none,stable
2023-02-03,Insulin_Glargine,Diabetes,136,12.0,1632.0,True,none,stable
2023-02-04,Insulin_Glargine,Diabetes,116,12.0,1392.0,True,none,stable
2023-02-05,Insulin_Glargine,Diabetes,154,12.0,1848.0,True,none,stable
2023-02-06,Insulin_Glargine,Diabetes,154,12.0,1848.0,True,none,stable
2023-02-07,Insulin_Glargine,Diabetes,167,12.0,2004.0,True,none,stable
2023-02-08,Insulin_Glargine,Diabetes,150,12.0,1800.0,True,none,stable
2023-02-09,Insulin_Glargine,Diabetes,131,12.0,1572.0,True,none,stable
2023-02-10,Insulin_Glargine,Diabetes,156,12.0,1872.0,True,none,stable
2023-02-11,Insulin_Glargine,Diabetes,123,12.0,1476.0,True,none,stable
2023-02-12,Insulin_Glargine,Diabetes,122,12.0,1464.0,True,none,stable
2023-02-13,Insulin_Glargine,Diabetes,156,12.0,1872.0,True,none,stable
2023-02-14,Insulin_Glargine,Diabetes,161,12.0,1932.0,True,none,stable
2023-02-15,Insulin_Glargine,Diabetes,156,12.0,1872.0,True,none,stable
2023-02-16,Insulin_Glargine,Diabetes,142,12.0,1704.0,True,none,stable
2023-02-17,Insulin_Glargine,Diabetes,164,12.0,1968.0,True,none,stable
2023-02-18,Insulin_Glargine,Diabetes,106,12.0,1272.0,True,none,stable
2023-02-19,Insulin_Glargine,Diabetes,105,12.0,1260.0,True,none,stable
2023-02-20,Insulin_Glargine,Diabetes,167,12.0,2004.0,True,none,stable
2023-02-21,Insulin_Glargine,Diabetes,164,12.0,1968.0,True,none,stable
2023-02-22,Insulin_Glargine,Diabetes,157,12.0,1884.0,True,none,stable
2023-02-23,Insulin_Glargine,Diabetes,140,12.0,1680.0,True,none,stable
2023-02-24,Insulin_Glargine,Diabetes,149,12.0,1788.0,True,none,stable
2023-02-25,Insulin_Glargine,Diabetes,124,12.0,1488.0,True,none,stable
2023-02-26,Insulin_Glargine,Diabetes,110,12.0,1320.0,True,none,stable
2023-02-27,Insulin_Glargine,Diabetes,149,12.0,1788.0,True,none,stable
2023-02-28,Insulin_Glargine,Diabetes,166,12.0,1992.0,True,none,stable
2023-03-01,Insulin_Glargine,Diabetes,176,12.0,2112.0,True,none,stable
2023-03-02,Insulin_Glargine,Diabetes,153,12.0,1836.0,True,none,stable
2023-03-03,Insulin_Glargine,Diabetes,168,12.0,2016.0,True,none,stable
2023-03-04,Insulin_Glargine,Diabetes,107,12.0,1284.0,True,none,stable
2023-03-05,Insulin_Glargine,Diabetes,133,12.0,1596.0,True,none,stable
2023-03-06,Insulin_Glargine,Diabetes,148,12.0,1776.0,True,none,stable
2023-03-07,Insulin_Glargine,Diabetes,162,12.0,1944.0,True,none,stable
2023-03-08,Insulin_Glargine,Diabetes,155,12.0,1860.0,True,none,stable
2023-03-09,Insulin_Glargine,Diabetes,175,12.0,2100.0,True,none,stable
2023-03-10,Insulin_Glargine,Diabetes,147,12.0,1764.0,True,none,stable
2023-03-11,Insulin_Glargine,Diabetes,132,12.0,1584.0,True,none,stable
2023-03-12,Insulin_Glargine,Diabetes,124,12.0,1488.0,True,none,stable
2023-03-13,Insulin_Glargine,Diabetes,156,12.0,1872.0,True,none,stable
2023-03-14,Insulin_Glargine,Diabetes,156,12.0,1872.0,True,none,stable
2023-03-15,Insulin_Glargine,Diabetes,148,12.0,1776.0,True,none,stable
2023-03-16,Insulin_Glargine,Diabetes,158,12.0,1896.0,True,none,stable
2023-03-17,Insulin_Glargine,Diabetes,158,12.0,1896.0,True,none,stable
2023-03-18,Insulin_Glargine,Diabetes,129,12.0,1548.0,True,none,stable
2023-03-19,Insulin_Glargine,Diabetes,128,12.0,1536.0,True,none,stable
2023-03-20,Insulin_Glargine,Diabetes,169,12.0,2028.0,True,none,stable
2023-03-21,Insulin_Glargine,Diabetes,170,12.0,2040.0,True,none,stable
2023-03-22,Insulin_Glargine,Diabetes,145,12.0,1740.0,True,none,stable
2023-03-23,Insulin_Glargine,Diabetes,170,12.0,2040.0,True,none,stable
2023-03-24,Insulin_Glargine,Diabetes,144,12.0,1728.0,True,none,stable
2023-03-25,Insulin_Glargine,Diabetes,132,12.0,1584.0,True,none,stable
2023-03-26,Insulin_Glargine,Diabetes,133,12.0,1596.0,True,none,stable
2023-03-27,Insulin_Glargine,Diabetes,134,12.0,1608.0,True,none,stable
2023-03-28,Insulin_Glargine,Diabetes,160,12.0,1920.0,True,none,stable
2023-03-29,Insulin_Glargine,Diabetes,153,12.0,1836.0,True,none,stable
2023-03-30,Insulin_Glargine,Diabetes,149,12.0,1788.0,True,none,stable
2023-03-31,Insulin_Glargine,Diabetes,176,12.0,2112.0,True,none,stable
2023-04-01,Insulin_Glargine,Diabetes,120,12.0,1440.0,True,none,stable
2023-04-02,Insulin_Glargine,Diabetes,119,12.0,1428.0,True,none,stable
2023-04-03,Insulin_Glargine,Diabetes,160,12.0,1920.0,True,none,stable
2023-04-04,Insulin_Glargine,Diabetes,168,12.0,2016.0,True,none,stable
2023-04-05,Insulin_Glargine,Diabetes,157,12.0,1884.0,True,none,stable
2023-04-06,Insulin_Glargine,Diabetes,174,12.0,2088.0,True,none,stable
2023-04-07,Insulin_Glargine,Diabetes,166,12.0,1992.0,True,none,stable
2023-04-08,Insulin_Glargine,Diabetes,104,12.0,1248.0,True,none,stable
2023-04-09,Insulin_Glargine,Diabetes,121,12.0,1452.0,True,none,stable
2023-04-10,Insulin_Glargine,Diabetes,152,12.0,1824.0,True,none,stable
2023-04-11,Insulin_Glargine,Diabetes,165,12.0,1980.0,True,none,stable
2023-04-12,Insulin_Glargine,Diabetes,126,12.0,1512.0,True,none,stable
2023-04-13,Insulin_Glargine,Diabetes,192,12.0,2304.0,True,none,stable
2023-04-14,Insulin_Glargine,Diabetes,166,12.0,1992.0,True,none,stable
2023-04-15,Insulin_Glargine,Diabetes,128,12.0,1536.0,True,none,stable
2023-04-16,Insulin_Glargine,Diabetes,139,12.0,1668.0,True,none,stable
2023-04-17,Insulin_Glargine,Diabetes,189,12.0,2268.0,True,none,stable
2023-04-18,Insulin_Glargine,Diabetes,170,12.0,2040.0,True,none,stable
2023-04-19,Insulin_Glargine,Diabetes,171,12.0,2052.0,True,none,stable
2023-04-20,Insulin_Glargine,Diabetes,161,12.0,1932.0,True,none,stable
2023-04-21,Insulin_Glargine,Diabetes,157,12.0,1884.0,True,none,stable
2023-04-22,Insulin_Glargine,Diabetes,122,12.0,1464.0,True,none,stable
2023-04-23,Insulin_Glargine,Diabetes,119,12.0,1428.0,True,none,stable
2023-04-24,Insulin_Glargine,Diabetes,151,12.0,1812.0,True,none,stable
2023-04-25,Insulin_Glargine,Diabetes,142,12.0,1704.0,True,none,stable
2023-04-26,Insulin_Glargine,Diabetes,158,12.0,1896.0,True,none,stable
2023-04-27,Insulin_Glargine,Diabetes,138,12.0,1656.0,True,none,stable
2023-04-28,Insulin_Glargine,Diabetes,162,12.0,1944.0,True,none,stable
2023-04-29,Insulin_Glargine,Diabetes,127,12.0,1524.0,True,none,stable
2023-04-30,Insulin_Glargine,Diabetes,128,12.0,1536.0,True,none,stable
2023-05-01,Insulin_Glargine,Diabetes,153,12.0,1836.0,True,none,stable
2023-05-02,Insulin_Glargine,Diabetes,199,12.0,2388.0,True,none,stable
2023-05-03,Insulin_Glargine,Diabetes,177,12.0,2124.0,True,none,stable
2023-05-04,Insulin_Glargine,Diabetes,144,12.0,1728.0,True,none,stable
2023-05-05,Insulin_Glargine,Diabetes,163,12.0,1956.0,True,none,stable
2023-05-06,Insulin_Glargine,Diabetes,121,12.0,1452.0,True,none,stable
2023-05-07,Insulin_Glargine,Diabetes,117,12.0,1404.0,True,none,stable
2023-05-08,Insulin_Glargine,Diabetes,142,12.0,1704.0,True,none,stable
2023-05-09,Insulin_Glargine,Diabetes,165,12.0,1980.0,True,none,stable
2023-05-10,Insulin_Glargine,Diabetes,151,12.0,1812.0,True,none,stable
2023-05-11,Insulin_Glargine,Diabetes,172,12.0,2064.0,True,none,stable
2023-05-12,Insulin_Glargine,Diabetes,172,12.0,2064.0,True,none,stable
2023-05-13,Insulin_Glargine,Diabetes,141,12.0,1692.0,True,none,stable
2023-05-14,Insulin_Glargine,Diabetes,119,12.0,1428.0,True,none,stable
2023-05-15,Insulin_Glargine,Diabetes,166,12.0,1992.0,True,none,stable
2023-05-16,Insulin_Glargine,Diabetes,168,12.0,2016.0,True,none,stable
2023-05-17,Insulin_Glargine,Diabetes,154,12.0,1848.0,True,none,stable
2023-05-18,Insulin_Glargine,Diabetes,150,12.0,1800.0,True,none,stable
2023-05-19,Insulin_Glargine,Diabetes,180,12.0,2160.0,True,none,stable
2023-05-20,Insulin_Glargine,Diabetes,130,12.0,1560.0,True,none,stable
2023-05-21,Insulin_Glargine,Diabetes,134,12.0,1608.0,True,none,stable
2023-05-22,Insulin_Glargine,Diabetes,149,12.0,1788.0,True,none,stable
2023-05-23,Insulin_Glargine,Diabetes,144,12.0,1728.0,True,none,stable
2023-05-24,Insulin_Glargine,Diabetes,153,12.0,1836.0,True,none,stable
2023-05-25,Insulin_Glargine,Diabetes,158,12.0,1896.0,True,none,stable
2023-05-26,Insulin_Glargine,Diabetes,146,12.0,1752.0,True,none,stable
2023-05-27,Insulin_Glargine,Diabetes,128,12.0,1536.0,True,none,stable
2023-05-28,Insulin_Glargine,Diabetes,110,12.0,1320.0,True,none,stable
2023-05-29,Insulin_Glargine,Diabetes,146,12.0,1752.0,True,none,stable
2023-05-30,Insulin_Glargine,Diabetes,169,12.0,2028.0,True,none,stable
2023-05-31,Insulin_Glargine,Diabetes,168,12.0,2016.0,True,none,stable
2023-06-01,Insulin_Glargine,Diabetes,155,12.0,1860.0,True,none,stable
2023-06-02,Insulin_Glargine,Diabetes,147,12.0,1764.0,True,none,stable
2023-06-03,Insulin_Glargine,Diabetes,117,12.0,1404.0,True,none,stable
2023-06-04,Insulin_Glargine,Diabetes,124,12.0,1488.0,True,none,stable
2023-06-05,Insulin_Glargine,Diabetes,168,12.0,2016.0,True,none,stable
2023-06-06,Insulin_Glargine,Diabetes,172,12.0,2064.0,True,none,stable
2023-06-07,Insulin_Glargine,Diabetes,154,12.0,1848.0,True,none,stable
2023-06-08,Insulin_Glargine,Diabetes,145,12.0,1740.0,True,none,stable
2023-06-09,Insulin_Glargine,Diabetes,164,12.0,1968.0,True,none,stable
2023-06-10,Insulin_Glargine,Diabetes,120,12.0,1440.0,True,none,stable
2023-06-11,Insulin_Glargine,Diabetes,123,12.0,1476.0,True,none,stable
2023-06-12,Insulin_Glargine,Diabetes,177,12.0,2124.0,True,none,stable
2023-06-13,Insulin_Glargine,Diabetes,171,12.0,2052.0,True,none,stable
2023-06-14,Insulin_Glargine,Diabetes,162,12.0,1944.0,True,none,stable
2023-06-15,Insulin_Glargine,Diabetes,144,12.0,1728.0,True,none,stable
2023-06-16,Insulin_Glargine,Diabetes,163,12.0,1956.0,True,none,stable
2023-06-17,Insulin_Glargine,Diabetes,139,12.0,1668.0,True,none,stable
2023-06-18,Insulin_Glargine,Diabetes,124,12.0,1488.0,True,none,stable
2023-06-19,Insulin_Glargine,Diabetes,178,12.0,2136.0,True,none,stable
2023-06-20,Insulin_Glargine,Diabetes,177,12.0,2124.0,True,none,stable
2023-06-21,Insulin_Glargine,Diabetes,182,12.0,2184.0,True,none,stable
2023-06-22,Insulin_Glargine,Diabetes,164,12.0,1968.0,True,none,stable
2023-06-23,Insulin_Glargine,Diabetes,168,12.0,2016.0,True,none,stable
2023-06-24,Insulin_Glargine,Diabetes,143,12.0,1716.0,True,none,stable
2023-06-25,Insulin_Glargine,Diabetes,132,12.0,1584.0,True,none,stable
2023-06-26,Insulin_Glargine,Diabetes,154,12.0,1848.0,True,none,stable
2023-06-27,Insulin_Glargine,Diabetes,155,12.0,1860.0,True,none,stable
2023-06-28,Insulin_Glargine,Diabetes,164,12.0,1968.0,True,none,stable
2023-06-29,Insulin_Glargine,Diabetes,144,12.0,1728.0,True,none,stable
2023-06-30,Insulin_Glargine,Diabetes,159,12.0,1908.0,True,none,stable
2023-07-01,Insulin_Glargine,Diabetes,140,12.0,1680.0,True,none,stable
2023-07-02,Insulin_Glargine,Diabetes,105,12.0,1260.0,True,none,stable
2023-07-03,Insulin_Glargine,Diabetes,181,12.0,2172.0,True,none,stable
2023-07-04,Insulin_Glargine,Diabetes,175,12.0,2100.0,True,none,stable
2023-07-05,Insulin_Glargine,Diabetes,155,12.0,1860.0,True,none,stable
2023-07-06,Insulin_Glargine,Diabetes,168,12.0,2016.0,True,none,stable
2023-07-07,Insulin_Glargine,Diabetes,161,12.0,1932.0,True,none,stable
2023-07-08,Insulin_Glargine,Diabetes,141,12.0,1692.0,True,none,stable
2023-07-09,Insulin_Glargine,Diabetes,139,12.0,1668.0,True,none,stable
2023-07-10,Insulin_Glargine,Diabetes,143,12.0,1716.0,True,none,stable
2023-07-11,Insulin_Glargine,Diabetes,169,12.0,2028.0,True,none,stable
2023-07-12,Insulin_Glargine,Diabetes,158,12.0,1896.0,True,none,stable
2023-07-13,Insulin_Glargine,Diabetes,162,12.0,1944.0,True,none,stable
2023-07-14,Insulin_Glargine,Diabetes,152,12.0,1824.0,True,none,stable
2023-07-15,Insulin_Glargine,Diabetes,147,12.0,1764.0,True,none,stable
2023-07-16,Insulin_Glargine,Diabetes,139,12.0,1668.0,True,none,stable
2023-07-17,Insulin_Glargine,Diabetes,151,12.0,1812.0,True,none,stable
2023-07-18,Insulin_Glargine,Diabetes,144,12.0,1728.0,True,none,stable
2023-07-19,Insulin_Glargine,Diabetes,156,12.0,1872.0,True,none,stable
2023-07-20,Insulin_Glargine,Diabetes,167,12.0,2004.0,True,none,stable
2023-07-21,Insulin_Glargine,Diabetes,164,12.0,1968.0,True,none,stable
2023-07-22,Insulin_Glargine,Diabetes,141,12.0,1692.0,True,none,stable
2023-07-23,Insulin_Glargine,Diabetes,136,12.0,1632.0,True,none,stable
2023-07-24,Insulin_Glargine,Diabetes,174,12.0,2088.0,True,none,stable
2023-07-25,Insulin_Glargine,Diabetes,165,12.0,1980.0,True,none,stable
2023-07-26,Insulin_Glargine,Diabetes,143,12.0,1716.0,True,none,stable
2023-07-27,Insulin_Glargine,Diabetes,159,12.0,1908.0,True,none,stable
2023-07-28,Insulin_Glargine,Diabetes,175,12.0,2100.0,True,none,stable
2023-07-29,Insulin_Glargine,Diabetes,128,12.0,1536.0,True,none,stable
2023-07-30,Insulin_Glargine,Diabetes,134,12.0,1608.0,True,none,stable
2023-07-31,Insulin_Glargine,Diabetes,157,12.0,1884.0,True,none,stable
2023-08-01,Insulin_Glargine,Diabetes,135,12.0,1620.0,True,supply_shortage,stable
2023-08-02,Insulin_Glargine,Diabetes,145,12.0,1740.0,True,supply_shortage,stable
2023-08-03,Insulin_Glargine,Diabetes,150,12.0,1800.0,True,supply_shortage,stable
2023-08-04,Insulin_Glargine,Diabetes,139,12.0,1668.0,True,supply_shortage,stable
2023-08-05,Insulin_Glargine,Diabetes,115,12.0,1380.0,True,supply_shortage,stable
2023-08-06,Insulin_Glargine,Diabetes,108,12.0,1296.0,True,supply_shortage,stable
2023-08-07,Insulin_Glargine,Diabetes,160,12.0,1920.0,True,supply_shortage,stable
2023-08-08,Insulin_Glargine,Diabetes,143,12.0,1716.0,True,supply_shortage,stable
2023-08-09,Insulin_Glargine,Diabetes,164,12.0,1968.0,True,supply_shortage,stable
2023-08-10,Insulin_Glargine,Diabetes,165,12.0,1980.0,True,supply_shortage,stable
2023-08-11,Insulin_Glargine,Diabetes,146,12.0,1752.0,True,supply_shortage,stable
2023-08-12,Insulin_Glargine,Diabetes,108,12.0,1296.0,True,supply_shortage,stable
2023-08-13,Insulin_Glargine,Diabetes,97,12.0,1164.0,True,supply_shortage,stable
2023-08-14,Insulin_Glargine,Diabetes,130,12.0,1560.0,True,supply_shortage,stable
2023-08-15,Insulin_Glargine,Diabetes,131,12.0,1572.0,True,supply_shortage,stable
2023-08-16,Insulin_Glargine,Diabetes,163,12.0,1956.0,True,supply_shortage,stable
2023-08-17,Insulin_Glargine,Diabetes,148,12.0,1776.0,True,supply_shortage,stable
2023-08-18,Insulin_Glargine,Diabetes,152,12.0,1824.0,True,supply_shortage,stable
2023-08-19,Insulin_Glargine,Diabetes,96,12.0,1152.0,True,supply_shortage,stable
2023-08-20,Insulin_Glargine,Diabetes,106,12.0,1272.0,True,supply_shortage,stable
2023-08-21,Insulin_Glargine,Diabetes,158,12.0,1896.0,True,supply_shortage,stable
2023-08-22,Insulin_Glargine,Diabetes,151,12.0,1812.0,True,supply_shortage,stable
2023-08-23,Insulin_Glargine,Diabetes,145,12.0,1740.0,True,supply_shortage,stable
2023-08-24,Insulin_Glargine,Diabetes,154,12.0,1848.0,True,supply_shortage,stable
2023-08-25,Insulin_Glargine,Diabetes,167,12.0,2004.0,True,supply_shortage,stable
2023-08-26,Insulin_Glargine,Diabetes,116,12.0,1392.0,True,supply_shortage,stable
2023-08-27,Insulin_Glargine,Diabetes,118,12.0,1416.0,True,supply_shortage,stable
2023-08-28,Insulin_Glargine,Diabetes,150,12.0,1800.0,True,supply_shortage,stable
2023-08-29,Insulin_Glargine,Diabetes,176,12.0,2112.0,True,supply_shortage,stable
2023-08-30,Insulin_Glargine,Diabetes,123,12.0,1476.0,True,supply_shortage,stable
2023-08-31,Insulin_Glargine,Diabetes,155,12.0,1860.0,True,supply_shortage,stable
2023-09-01,Insulin_Glargine,Diabetes,146,12.0,1752.0,True,supply_shortage,stable
2023-09-02,Insulin_Glargine,Diabetes,123,12.0,1476.0,True,supply_shortage,stable
2023-09-03,Insulin_Glargine,Diabetes,112,12.0,1344.0,True,supply_shortage,stable
2023-09-04,Insulin_Glargine,Diabetes,147,12.0,1764.0,True,supply_shortage,stable
2023-09-05,Insulin_Glargine,Diabetes,156,12.0,1872.0,True,supply_shortage,stable
2023-09-06,Insulin_Glargine,Diabetes,184,12.0,2208.0,True,supply_shortage,stable
2023-09-07,Insulin_Glargine,Diabetes,157,12.0,1884.0,True,supply_shortage,stable
2023-09-08,Insulin_Glargine,Diabetes,137,12.0,1644.0,True,supply_shortage,stable
2023-09-09,Insulin_Glargine,Diabetes,114,12.0,1368.0,True,supply_shortage,stable
2023-09-10,Insulin_Glargine,Diabetes,113,12.0,1356.0,True,supply_shortage,stable
2023-09-11,Insulin_Glargine,Diabetes,126,12.0,1512.0,True,supply_shortage,stable
2023-09-12,Insulin_Glargine,Diabetes,144,12.0,1728.0,True,supply_shortage,stable
2023-09-13,Insulin_Glargine,Diabetes,156,12.0,1872.0,True,supply_shortage,stable
2023-09-14,Insulin_Glargine,Diabetes,133,12.0,1596.0,True,supply_shortage,stable
2023-09-15,Insulin_Glargine,Diabetes,160,12.0,1920.0,True,supply_shortage,stable
2023-09-16,Insulin_Glargine,Diabetes,135,12.0,1620.0,True,none,stable
2023-09-17,Insulin_Glargine,Diabetes,122,12.0,1464.0,True,none,stable
2023-09-18,Insulin_Glargine,Diabetes,160,12.0,1920.0,True,none,stable
2023-09-19,Insulin_Glargine,Diabetes,183,12.0,2196.0,True,none,stable
2023-09-20,Insulin_Glargine,Diabetes,172,12.0,2064.0,True,none,stable
2023-09-21,Insulin_Glargine,Diabetes,163,12.0,1956.0,True,none,stable
2023-09-22,Insulin_Glargine,Diabetes,159,12.0,1908.0,True,none,stable
2023-09-23,Insulin_Glargine,Diabetes,130,12.0,1560.0,True,none,stable
2023-09-24,Insulin_Glargine,Diabetes,124,12.0,1488.0,True,none,stable
2023-09-25,Insulin_Glargine,Diabetes,135,12.0,1620.0,True,none,stable
2023-09-26,Insulin_Glargine,Diabetes,189,12.0,2268.0,True,none,stable
2023-09-27,Insulin_Glargine,Diabetes,165,12.0,1980.0,True,none,stable
2023-09-28,Insulin_Glargine,Diabetes,168,12.0,2016.0,True,none,stable
2023-09-29,Insulin_Glargine,Diabetes,162,12.0,1944.0,True,none,stable
2023-09-30,Insulin_Glargine,Diabetes,122,12.0,1464.0,True,none,stable
2023-10-01,Insulin_Glargine,Diabetes,128,12.0,1536.0,True,none,stable
2023-10-02,Insulin_Glargine,Diabetes,142,12.0,1704.0,True,none,stable
2023-10-03,Insulin_Glargine,Diabetes,192,12.0,2304.0,True,none,stable
2023-10-04,Insulin_Glargine,Diabetes,147,12.0,1764.0,True,none,stable
2023-10-05,Insulin_Glargine,Diabetes,149,12.0,1788.0,True,none,stable
2023-10-06,Insulin_Glargine,Diabetes,157,12.0,1884.0,True,none,stable
2023-10-07,Insulin_Glargine,Diabetes,144,12.0,1728.0,True,none,stable
2023-10-08,Insulin_Glargine,Diabetes,130,12.0,1560.0,True,none,stable
2023-10-09,Insulin_Glargine,Diabetes,147,12.0,1764.0,True,none,stable
2023-10-10,Insulin_Glargine,Diabetes,179,12.0,2148.0,True,none,stable
2023-10-11,Insulin_Glargine,Diabetes,172,12.0,2064.0,True,none,stable
2023-10-12,Insulin_Glargine,Diabetes,170,12.0,2040.0,True,none,stable
2023-10-13,Insulin_Glargine,Diabetes,172,12.0,2064.0,True,none,stable
2023-10-14,Insulin_Glargine,Diabetes,155,12.0,1860.0,True,none,stable
2023-10-15,Insulin_Glargine,Diabetes,152,12.0,1824.0,True,none,stable
2023-10-16,Insulin_Glargine,Diabetes,154,12.0,1848.0,True,none,stable
2023-10-17,Insulin_Glargine,Diabetes,184,12.0,2208.0,True,none,stable
2023-10-18,Insulin_Glargine,Diabetes,168,12.0,2016.0,True,none,stable
2023-10-19,Insulin_Glargine,Diabetes,170,12.0,2040.0,True,none,stable
2023-10-20,Insulin_Glargine,Diabetes,141,12.0,1692.0,True,none,stable
2023-10-21,Insulin_Glargine,Diabetes,128,12.0,1536.0,True,none,stable
2023-10-22,Insulin_Glargine,Diabetes,121,12.0,1452.0,True,none,stable
2023-10-23,Insulin_Glargine,Diabetes,174,12.0,2088.0,True,none,stable
2023-10-24,Insulin_Glargine,Diabetes,177,12.0,2124.0,True,none,stable
2023-10-25,Insulin_Glargine,Diabetes,136,12.0,1632.0,True,none,stable
2023-10-26,Insulin_Glargine,Diabetes,163,12.0,1956.0,True,none,stable
2023-10-27,Insulin_Glargine,Diabetes,178,12.0,2136.0,True,none,stable
2023-10-28,Insulin_Glargine,Diabetes,128,12.0,1536.0,True,none,stable
2023-10-29,Insulin_Glargine,Diabetes,138,12.0,1656.0,True,none,stable
2023-10-30,Insulin_Glargine,Diabetes,168,12.0,2016.0,True,none,stable
2023-10-31,Insulin_Glargine,Diabetes,168,12.0,2016.0,True,none,stable
2023-11-01,Insulin_Glargine,Diabetes,160,12.0,1920.0,True,none,stable
2023-11-02,Insulin_Glargine,Diabetes,147,12.0,1764.0,True,none,stable
2023-11-03,Insulin_Glargine,Diabetes,149,12.0,1788.0,True,none,stable
2023-11-04,Insulin_Glargine,Diabetes,138,12.0,1656.0,True,none,stable
2023-11-05,Insulin_Glargine,Diabetes,131,12.0,1572.0,True,none,stable
2023-11-06,Insulin_Glargine,Diabetes,162,12.0,1944.0,True,none,stable
2023-11-07,Insulin_Glargine,Diabetes,158,12.0,1896.0,True,none,stable
2023-11-08,Insulin_Glargine,Diabetes,159,12.0,1908.0,True,none,stable
2023-11-09,Insulin_Glargine,Diabetes,177,12.0,2124.0,True,none,stable
2023-11-10,Insulin_Glargine,Diabetes,159,12.0,1908.0,True,none,stable
2023-11-11,Insulin_Glargine,Diabetes,116,12.0,1392.0,True,none,stable
2023-11-12,Insulin_Glargine,Diabetes,138,12.0,1656.0,True,none,stable
2023-11-13,Insulin_Glargine,Diabetes,161,12.0,1932.0,True,none,stable
2023-11-14,Insulin_Glargine,Diabetes,164,12.0,1968.0,True,none,stable
2023-11-15,Insulin_Glargine,Diabetes,185,12.0,2220.0,True,none,stable
2023-11-16,Insulin_Glargine,Diabetes,163,12.0,1956.0,True,none,stable
2023-11-17,Insulin_Glargine,Diabetes,167,12.0,2004.0,True,none,stable
2023-11-18,Insulin_Glargine,Diabetes,118,12.0,1416.0,True,none,stable
2023-11-19,Insulin_Glargine,Diabetes,128,12.0,1536.0,True,none,stable
2023-11-20,Insulin_Glargine,Diabetes,172,12.0,2064.0,True,none,stable
2023-11-21,Insulin_Glargine,Diabetes,143,12.0,1716.0,True,none,stable
2023-11-22,Insulin_Glargine,Diabetes,166,12.0,1992.0,True,none,stable
2023-11-23,Insulin_Glargine,Diabetes,165,12.0,1980.0,True,none,stable
2023-11-24,Insulin_Glargine,Diabetes,164,12.0,1968.0,True,none,stable
2023-11-25,Insulin_Glargine,Diabetes,141,12.0,1692.0,True,none,stable
2023-11-26,Insulin_Glargine,Diabetes,134,12.0,1608.0,True,none,stable
2023-11-27,Insulin_Glargine,Diabetes,183,12.0,2196.0,True,none,stable
2023-11-28,Insulin_Glargine,Diabetes,151,12.0,1812.0,True,none,stable
2023-11-29,Insulin_Glargine,Diabetes,166,12.0,1992.0,True,none,stable
2023-11-30,Insulin_Glargine,Diabetes,165,12.0,1980.0,True,none,stable
2023-12-01,Insulin_Glargine,Diabetes,150,12.0,1800.0,True,none,stable
2023-12-02,Insulin_Glargine,Diabetes,140,12.0,1680.0,True,none,stable
2023-12-03,Insulin_Glargine,Diabetes,155,12.0,1860.0,True,none,stable
2023-12-04,Insulin_Glargine,Diabetes,164,12.0,1968.0,True,none,stable
2023-12-05,Insulin_Glargine,Diabetes,171,12.0,2052.0,True,none,stable
2023-12-06,Insulin_Glargine,Diabetes,165,12.0,1980.0,True,none,stable
2023-12-07,Insulin_Glargine,Diabetes,155,12.0,1860.0,True,none,stable
2023-12-08,Insulin_Glargine,Diabetes,140,12.0,1680.0,True,none,stable
2023-12-09,Insulin_Glargine,Diabetes,124,12.0,1488.0,True,none,stable
2023-12-10,Insulin_Glargine,Diabetes,116,12.0,1392.0,True,none,stable
2023-12-11,Insulin_Glargine,Diabetes,187,12.0,2244.0,True,none,stable
2023-12-12,Insulin_Glargine,Diabetes,163,12.0,1956.0,True,none,stable
2023-12-13,Insulin_Glargine,Diabetes,160,12.0,1920.0,True,none,stable
2023-12-14,Insulin_Glargine,Diabetes,176,12.0,2112.0,True,none,stable
2023-12-15,Insulin_Glargine,Diabetes,149,12.0,1788.0,True,none,stable
2023-12-16,Insulin_Glargine,Diabetes,123,12.0,1476.0,True,none,stable
2023-12-17,Insulin_Glargine,Diabetes,132,12.0,1584.0,True,none,stable
2023-12-18,Insulin_Glargine,Diabetes,178,12.0,2136.0,True,none,stable
2023-12-19,Insulin_Glargine,Diabetes,171,12.0,2052.0,True,none,stable
2023-12-20,Insulin_Glargine,Diabetes,168,12.0,2016.0,True,none,stable
2023-12-21,Insulin_Glargine,Diabetes,165,12.0,1980.0,True,none,stable
2023-12-22,Insulin_Glargine,Diabetes,170,12.0,2040.0,True,none,stable
2023-12-23,Insulin_Glargine,Diabetes,133,12.0,1596.0,True,none,stable
2023-12-24,Insulin_Glargine,Diabetes,120,12.0,1440.0,True,none,stable
2023-12-25,Insulin_Glargine,Diabetes,165,12.0,1980.0,True,none,stable
2023-12-26,Insulin_Glargine,Diabetes,150,12.0,1800.0,True,none,stable
2023-12-27,Insulin_Glargine,Diabetes,165,12.0,1980.0,True,none,stable
2023-12-28,Insulin_Glargine,Diabetes,158,12.0,1896.0,True,none,stable
2023-12-29,Insulin_Glargine,Diabetes,198,12.0,2376.0,True,none,stable
2023-12-30,Insulin_Glargine,Diabetes,131,12.0,1572.0,True,none,stable
2023-12-31,Insulin_Glargine,Diabetes,116,12.0,1392.0,True,none,stable
2024-01-01,Insulin_Glargine,Diabetes,163,12.0,1956.0,True,none,stable
2024-01-02,Insulin_Glargine,Diabetes,171,12.0,2052.0,True,none,stable
2024-01-03,Insulin_Glargine,Diabetes,187,12.0,2244.0,True,none,stable
2024-01-04,Insulin_Glargine,Diabetes,157,12.0,1884.0,True,none,stable
2024-01-05,Insulin_Glargine,Diabetes,144,12.0,1728.0,True,none,stable
2024-01-06,Insulin_Glargine,Diabetes,140,12.0,1680.0,True,none,stable
2024-01-07,Insulin_Glargine,Diabetes,116,12.0,1392.0,True,none,stable
2024-01-08,Insulin_Glargine,Diabetes,159,12.0,1908.0,True,none,stable
2024-01-09,Insulin_Glargine,Diabetes,161,12.0,1932.0,True,none,stable
2024-01-10,Insulin_Glargine,Diabetes,164,12.0,1968.0,True,none,stable
2024-01-11,Insulin_Glargine,Diabetes,174,12.0,2088.0,True,none,stable
2024-01-12,Insulin_Glargine,Diabetes,156,12.0,1872.0,True,none,stable
2024-01-13,Insulin_Glargine,Diabetes,128,12.0,1536.0,True,none,stable
2024-01-14,Insulin_Glargine,Diabetes,132,12.0,1584.0,True,none,stable
2024-01-15,Insulin_Glargine,Diabetes,167,12.0,2004.0,True,none,stable
2024-01-16,Insulin_Glargine,Diabetes,166,12.0,1992.0,True,none,stable
2024-01-17,Insulin_Glargine,Diabetes,171,12.0,2052.0,True,none,stable
2024-01-18,Insulin_Glargine,Diabetes,176,12.0,2112.0,True,none,stable
2024-01-19,Insulin_Glargine,Diabetes,170,12.0,2040.0,True,none,stable
2024-01-20,Insulin_Glargine,Diabetes,136,12.0,1632.0,True,none,stable
2024-01-21,Insulin_Glargine,Diabetes,115,12.0,1380.0,True,none,stable
2024-01-22,Insulin_Glargine,Diabetes,166,12.0,1992.0,True,none,stable
2024-01-23,Insulin_Glargine,Diabetes,171,12.0,2052.0,True,none,stable
2024-01-24,Insulin_Glargine,Diabetes,175,12.0,2100.0,True,none,stable
2024-01-25,Insulin_Glargine,Diabetes,156,12.0,1872.0,True,none,stable
2024-01-26,Insulin_Glargine,Diabetes,156,12.0,1872.0,True,none,stable
2024-01-27,Insulin_Glargine,Diabetes,125,12.0,1500.0,True,none,stable
2024-01-28,Insulin_Glargine,Diabetes,137,12.0,1644.0,True,none,stable
2024-01-29,Insulin_Glargine,Diabetes,179,12.0,2148.0,True,none,stable
2024-01-30,Insulin_Glargine,Diabetes,160,12.0,1920.0,True,none,stable
2024-01-31,Insulin_Glargine,Diabetes,177,12.0,2124.0,True,none,stable
2024-02-01,Insulin_Glargine,Diabetes,167,12.0,2004.0,True,none,stable
2024-02-02,Insulin_Glargine,Diabetes,164,12.0,1968.0,True,none,stable
2024-02-03,Insulin_Glargine,Diabetes,129,12.0,1548.0,True,none,stable
2024-02-04,Insulin_Glargine,Diabetes,140,12.0,1680.0,True,none,stable
2024-02-05,Insulin_Glargine,Diabetes,170,12.0,2040.0,True,none,stable
2024-02-06,Insulin_Glargine,Diabetes,195,12.0,2340.0,True,none,stable
2024-02-07,Insulin_Glargine,Diabetes,154,12.0,1848.0,True,none,stable
2024-02-08,Insulin_Glargine,Diabetes,172,12.0,2064.0,True,none,stable
2024-02-09,Insulin_Glargine,Diabetes,158,12.0,1896.0,True,none,stable
2024-02-10,Insulin_Glargine,Diabetes,123,12.0,1476.0,True,none,stable
2024-02-11,Insulin_Glargine,Diabetes,132,12.0,1584.0,True,none,stable
2024-02-12,Insulin_Glargine,Diabetes,167,12.0,2004.0,True,none,stable
2024-02-13,Insulin_Glargine,Diabetes,204,12.0,2448.0,True,none,stable
2024-02-14,Insulin_Glargine,Diabetes,163,12.0,1956.0,True,none,stable
2024-02-15,Insulin_Glargine,Diabetes,150,12.0,1800.0,True,none,stable
2024-02-16,Insulin_Glargine,Diabetes,169,12.0,2028.0,True,none,stable
2024-02-17,Insulin_Glargine,Diabetes,110,12.0,1320.0,True,none,stable
2024-02-18,Insulin_Glargine,Diabetes,131,12.0,1572.0,True,none,stable
2024-02-19,Insulin_Glargine,Diabetes,166,12.0,1992.0,True,none,stable
2024-02-20,Insulin_Glargine,Diabetes,176,12.0,2112.0,True,none,stable
2024-02-21,Insulin_Glargine,Diabetes,178,12.0,2136.0,True,none,stable
2024-02-22,Insulin_Glargine,Diabetes,159,12.0,1908.0,True,none,stable
2024-02-23,Insulin_Glargine,Diabetes,164,12.0,1968.0,True,none,stable
2024-02-24,Insulin_Glargine,Diabetes,124,12.0,1488.0,True,none,stable
2024-02-25,Insulin_Glargine,Diabetes,120,12.0,1440.0,True,none,stable
2024-02-26,Insulin_Glargine,Diabetes,170,12.0,2040.0,True,none,stable
2024-02-27,Insulin_Glargine,Diabetes,149,12.0,1788.0,True,none,stable
2024-02-28,Insulin_Glargine,Diabetes,160,12.0,1920.0,True,none,stable
2024-02-29,Insulin_Glargine,Diabetes,152,12.0,1824.0,True,none,stable
2024-03-01,Insulin_Glargine,Diabetes,173,12.0,2076.0,True,none,stable
2024-03-02,Insulin_Glargine,Diabetes,152,12.0,1824.0,True,none,stable
2024-03-03,Insulin_Glargine,Diabetes,118,12.0,1416.0,True,none,stable
2024-03-04,Insulin_Glargine,Diabetes,141,12.0,1692.0,True,none,stable
2024-03-05,Insulin_Glargine,Diabetes,164,12.0,1968.0,True,none,stable
2024-03-06,Insulin_Glargine,Diabetes,166,12.0,1992.0,True,none,stable
2024-03-07,Insulin_Glargine,Diabetes,169,12.0,2028.0,True,none,stable
2024-03-08,Insulin_Glargine,Diabetes,160,12.0,1920.0,True,none,stable
2024-03-09,Insulin_Glargine,Diabetes,130,12.0,1560.0,True,none,stable
2024-03-10,Insulin_Glargine,Diabetes,136,12.0,1632.0,True,none,stable
2024-03-11,Insulin_Glargine,Diabetes,180,12.0,2160.0,True,none,stable
2024-03-12,Insulin_Glargine,Diabetes,140,12.0,1680.0,True,none,stable
2024-03-13,Insulin_Glargine,Diabetes,161,12.0,1932.0,True,none,stable
2024-03-14,Insulin_Glargine,Diabetes,169,12.0,2028.0,True,none,stable
2024-03-15,Insulin_Glargine,Diabetes,154,12.0,1848.0,True,none,stable
2024-03-16,Insulin_Glargine,Diabetes,151,12.0,1812.0,True,none,stable
2024-03-17,Insulin_Glargine,Diabetes,126,12.0,1512.0,True,none,stable
2024-03-18,Insulin_Glargine,Diabetes,166,12.0,1992.0,True,none,stable
2024-03-19,Insulin_Glargine,Diabetes,174,12.0,2088.0,True,none,stable
2024-03-20,Insulin_Glargine,Diabetes,158,12.0,1896.0,True,none,stable
2024-03-21,Insulin_Glargine,Diabetes,142,12.0,1704.0,True,none,stable
2024-03-22,Insulin_Glargine,Diabetes,160,12.0,1920.0,True,none,stable
2024-03-23,Insulin_Glargine,Diabetes,144,12.0,1728.0,True,none,stable
2024-03-24,Insulin_Glargine,Diabetes,129,12.0,1548.0,True,none,stable
2024-03-25,Insulin_Glargine,Diabetes,155,12.0,1860.0,True,none,stable
2024-03-26,Insulin_Glargine,Diabetes,179,12.0,2148.0,True,none,stable
2024-03-27,Insulin_Glargine,Diabetes,162,12.0,1944.0,True,none,stable
2024-03-28,Insulin_Glargine,Diabetes,159,12.0,1908.0,True,none,stable
2024-03-29,Insulin_Glargine,Diabetes,168,12.0,2016.0,True,none,stable
2024-03-30,Insulin_Glargine,Diabetes,141,12.0,1692.0,True,none,stable
2024-03-31,Insulin_Glargine,Diabetes,158,12.0,1896.0,True,none,stable
2024-04-01,Insulin_Glargine,Diabetes,177,12.0,2124.0,True,none,stable
2024-04-02,Insulin_Glargine,Diabetes,182,12.0,2184.0,True,none,stable
2024-04-03,Insulin_Glargine,Diabetes,160,12.0,1920.0,True,none,stable
2024-04-04,Insulin_Glargine,Diabetes,153,12.0,1836.0,True,none,stable
2024-04-05,Insulin_Glargine,Diabetes,167,12.0,2004.0,True,none,stable
2024-04-06,Insulin_Glargine,Diabetes,134,12.0,1608.0,True,none,stable
2024-04-07,Insulin_Glargine,Diabetes,121,12.0,1452.0,True,none,stable
2024-04-08,Insulin_Glargine,Diabetes,164,12.0,1968.0,True,none,stable
2024-04-09,Insulin_Glargine,Diabetes,172,12.0,2064.0,True,none,stable
2024-04-10,Insulin_Glargine,Diabetes,171,12.0,2052.0,True,none,stable
2024-04-11,Insulin_Glargine,Diabetes,173,12.0,2076.0,True,none,stable
2024-04-12,Insulin_Glargine,Diabetes,170,12.0,2040.0,True,none,stable
2024-04-13,Insulin_Glargine,Diabetes,128,12.0,1536.0,True,none,stable
2024-04-14,Insulin_Glargine,Diabetes,128,12.0,1536.0,True,none,stable
2024-04-15,Insulin_Glargine,Diabetes,151,12.0,1812.0,True,none,stable
2024-04-16,Insulin_Glargine,Diabetes,191,12.0,2292.0,True,none,stable
2024-04-17,Insulin_Glargine,Diabetes,167,12.0,2004.0,True,none,stable
2024-04-18,Insulin_Glargine,Diabetes,164,12.0,1968.0,True,none,stable
2024-04-19,Insulin_Glargine,Diabetes,154,12.0,1848.0,True,none,stable
2024-04-20,Insulin_Glargine,Diabetes,164,12.0,1968.0,True,none,stable
2024-04-21,Insulin_Glargine,Diabetes,121,12.0,1452.0,True,none,stable
2024-04-22,Insulin_Glargine,Diabetes,161,12.0,1932.0,True,none,stable
2024-04-23,Insulin_Glargine,Diabetes,172,12.0,2064.0,True,none,stable
2024-04-24,Insulin_Glargine,Diabetes,175,12.0,2100.0,True,none,stable
2024-04-25,Insulin_Glargine,Diabetes,180,12.0,2160.0,True,none,stable
2024-04-26,Insulin_Glargine,Diabetes,191,12.0,2292.0,True,none,stable
2024-04-27,Insulin_Glargine,Diabetes,139,12.0,1668.0,True,none,stable
2024-04-28,Insulin_Glargine,Diabetes,122,12.0,1464.0,True,none,stable
2024-04-29,Insulin_Glargine,Diabetes,164,12.0,1968.0,True,none,stable
2024-04-30,Insulin_Glargine,Diabetes,171,12.0,2052.0,True,none,stable
2024-05-01,Insulin_Glargine,Diabetes,195,12.0,2340.0,True,none,stable
2024-05-02,Insulin_Glargine,Diabetes,148,12.0,1776.0,True,none,stable
2024-05-03,Insulin_Glargine,Diabetes,183,12.0,2196.0,True,none,stable
2024-05-04,Insulin_Glargine,Diabetes,135,12.0,1620.0,True,none,stable
2024-05-05,Insulin_Glargine,Diabetes,142,12.0,1704.0,True,none,stable
2024-05-06,Insulin_Glargine,Diabetes,166,12.0,1992.0,True,none,stable
2024-05-07,Insulin_Glargine,Diabetes,156,12.0,1872.0,True,none,stable
2024-05-08,Insulin_Glargine,Diabetes,177,12.0,2124.0,True,none,stable
2024-05-09,Insulin_Glargine,Diabetes,176,12.0,2112.0,True,none,stable
2024-05-10,Insulin_Glargine,Diabetes,180,12.0,2160.0,True,none,stable
2024-05-11,Insulin_Glargine,Diabetes,133,12.0,1596.0,True,none,stable
2024-05-12,Insulin_Glargine,Diabetes,127,12.0,1524.0,True,none,stable
2024-05-13,Insulin_Glargine,Diabetes,146,12.0,1752.0,True,none,stable
2024-05-14,Insulin_Glargine,Diabetes,178,12.0,2136.0,True,none,stable
2024-05-15,Insulin_Glargine,Diabetes,173,12.0,2076.0,True,none,stable
2024-05-16,Insulin_Glargine,Diabetes,154,12.0,1848.0,True,none,stable
2024-05-17,Insulin_Glargine,Diabetes,160,12.0,1920.0,True,none,stable
2024-05-18,Insulin_Glargine,Diabetes,128,12.0,1536.0,True,none,stable
2024-05-19,Insulin_Glargine,Diabetes,117,12.0,1404.0,True,none,stable
2024-05-20,Insulin_Glargine,Diabetes,156,12.0,1872.0,True,none,stable
2024-05-21,Insulin_Glargine,Diabetes,152,12.0,1824.0,True,none,stable
2024-05-22,Insulin_Glargine,Diabetes,162,12.0,1944.0,True,none,stable
2024-05-23,Insulin_Glargine,Diabetes,158,12.0,1896.0,True,none,stable
2024-05-24,Insulin_Glargine,Diabetes,146,12.0,1752.0,True,none,stable
2024-05-25,Insulin_Glargine,Diabetes,156,12.0,1872.0,True,none,stable
2024-05-26,Insulin_Glargine,Diabetes,147,12.0,1764.0,True,none,stable
2024-05-27,Insulin_Glargine,Diabetes,157,12.0,1884.0,True,none,stable
2024-05-28,Insulin_Glargine,Diabetes,171,12.0,2052.0,True,none,stable
2024-05-29,Insulin_Glargine,Diabetes,173,12.0,2076.0,True,none,stable
2024-05-30,Insulin_Glargine,Diabetes,184,12.0,2208.0,True,none,stable
2024-05-31,Insulin_Glargine,Diabetes,157,12.0,1884.0,True,none,stable
2024-06-01,Insulin_Glargine,Diabetes,145,12.0,1740.0,True,none,stable
2024-06-02,Insulin_Glargine,Diabetes,128,12.0,1536.0,True,none,stable
2024-06-03,Insulin_Glargine,Diabetes,150,12.0,1800.0,True,none,stable
2024-06-04,Insulin_Glargine,Diabetes,177,12.0,2124.0,True,none,stable
2024-06-05,Insulin_Glargine,Diabetes,185,12.0,2220.0,True,none,stable
2024-06-06,Insulin_Glargine,Diabetes,203,12.0,2436.0,True,none,stable
2024-06-07,Insulin_Glargine,Diabetes,152,12.0,1824.0,True,none,stable
2024-06-08,Insulin_Glargine,Diabetes,141,12.0,1692.0,True,none,stable
2024-06-09,Insulin_Glargine,Diabetes,129,12.0,1548.0,True,none,stable
2024-06-10,Insulin_Glargine,Diabetes,178,12.0,2136.0,True,none,stable
2024-06-11,Insulin_Glargine,Diabetes,148,12.0,1776.0,True,none,stable
2024-06-12,Insulin_Glargine,Diabetes,151,12.0,1812.0,True,none,stable
2024-06-13,Insulin_Glargine,Diabetes,157,12.0,1884.0,True,none,stable
2024-06-14,Insulin_Glargine,Diabetes,169,12.0,2028.0,True,none,stable
2024-06-15,Insulin_Glargine,Diabetes,127,12.0,1524.0,True,none,stable
2024-06-16,Insulin_Glargine,Diabetes,141,12.0,1692.0,True,none,stable
2024-06-17,Insulin_Glargine,Diabetes,182,12.0,2184.0,True,none,stable
2024-06-18,Insulin_Glargine,Diabetes,176,12.0,2112.0,True,none,stable
2024-06-19,Insulin_Glargine,Diabetes,190,12.0,2280.0,True,none,stable
2024-06-20,Insulin_Glargine,Diabetes,174,12.0,2088.0,True,none,stable
2024-06-21,Insulin_Glargine,Diabetes,152,12.0,1824.0,True,none,stable
2024-06-22,Insulin_Glargine,Diabetes,148,12.0,1776.0,True,none,stable
2024-06-23,Insulin_Glargine,Diabetes,128,12.0,1536.0,True,none,stable
2024-06-24,Insulin_Glargine,Diabetes,180,12.0,2160.0,True,none,stable
2024-06-25,Insulin_Glargine,Diabetes,189,12.0,2268.0,True,none,stable
2024-06-26,Insulin_Glargine,Diabetes,174,12.0,2088.0,True,none,stable
2024-06-27,Insulin_Glargine,Diabetes,148,12.0,1776.0,True,none,stable
2024-06-28,Insulin_Glargine,Diabetes,156,12.0,1872.0,True,none,stable
2024-06-29,Insulin_Glargine,Diabetes,148,12.0,1776.0,True,none,stable
2024-06-30,Insulin_Glargine,Diabetes,132,12.0,1584.0,True,none,stable
2024-07-01,Insulin_Glargine,Diabetes,169,12.0,2028.0,True,none,stable
2024-07-02,Insulin_Glargine,Diabetes,179,12.0,2148.0,True,none,stable
2024-07-03,Insulin_Glargine,Diabetes,178,12.0,2136.0,True,none,stable
2024-07-04,Insulin_Glargine,Diabetes,172,12.0,2064.0,True,none,stable
2024-07-05,Insulin_Glargine,Diabetes,166,12.0,1992.0,True,none,stable
2024-07-06,Insulin_Glargine,Diabetes,131,12.0,1572.0,True,none,stable
2024-07-07,Insulin_Glargine,Diabetes,144,12.0,1728.0,True,none,stable
2024-07-08,Insulin_Glargine,Diabetes,176,12.0,2112.0,True,none,stable
2024-07-09,Insulin_Glargine,Diabetes,165,12.0,1980.0,True,none,stable
2024-07-10,Insulin_Glargine,Diabetes,183,12.0,2196.0,True,none,stable
2024-07-11,Insulin_Glargine,Diabetes,167,12.0,2004.0,True,none,stable
2024-07-12,Insulin_Glargine,Diabetes,157,12.0,1884.0,True,none,stable
2024-07-13,Insulin_Glargine,Diabetes,126,12.0,1512.0,True,none,stable
2024-07-14,Insulin_Glargine,Diabetes,124,12.0,1488.0,True,none,stable
2024-07-15,Insulin_Glargine,Diabetes,165,12.0,1980.0,True,none,stable
2024-07-16,Insulin_Glargine,Diabetes,185,12.0,2220.0,True,none,stable
2024-07-17,Insulin_Glargine,Diabetes,158,12.0,1896.0,True,none,stable
2024-07-18,Insulin_Glargine,Diabetes,171,12.0,2052.0,True,none,stable
2024-07-19,Insulin_Glargine,Diabetes,160,12.0,1920.0,True,none,stable
2024-07-20,Insulin_Glargine,Diabetes,132,12.0,1584.0,True,none,stable
2024-07-21,Insulin_Glargine,Diabetes,118,12.0,1416.0,True,none,stable
2024-07-22,Insulin_Glargine,Diabetes,166,12.0,1992.0,True,none,stable
2024-07-23,Insulin_Glargine,Diabetes,166,12.0,1992.0,True,none,stable
2024-07-24,Insulin_Glargine,Diabetes,176,12.0,2112.0,True,none,stable
2024-07-25,Insulin_Glargine,Diabetes,172,12.0,2064.0,True,none,stable
2024-07-26,Insulin_Glargine,Diabetes,153,12.0,1836.0,True,none,stable
2024-07-27,Insulin_Glargine,Diabetes,146,12.0,1752.0,True,none,stable
2024-07-28,Insulin_Glargine,Diabetes,137,12.0,1644.0,True,none,stable
2024-07-29,Insulin_Glargine,Diabetes,172,12.0,2064.0,True,none,stable
2024-07-30,Insulin_Glargine,Diabetes,169,12.0,2028.0,True,none,stable
2024-07-31,Insulin_Glargine,Diabetes,162,12.0,1944.0,True,none,stable
2024-08-01,Insulin_Glargine,Diabetes,172,12.0,2064.0,True,none,stable
2024-08-02,Insulin_Glargine,Diabetes,175,12.0,2100.0,True,none,stable
2024-08-03,Insulin_Glargine,Diabetes,116,12.0,1392.0,True,none,stable
2024-08-04,Insulin_Glargine,Diabetes,129,12.0,1548.0,True,none,stable
2024-08-05,Insulin_Glargine,Diabetes,166,12.0,1992.0,True,none,stable
2024-08-06,Insulin_Glargine,Diabetes,172,12.0,2064.0,True,none,stable
2024-08-07,Insulin_Glargine,Diabetes,185,12.0,2220.0,True,none,stable
2024-08-08,Insulin_Glargine,Diabetes,159,12.0,1908.0,True,none,stable
2024-08-09,Insulin_Glargine,Diabetes,162,12.0,1944.0,True,none,stable
2024-08-10,Insulin_Glargine,Diabetes,129,12.0,1548.0,True,none,stable
2024-08-11,Insulin_Glargine,Diabetes,126,12.0,1512.0,True,none,stable
2024-08-12,Insulin_Glargine,Diabetes,164,12.0,1968.0,True,none,stable
2024-08-13,Insulin_Glargine,Diabetes,180,12.0,2160.0,True,none,stable
2024-08-14,Insulin_Glargine,Diabetes,155,12.0,1860.0,True,none,stable
2024-08-15,Insulin_Glargine,Diabetes,175,12.0,2100.0,True,none,stable
2024-08-16,Insulin_Glargine,Diabetes,146,12.0,1752.0,True,none,stable
2024-08-17,Insulin_Glargine,Diabetes,129,12.0,1548.0,True,none,stable
2024-08-18,Insulin_Glargine,Diabetes,132,12.0,1584.0,True,none,stable
2024-08-19,Insulin_Glargine,Diabetes,192,12.0,2304.0,True,none,stable
2024-08-20,Insulin_Glargine,Diabetes,166,12.0,1992.0,True,none,stable
2024-08-21,Insulin_Glargine,Diabetes,139,12.0,1668.0,True,none,stable
2024-08-22,Insulin_Glargine,Diabetes,142,12.0,1704.0,True,none,stable
2024-08-23,Insulin_Glargine,Diabetes,170,12.0,2040.0,True,none,stable
2024-08-24,Insulin_Glargine,Diabetes,142,12.0,1704.0,True,none,stable
2024-08-25,Insulin_Glargine,Diabetes,139,12.0,1668.0,True,none,stable
2024-08-26,Insulin_Glargine,Diabetes,172,12.0,2064.0,True,none,stable
2024-08-27,Insulin_Glargine,Diabetes,185,12.0,2220.0,True,none,stable
2024-08-28,Insulin_Glargine,Diabetes,162,12.0,1944.0,True,none,stable
2024-08-29,Insulin_Glargine,Diabetes,182,12.0,2184.0,True,none,stable
2024-08-30,Insulin_Glargine,Diabetes,147,12.0,1764.0,True,none,stable
2024-08-31,Insulin_Glargine,Diabetes,125,12.0,1500.0,True,none,stable
2024-09-01,Insulin_Glargine,Diabetes,116,12.0,1392.0,True,none,stable
2024-09-02,Insulin_Glargine,Diabetes,166,12.0,1992.0,True,none,stable
2024-09-03,Insulin_Glargine,Diabetes,169,12.0,2028.0,True,none,stable
2024-09-04,Insulin_Glargine,Diabetes,171,12.0,2052.0,True,none,stable
2024-09-05,Insulin_Glargine,Diabetes,170,12.0,2040.0,True,none,stable
2024-09-06,Insulin_Glargine,Diabetes,157,12.0,1884.0,True,none,stable
2024-09-07,Insulin_Glargine,Diabetes,133,12.0,1596.0,True,none,stable
2024-09-08,Insulin_Glargine,Diabetes,119,12.0,1428.0,True,none,stable
2024-09-09,Insulin_Glargine,Diabetes,188,12.0,2256.0,True,none,stable
2024-09-10,Insulin_Glargine,Diabetes,166,12.0,1992.0,True,none,stable
2024-09-11,Insulin_Glargine,Diabetes,163,12.0,1956.0,True,none,stable
2024-09-12,Insulin_Glargine,Diabetes,191,12.0,2292.0,True,none,stable
2024-09-13,Insulin_Glargine,Diabetes,153,12.0,1836.0,True,none,stable
2024-09-14,Insulin_Glargine,Diabetes,123,12.0,1476.0,True,none,stable
2024-09-15,Insulin_Glargine,Diabetes,124,12.0,1488.0,True,none,stable
2024-09-16,Insulin_Glargine,Diabetes,169,12.0,2028.0,True,none,stable
2024-09-17,Insulin_Glargine,Diabetes,176,12.0,2112.0,True,none,stable
2024-09-18,Insulin_Glargine,Diabetes,180,12.0,2160.0,True,none,stable
2024-09-19,Insulin_Glargine,Diabetes,205,12.0,2460.0,True,none,stable
2024-09-20,Insulin_Glargine,Diabetes,139,12.0,1668.0,True,none,stable
2024-09-21,Insulin_Glargine,Diabetes,142,12.0,1704.0,True,none,stable
2024-09-22,Insulin_Glargine,Diabetes,129,12.0,1548.0,True,none,stable
2024-09-23,Insulin_Glargine,Diabetes,162,12.0,1944.0,True,none,stable
2024-09-24,Insulin_Glargine,Diabetes,162,12.0,1944.0,True,none,stable
2024-09-25,Insulin_Glargine,Diabetes,158,12.0,1896.0,True,none,stable
2024-09-26,Insulin_Glargine,Diabetes,193,12.0,2316.0,True,none,stable
2024-09-27,Insulin_Glargine,Diabetes,182,12.0,2184.0,True,none,stable
2024-09-28,Insulin_Glargine,Diabetes,136,12.0,1632.0,True,none,stable
2024-09-29,Insulin_Glargine,Diabetes,151,12.0,1812.0,True,none,stable
2024-09-30,Insulin_Glargine,Diabetes,149,12.0,1788.0,True,none,stable
2024-10-01,Insulin_Glargine,Diabetes,152,12.0,1824.0,True,none,stable
2024-10-02,Insulin_Glargine,Diabetes,140,12.0,1680.0,True,none,stable
2024-10-03,Insulin_Glargine,Diabetes,161,12.0,1932.0,True,none,stable
2024-10-04,Insulin_Glargine,Diabetes,172,12.0,2064.0,True,none,stable
2024-10-05,Insulin_Glargine,Diabetes,137,12.0,1644.0,True,none,stable
2024-10-06,Insulin_Glargine,Diabetes,137,12.0,1644.0,True,none,stable
2024-10-07,Insulin_Glargine,Diabetes,151,12.0,1812.0,True,none,stable
2024-10-08,Insulin_Glargine,Diabetes,181,12.0,2172.0,True,none,stable
2024-10-09,Insulin_Glargine,Diabetes,174,12.0,2088.0,True,none,stable
2024-10-10,Insulin_Glargine,Diabetes,180,12.0,2160.0,True,none,stable
2024-10-11,Insulin_Glargine,Diabetes,144,12.0,1728.0,True,none,stable
2024-10-12,Insulin_Glargine,Diabetes,140,12.0,1680.0,True,none,stable
2024-10-13,Insulin_Glargine,Diabetes,123,12.0,1476.0,True,none,stable
2024-10-14,Insulin_Glargine,Diabetes,165,12.0,1980.0,True,none,stable
2024-10-15,Insulin_Glargine,Diabetes,178,12.0,2136.0,True,none,stable
2024-10-16,Insulin_Glargine,Diabetes,172,12.0,2064.0,True,none,stable
2024-10-17,Insulin_Glargine,Diabetes,159,12.0,1908.0,True,none,stable
2024-10-18,Insulin_Glargine,Diabetes,171,12.0,2052.0,True,none,stable
2024-10-19,Insulin_Glargine,Diabetes,120,12.0,1440.0,True,none,stable
2024-10-20,Insulin_Glargine,Diabetes,148,12.0,1776.0,True,none,stable
2024-10-21,Insulin_Glargine,Diabetes,168,12.0,2016.0,True,none,stable
2024-10-22,Insulin_Glargine,Diabetes,186,12.0,2232.0,True,none,stable
2024-10-23,Insulin_Glargine,Diabetes,163,12.0,1956.0,True,none,stable
2024-10-24,Insulin_Glargine,Diabetes,163,12.0,1956.0,True,none,stable
2024-10-25,Insulin_Glargine,Diabetes,160,12.0,1920.0,True,none,stable
2024-10-26,Insulin_Glargine,Diabetes,146,12.0,1752.0,True,none,stable
2024-10-27,Insulin_Glargine,Diabetes,128,12.0,1536.0,True,none,stable
2024-10-28,Insulin_Glargine,Diabetes,180,12.0,2160.0,True,none,stable
2024-10-29,Insulin_Glargine,Diabetes,165,12.0,1980.0,True,none,stable
2024-10-30,Insulin_Glargine,Diabetes,144,12.0,1728.0,True,none,stable
2024-10-31,Insulin_Glargine,Diabetes,163,12.0,1956.0,True,none,stable
2024-11-01,Insulin_Glargine,Diabetes,192,12.0,2304.0,True,flu_outbreak,stable
2024-11-02,Insulin_Glargine,Diabetes,169,12.0,2028.0,True,flu_outbreak,stable
2024-11-03,Insulin_Glargine,Diabetes,153,12.0,1836.0,True,flu_outbreak,stable
2024-11-04,Insulin_Glargine,Diabetes,228,12.0,2736.0,True,flu_outbreak,stable
2024-11-05,Insulin_Glargine,Diabetes,210,12.0,2520.0,True,flu_outbreak,stable
2024-11-06,Insulin_Glargine,Diabetes,209,12.0,2508.0,True,flu_outbreak,stable
2024-11-07,Insulin_Glargine,Diabetes,223,12.0,2676.0,True,flu_outbreak,stable
2024-11-08,Insulin_Glargine,Diabetes,228,12.0,2736.0,True,flu_outbreak,stable
2024-11-09,Insulin_Glargine,Diabetes,169,12.0,2028.0,True,flu_outbreak,stable
2024-11-10,Insulin_Glargine,Diabetes,159,12.0,1908.0,True,flu_outbreak,stable
2024-11-11,Insulin_Glargine,Diabetes,182,12.0,2184.0,True,flu_outbreak,stable
2024-11-12,Insulin_Glargine,Diabetes,200,12.0,2400.0,True,flu_outbreak,stable
2024-11-13,Insulin_Glargine,Diabetes,202,12.0,2424.0,True,flu_outbreak,stable
2024-11-14,Insulin_Glargine,Diabetes,214,12.0,2568.0,True,flu_outbreak,stable
2024-11-15,Insulin_Glargine,Diabetes,206,12.0,2472.0,True,flu_outbreak,stable
2024-11-16,Insulin_Glargine,Diabetes,179,12.0,2148.0,True,flu_outbreak,stable
2024-11-17,Insulin_Glargine,Diabetes,161,12.0,1932.0,True,flu_outbreak,stable
2024-11-18,Insulin_Glargine,Diabetes,211,12.0,2532.0,True,flu_outbreak,stable
2024-11-19,Insulin_Glargine,Diabetes,232,12.0,2784.0,True,flu_outbreak,stable
2024-11-20,Insulin_Glargine,Diabetes,218,12.0,2616.0,True,flu_outbreak,stable
2024-11-21,Insulin_Glargine,Diabetes,211,12.0,2532.0,True,flu_outbreak,stable
2024-11-22,Insulin_Glargine,Diabetes,202,12.0,2424.0,True,flu_outbreak,stable
2024-11-23,Insulin_Glargine,Diabetes,161,12.0,1932.0,True,flu_outbreak,stable
2024-11-24,Insulin_Glargine,Diabetes,158,12.0,1896.0,True,flu_outbreak,stable
2024-11-25,Insulin_Glargine,Diabetes,203,12.0,2436.0,True,flu_outbreak,stable
2024-11-26,Insulin_Glargine,Diabetes,225,12.0,2700.0,True,flu_outbreak,stable
2024-11-27,Insulin_Glargine,Diabetes,209,12.0,2508.0,True,flu_outbreak,stable
2024-11-28,Insulin_Glargine,Diabetes,190,12.0,2280.0,True,flu_outbreak,stable
2024-11-29,Insulin_Glargine,Diabetes,243,12.0,2916.0,True,flu_outbreak,stable
2024-11-30,Insulin_Glargine,Diabetes,174,12.0,2088.0,True,flu_outbreak,stable
2024-12-01,Insulin_Glargine,Diabetes,151,12.0,1812.0,True,flu_outbreak,stable
2024-12-02,Insulin_Glargine,Diabetes,205,12.0,2460.0,True,flu_outbreak,stable
2024-12-03,Insulin_Glargine,Diabetes,215,12.0,2580.0,True,flu_outbreak,stable
2024-12-04,Insulin_Glargine,Diabetes,242,12.0,2904.0,True,flu_outbreak,stable
2024-12-05,Insulin_Glargine,Diabetes,194,12.0,2328.0,True,flu_outbreak,stable
2024-12-06,Insulin_Glargine,Diabetes,229,12.0,2748.0,True,flu_outbreak,stable
2024-12-07,Insulin_Glargine,Diabetes,189,12.0,2268.0,True,flu_outbreak,stable
2024-12-08,Insulin_Glargine,Diabetes,161,12.0,1932.0,True,flu_outbreak,stable
2024-12-09,Insulin_Glargine,Diabetes,208,12.0,2496.0,True,flu_outbreak,stable
2024-12-10,Insulin_Glargine,Diabetes,195,12.0,2340.0,True,flu_outbreak,stable
2024-12-11,Insulin_Glargine,Diabetes,209,12.0,2508.0,True,flu_outbreak,stable
2024-12-12,Insulin_Glargine,Diabetes,212,12.0,2544.0,True,flu_outbreak,stable
2024-12-13,Insulin_Glargine,Diabetes,224,12.0,2688.0,True,flu_outbreak,stable
2024-12-14,Insulin_Glargine,Diabetes,185,12.0,2220.0,True,flu_outbreak,stable
2024-12-15,Insulin_Glargine,Diabetes,160,12.0,1920.0,True,flu_outbreak,stable
2024-12-16,Insulin_Glargine,Diabetes,179,12.0,2148.0,True,flu_outbreak,stable
2024-12-17,Insulin_Glargine,Diabetes,213,12.0,2556.0,True,flu_outbreak,stable
2024-12-18,Insulin_Glargine,Diabetes,218,12.0,2616.0,True,flu_outbreak,stable
2024-12-19,Insulin_Glargine,Diabetes,217,12.0,2604.0,True,flu_outbreak,stable
2024-12-20,Insulin_Glargine,Diabetes,208,12.0,2496.0,True,flu_outbreak,stable
2024-12-21,Insulin_Glargine,Diabetes,172,12.0,2064.0,True,flu_outbreak,stable
2024-12-22,Insulin_Glargine,Diabetes,191,12.0,2292.0,True,flu_outbreak,stable
2024-12-23,Insulin_Glargine,Diabetes,220,12.0,2640.0,True,flu_outbreak,stable
2024-12-24,Insulin_Glargine,Diabetes,207,12.0,2484.0,True,flu_outbreak,stable
2024-12-25,Insulin_Glargine,Diabetes,205,12.0,2460.0,True,flu_outbreak,stable
2024-12-26,Insulin_Glargine,Diabetes,210,12.0,2520.0,True,flu_outbreak,stable
2024-12-27,Insulin_Glargine,Diabetes,241,12.0,2892.0,True,flu_outbreak,stable
2024-12-28,Insulin_Glargine,Diabetes,168,12.0,2016.0,True,flu_outbreak,stable
2024-12-29,Insulin_Glargine,Diabetes,170,12.0,2040.0,True,flu_outbreak,stable
2024-12-30,Insulin_Glargine,Diabetes,205,12.0,2460.0,True,flu_outbreak,stable
2024-12-31,Insulin_Glargine,Diabetes,232,12.0,2784.0,True,flu_outbreak,stable
2022-01-01,Ibuprofen_400mg,OTC,2914,0.08,233.12,False,covid_wave,winter_peak
2022-01-02,Ibuprofen_400mg,OTC,2611,0.08,208.88,False,covid_wave,winter_peak
2022-01-03,Ibuprofen_400mg,OTC,3171,0.08,253.68,False,covid_wave,winter_peak
2022-01-04,Ibuprofen_400mg,OTC,3160,0.08,252.8,False,covid_wave,winter_peak
2022-01-05,Ibuprofen_400mg,OTC,2550,0.08,204.0,False,covid_wave,winter_peak
2022-01-06,Ibuprofen_400mg,OTC,3340,0.08,267.2,False,covid_wave,winter_peak
2022-01-07,Ibuprofen_400mg,OTC,3186,0.08,254.88,False,covid_wave,winter_peak
2022-01-08,Ibuprofen_400mg,OTC,2608,0.08,208.64,False,covid_wave,winter_peak
2022-01-09,Ibuprofen_400mg,OTC,2378,0.08,190.24,False,covid_wave,winter_peak
2022-01-10,Ibuprofen_400mg,OTC,3056,0.08,244.48,False,covid_wave,winter_peak
2022-01-11,Ibuprofen_400mg,OTC,3050,0.08,244.0,False,covid_wave,winter_peak
2022-01-12,Ibuprofen_400mg,OTC,3412,0.08,272.96,False,covid_wave,winter_peak
2022-01-13,Ibuprofen_400mg,OTC,3059,0.08,244.72,False,covid_wave,winter_peak
2022-01-14,Ibuprofen_400mg,OTC,3681,0.08,294.48,False,covid_wave,winter_peak
2022-01-15,Ibuprofen_400mg,OTC,2611,0.08,208.88,False,covid_wave,winter_peak
2022-01-16,Ibuprofen_400mg,OTC,2267,0.08,181.36,False,covid_wave,winter_peak
2022-01-17,Ibuprofen_400mg,OTC,3124,0.08,249.92,False,covid_wave,winter_peak
2022-01-18,Ibuprofen_400mg,OTC,2992,0.08,239.36,False,covid_wave,winter_peak
2022-01-19,Ibuprofen_400mg,OTC,2603,0.08,208.24,False,covid_wave,winter_peak
2022-01-20,Ibuprofen_400mg,OTC,3562,0.08,284.96,False,covid_wave,winter_peak
2022-01-21,Ibuprofen_400mg,OTC,3336,0.08,266.88,False,covid_wave,winter_peak
2022-01-22,Ibuprofen_400mg,OTC,2634,0.08,210.72,False,covid_wave,winter_peak
2022-01-23,Ibuprofen_400mg,OTC,2560,0.08,204.8,False,covid_wave,winter_peak
2022-01-24,Ibuprofen_400mg,OTC,2810,0.08,224.8,False,covid_wave,winter_peak
2022-01-25,Ibuprofen_400mg,OTC,3038,0.08,243.04,False,covid_wave,winter_peak
2022-01-26,Ibuprofen_400mg,OTC,3373,0.08,269.84,False,covid_wave,winter_peak
2022-01-27,Ibuprofen_400mg,OTC,2895,0.08,231.6,False,covid_wave,winter_peak
2022-01-28,Ibuprofen_400mg,OTC,2521,0.08,201.68,False,covid_wave,winter_peak
2022-01-29,Ibuprofen_400mg,OTC,2483,0.08,198.64,False,covid_wave,winter_peak
2022-01-30,Ibuprofen_400mg,OTC,2500,0.08,200.0,False,covid_wave,winter_peak
2022-01-31,Ibuprofen_400mg,OTC,3197,0.08,255.76,False,covid_wave,winter_peak
2022-02-01,Ibuprofen_400mg,OTC,3228,0.08,258.24,False,covid_wave,winter_peak
2022-02-02,Ibuprofen_400mg,OTC,3206,0.08,256.48,False,covid_wave,winter_peak
2022-02-03,Ibuprofen_400mg,OTC,3114,0.08,249.12,False,covid_wave,winter_peak
2022-02-04,Ibuprofen_400mg,OTC,3343,0.08,267.44,False,covid_wave,winter_peak
2022-02-05,Ibuprofen_400mg,OTC,2144,0.08,171.52,False,covid_wave,winter_peak
2022-02-06,Ibuprofen_400mg,OTC,2540,0.08,203.2,False,covid_wave,winter_peak
2022-02-07,Ibuprofen_400mg,OTC,3205,0.08,256.4,False,covid_wave,winter_peak
2022-02-08,Ibuprofen_400mg,OTC,2750,0.08,220.0,False,covid_wave,winter_peak
2022-02-09,Ibuprofen_400mg,OTC,2686,0.08,214.88,False,covid_wave,winter_peak
2022-02-10,Ibuprofen_400mg,OTC,2871,0.08,229.68,False,covid_wave,winter_peak
2022-02-11,Ibuprofen_400mg,OTC,2892,0.08,231.36,False,covid_wave,winter_peak
2022-02-12,Ibuprofen_400mg,OTC,2591,0.08,207.28,False,covid_wave,winter_peak
2022-02-13,Ibuprofen_400mg,OTC,2324,0.08,185.92,False,covid_wave,winter_peak
2022-02-14,Ibuprofen_400mg,OTC,2846,0.08,227.68,False,covid_wave,winter_peak
2022-02-15,Ibuprofen_400mg,OTC,2906,0.08,232.48,False,covid_wave,winter_peak
2022-02-16,Ibuprofen_400mg,OTC,3330,0.08,266.4,False,covid_wave,winter_peak
2022-02-17,Ibuprofen_400mg,OTC,3060,0.08,244.8,False,covid_wave,winter_peak
2022-02-18,Ibuprofen_400mg,OTC,3013,0.08,241.04,False,covid_wave,winter_peak
2022-02-19,Ibuprofen_400mg,OTC,2424,0.08,193.92,False,covid_wave,winter_peak
2022-02-20,Ibuprofen_400mg,OTC,2699,0.08,215.92,False,covid_wave,winter_peak
2022-02-21,Ibuprofen_400mg,OTC,2875,0.08,230.0,False,covid_wave,winter_peak
2022-02-22,Ibuprofen_400mg,OTC,3381,0.08,270.48,False,covid_wave,winter_peak
2022-02-23,Ibuprofen_400mg,OTC,3111,0.08,248.88,False,covid_wave,winter_peak
2022-02-24,Ibuprofen_400mg,OTC,3020,0.08,241.6,False,covid_wave,winter_peak
2022-02-25,Ibuprofen_400mg,OTC,3672,0.08,293.76,False,covid_wave,winter_peak
2022-02-26,Ibuprofen_400mg,OTC,2241,0.08,179.28,False,covid_wave,winter_peak
2022-02-27,Ibuprofen_400mg,OTC,2379,0.08,190.32,False,covid_wave,winter_peak
2022-02-28,Ibuprofen_400mg,OTC,2759,0.08,220.72,False,covid_wave,winter_peak
2022-03-01,Ibuprofen_400mg,OTC,2685,0.08,214.8,False,covid_wave,winter_peak
2022-03-02,Ibuprofen_400mg,OTC,2832,0.08,226.56,False,covid_wave,winter_peak
2022-03-03,Ibuprofen_400mg,OTC,2829,0.08,226.32,False,covid_wave,winter_peak
2022-03-04,Ibuprofen_400mg,OTC,2740,0.08,219.2,False,covid_wave,winter_peak
2022-03-05,Ibuprofen_400mg,OTC,1964,0.08,157.12,False,covid_wave,winter_peak
2022-03-06,Ibuprofen_400mg,OTC,1938,0.08,155.04,False,covid_wave,winter_peak
2022-03-07,Ibuprofen_400mg,OTC,2163,0.08,173.04,False,covid_wave,winter_peak
2022-03-08,Ibuprofen_400mg,OTC,2904,0.08,232.32,False,covid_wave,winter_peak
2022-03-09,Ibuprofen_400mg,OTC,2591,0.08,207.28,False,covid_wave,winter_peak
2022-03-10,Ibuprofen_400mg,OTC,2399,0.08,191.92,False,covid_wave,winter_peak
2022-03-11,Ibuprofen_400mg,OTC,2763,0.08,221.04,False,covid_wave,winter_peak
2022-03-12,Ibuprofen_400mg,OTC,1843,0.08,147.44,False,covid_wave,winter_peak
2022-03-13,Ibuprofen_400mg,OTC,2064,0.08,165.12,False,covid_wave,winter_peak
2022-03-14,Ibuprofen_400mg,OTC,2464,0.08,197.12,False,covid_wave,winter_peak
2022-03-15,Ibuprofen_400mg,OTC,2627,0.08,210.16,False,covid_wave,winter_peak
2022-03-16,Ibuprofen_400mg,OTC,2487,0.08,198.96,False,covid_wave,winter_peak
2022-03-17,Ibuprofen_400mg,OTC,2210,0.08,176.8,False,covid_wave,winter_peak
2022-03-18,Ibuprofen_400mg,OTC,2515,0.08,201.2,False,covid_wave,winter_peak
2022-03-19,Ibuprofen_400mg,OTC,2168,0.08,173.44,False,covid_wave,winter_peak
2022-03-20,Ibuprofen_400mg,OTC,1996,0.08,159.68,False,covid_wave,winter_peak
2022-03-21,Ibuprofen_400mg,OTC,2656,0.08,212.48,False,covid_wave,winter_peak
2022-03-22,Ibuprofen_400mg,OTC,2292,0.08,183.36,False,covid_wave,winter_peak
2022-03-23,Ibuprofen_400mg,OTC,2497,0.08,199.76,False,covid_wave,winter_peak
2022-03-24,Ibuprofen_400mg,OTC,2377,0.08,190.16,False,covid_wave,winter_peak
2022-03-25,Ibuprofen_400mg,OTC,2652,0.08,212.16,False,covid_wave,winter_peak
2022-03-26,Ibuprofen_400mg,OTC,2007,0.08,160.56,False,covid_wave,winter_peak
2022-03-27,Ibuprofen_400mg,OTC,2113,0.08,169.04,False,covid_wave,winter_peak
2022-03-28,Ibuprofen_400mg,OTC,2722,0.08,217.76,False,covid_wave,winter_peak
2022-03-29,Ibuprofen_400mg,OTC,2643,0.08,211.44,False,covid_wave,winter_peak
2022-03-30,Ibuprofen_400mg,OTC,2559,0.08,204.72,False,covid_wave,winter_peak
2022-03-31,Ibuprofen_400mg,OTC,2305,0.08,184.4,False,covid_wave,winter_peak
2022-04-01,Ibuprofen_400mg,OTC,819,0.08,65.52,False,none,winter_peak
2022-04-02,Ibuprofen_400mg,OTC,628,0.08,50.24,False,none,winter_peak
2022-04-03,Ibuprofen_400mg,OTC,637,0.08,50.96,False,none,winter_peak
2022-04-04,Ibuprofen_400mg,OTC,795,0.08,63.6,False,none,winter_peak
2022-04-05,Ibuprofen_400mg,OTC,756,0.08,60.48,False,none,winter_peak
2022-04-06,Ibuprofen_400mg,OTC,692,0.08,55.36,False,none,winter_peak
2022-04-07,Ibuprofen_400mg,OTC,776,0.08,62.08,False,none,winter_peak
2022-04-08,Ibuprofen_400mg,OTC,833,0.08,66.64,False,none,winter_peak
2022-04-09,Ibuprofen_400mg,OTC,585,0.08,46.8,False,none,winter_peak
2022-04-10,Ibuprofen_400mg,OTC,657,0.08,52.56,False,none,winter_peak
2022-04-11,Ibuprofen_400mg,OTC,945,0.08,75.6,False,none,winter_peak
2022-04-12,Ibuprofen_400mg,OTC,888,0.08,71.04,False,none,winter_peak
2022-04-13,Ibuprofen_400mg,OTC,929,0.08,74.32,False,none,winter_peak
2022-04-14,Ibuprofen_400mg,OTC,847,0.08,67.76,False,none,winter_peak
2022-04-15,Ibuprofen_400mg,OTC,898,0.08,71.84,False,none,winter_peak
2022-04-16,Ibuprofen_400mg,OTC,619,0.08,49.52,False,none,winter_peak
2022-04-17,Ibuprofen_400mg,OTC,623,0.08,49.84,False,none,winter_peak
2022-04-18,Ibuprofen_400mg,OTC,641,0.08,51.28,False,none,winter_peak
2022-04-19,Ibuprofen_400mg,OTC,899,0.08,71.92,False,none,winter_peak
2022-04-20,Ibuprofen_400mg,OTC,923,0.08,73.84,False,none,winter_peak
2022-04-21,Ibuprofen_400mg,OTC,785,0.08,62.8,False,none,winter_peak
2022-04-22,Ibuprofen_400mg,OTC,805,0.08,64.4,False,none,winter_peak
2022-04-23,Ibuprofen_400mg,OTC,617,0.08,49.36,False,none,winter_peak
2022-04-24,Ibuprofen_400mg,OTC,677,0.08,54.16,False,none,winter_peak
2022-04-25,Ibuprofen_400mg,OTC,896,0.08,71.68,False,none,winter_peak
2022-04-26,Ibuprofen_400mg,OTC,708,0.08,56.64,False,none,winter_peak
2022-04-27,Ibuprofen_400mg,OTC,849,0.08,67.92,False,none,winter_peak
2022-04-28,Ibuprofen_400mg,OTC,804,0.08,64.32,False,none,winter_peak
2022-04-29,Ibuprofen_400mg,OTC,830,0.08,66.4,False,none,winter_peak
2022-04-30,Ibuprofen_400mg,OTC,682,0.08,54.56,False,none,winter_peak
2022-05-01,Ibuprofen_400mg,OTC,612,0.08,48.96,False,none,winter_peak
2022-05-02,Ibuprofen_400mg,OTC,771,0.08,61.68,False,none,winter_peak
2022-05-03,Ibuprofen_400mg,OTC,764,0.08,61.12,False,none,winter_peak
2022-05-04,Ibuprofen_400mg,OTC,838,0.08,67.04,False,none,winter_peak
2022-05-05,Ibuprofen_400mg,OTC,804,0.08,64.32,False,none,winter_peak
2022-05-06,Ibuprofen_400mg,OTC,791,0.08,63.28,False,none,winter_peak
2022-05-07,Ibuprofen_400mg,OTC,559,0.08,44.72,False,none,winter_peak
2022-05-08,Ibuprofen_400mg,OTC,603,0.08,48.24,False,none,winter_peak
2022-05-09,Ibuprofen_400mg,OTC,834,0.08,66.72,False,none,winter_peak
2022-05-10,Ibuprofen_400mg,OTC,780,0.08,62.4,False,none,winter_peak
2022-05-11,Ibuprofen_400mg,OTC,819,0.08,65.52,False,none,winter_peak
2022-05-12,Ibuprofen_400mg,OTC,888,0.08,71.04,False,none,winter_peak
2022-05-13,Ibuprofen_400mg,OTC,843,0.08,67.44,False,none,winter_peak
2022-05-14,Ibuprofen_400mg,OTC,627,0.08,50.16,False,none,winter_peak
2022-05-15,Ibuprofen_400mg,OTC,597,0.08,47.76,False,none,winter_peak
2022-05-16,Ibuprofen_400mg,OTC,619,0.08,49.52,False,none,winter_peak
2022-05-17,Ibuprofen_400mg,OTC,768,0.08,61.44,False,none,winter_peak
2022-05-18,Ibuprofen_400mg,OTC,759,0.08,60.72,False,none,winter_peak
2022-05-19,Ibuprofen_400mg,OTC,803,0.08,64.24,False,none,winter_peak
2022-05-20,Ibuprofen_400mg,OTC,769,0.08,61.52,False,none,winter_peak
2022-05-21,Ibuprofen_400mg,OTC,607,0.08,48.56,False,none,winter_peak
2022-05-22,Ibuprofen_400mg,OTC,534,0.08,42.72,False,none,winter_peak
2022-05-23,Ibuprofen_400mg,OTC,721,0.08,57.68,False,none,winter_peak
2022-05-24,Ibuprofen_400mg,OTC,809,0.08,64.72,False,none,winter_peak
2022-05-25,Ibuprofen_400mg,OTC,887,0.08,70.96,False,none,winter_peak
2022-05-26,Ibuprofen_400mg,OTC,774,0.08,61.92,False,none,winter_peak
2022-05-27,Ibuprofen_400mg,OTC,800,0.08,64.0,False,none,winter_peak
2022-05-28,Ibuprofen_400mg,OTC,671,0.08,53.68,False,none,winter_peak
2022-05-29,Ibuprofen_400mg,OTC,583,0.08,46.64,False,none,winter_peak
2022-05-30,Ibuprofen_400mg,OTC,803,0.08,64.24,False,none,winter_peak
2022-05-31,Ibuprofen_400mg,OTC,734,0.08,58.72,False,none,winter_peak
2022-06-01,Ibuprofen_400mg,OTC,785,0.08,62.8,False,none,winter_peak
2022-06-02,Ibuprofen_400mg,OTC,743,0.08,59.44,False,none,winter_peak
2022-06-03,Ibuprofen_400mg,OTC,752,0.08,60.16,False,none,winter_peak
2022-06-04,Ibuprofen_400mg,OTC,551,0.08,44.08,False,none,winter_peak
2022-06-05,Ibuprofen_400mg,OTC,620,0.08,49.6,False,none,winter_peak
2022-06-06,Ibuprofen_400mg,OTC,858,0.08,68.64,False,none,winter_peak
2022-06-07,Ibuprofen_400mg,OTC,676,0.08,54.08,False,none,winter_peak
2022-06-08,Ibuprofen_400mg,OTC,715,0.08,57.2,False,none,winter_peak
2022-06-09,Ibuprofen_400mg,OTC,749,0.08,59.92,False,none,winter_peak
2022-06-10,Ibuprofen_400mg,OTC,782,0.08,62.56,False,none,winter_peak
2022-06-11,Ibuprofen_400mg,OTC,561,0.08,44.88,False,none,winter_peak
2022-06-12,Ibuprofen_400mg,OTC,455,0.08,36.4,False,none,winter_peak
2022-06-13,Ibuprofen_400mg,OTC,816,0.08,65.28,False,none,winter_peak
2022-06-14,Ibuprofen_400mg,OTC,780,0.08,62.4,False,none,winter_peak
2022-06-15,Ibuprofen_400mg,OTC,633,0.08,50.64,False,none,winter_peak
2022-06-16,Ibuprofen_400mg,OTC,700,0.08,56.0,False,none,winter_peak
2022-06-17,Ibuprofen_400mg,OTC,828,0.08,66.24,False,none,winter_peak
2022-06-18,Ibuprofen_400mg,OTC,656,0.08,52.48,False,none,winter_peak
2022-06-19,Ibuprofen_400mg,OTC,632,0.08,50.56,False,none,winter_peak
2022-06-20,Ibuprofen_400mg,OTC,726,0.08,58.08,False,none,winter_peak
2022-06-21,Ibuprofen_400mg,OTC,741,0.08,59.28,False,none,winter_peak
2022-06-22,Ibuprofen_400mg,OTC,729,0.08,58.32,False,none,winter_peak
2022-06-23,Ibuprofen_400mg,OTC,803,0.08,64.24,False,none,winter_peak
2022-06-24,Ibuprofen_400mg,OTC,685,0.08,54.8,False,none,winter_peak
2022-06-25,Ibuprofen_400mg,OTC,551,0.08,44.08,False,none,winter_peak
2022-06-26,Ibuprofen_400mg,OTC,636,0.08,50.88,False,none,winter_peak
2022-06-27,Ibuprofen_400mg,OTC,734,0.08,58.72,False,none,winter_peak
2022-06-28,Ibuprofen_400mg,OTC,818,0.08,65.44,False,none,winter_peak
2022-06-29,Ibuprofen_400mg,OTC,698,0.08,55.84,False,none,winter_peak
2022-06-30,Ibuprofen_400mg,OTC,734,0.08,58.72,False,none,winter_peak
2022-07-01,Ibuprofen_400mg,OTC,700,0.08,56.0,False,none,winter_peak
2022-07-02,Ibuprofen_400mg,OTC,604,0.08,48.32,False,none,winter_peak
2022-07-03,Ibuprofen_400mg,OTC,533,0.08,42.64,False,none,winter_peak
2022-07-04,Ibuprofen_400mg,OTC,727,0.08,58.16,False,none,winter_peak
2022-07-05,Ibuprofen_400mg,OTC,669,0.08,53.52,False,none,winter_peak
2022-07-06,Ibuprofen_400mg,OTC,798,0.08,63.84,False,none,winter_peak
2022-07-07,Ibuprofen_400mg,OTC,800,0.08,64.0,False,none,winter_peak
2022-07-08,Ibuprofen_400mg,OTC,652,0.08,52.16,False,none,winter_peak
2022-07-09,Ibuprofen_400mg,OTC,669,0.08,53.52,False,none,winter_peak
2022-07-10,Ibuprofen_400mg,OTC,726,0.08,58.08,False,none,winter_peak
2022-07-11,Ibuprofen_400mg,OTC,760,0.08,60.8,False,none,winter_peak
2022-07-12,Ibuprofen_400mg,OTC,718,0.08,57.44,False,none,winter_peak
2022-07-13,Ibuprofen_400mg,OTC,928,0.08,74.24,False,none,winter_peak
2022-07-14,Ibuprofen_400mg,OTC,677,0.08,54.16,False,none,winter_peak
2022-07-15,Ibuprofen_400mg,OTC,758,0.08,60.64,False,none,winter_peak
2022-07-16,Ibuprofen_400mg,OTC,614,0.08,49.12,False,none,winter_peak
2022-07-17,Ibuprofen_400mg,OTC,671,0.08,53.68,False,none,winter_peak
2022-07-18,Ibuprofen_400mg,OTC,779,0.08,62.32,False,none,winter_peak
2022-07-19,Ibuprofen_400mg,OTC,727,0.08,58.16,False,none,winter_peak
2022-07-20,Ibuprofen_400mg,OTC,700,0.08,56.0,False,none,winter_peak
2022-07-21,Ibuprofen_400mg,OTC,737,0.08,58.96,False,none,winter_peak
2022-07-22,Ibuprofen_400mg,OTC,697,0.08,55.76,False,none,winter_peak
2022-07-23,Ibuprofen_400mg,OTC,608,0.08,48.64,False,none,winter_peak
2022-07-24,Ibuprofen_400mg,OTC,579,0.08,46.32,False,none,winter_peak
2022-07-25,Ibuprofen_400mg,OTC,668,0.08,53.44,False,none,winter_peak
2022-07-26,Ibuprofen_400mg,OTC,835,0.08,66.8,False,none,winter_peak
2022-07-27,Ibuprofen_400mg,OTC,728,0.08,58.24,False,none,winter_peak
2022-07-28,Ibuprofen_400mg,OTC,682,0.08,54.56,False,none,winter_peak
2022-07-29,Ibuprofen_400mg,OTC,748,0.08,59.84,False,none,winter_peak
2022-07-30,Ibuprofen_400mg,OTC,610,0.08,48.8,False,none,winter_peak
2022-07-31,Ibuprofen_400mg,OTC,522,0.08,41.76,False,none,winter_peak
2022-08-01,Ibuprofen_400mg,OTC,808,0.08,64.64,False,none,winter_peak
2022-08-02,Ibuprofen_400mg,OTC,721,0.08,57.68,False,none,winter_peak
2022-08-03,Ibuprofen_400mg,OTC,895,0.08,71.6,False,none,winter_peak
2022-08-04,Ibuprofen_400mg,OTC,820,0.08,65.6,False,none,winter_peak
2022-08-05,Ibuprofen_400mg,OTC,762,0.08,60.96,False,none,winter_peak
2022-08-06,Ibuprofen_400mg,OTC,592,0.08,47.36,False,none,winter_peak
2022-08-07,Ibuprofen_400mg,OTC,624,0.08,49.92,False,none,winter_peak
2022-08-08,Ibuprofen_400mg,OTC,826,0.08,66.08,False,none,winter_peak
2022-08-09,Ibuprofen_400mg,OTC,786,0.08,62.88,False,none,winter_peak
2022-08-10,Ibuprofen_400mg,OTC,774,0.08,61.92,False,none,winter_peak
2022-08-11,Ibuprofen_400mg,OTC,791,0.08,63.28,False,none,winter_peak
2022-08-12,Ibuprofen_400mg,OTC,750,0.08,60.0,False,none,winter_peak
2022-08-13,Ibuprofen_400mg,OTC,612,0.08,48.96,False,none,winter_peak
2022-08-14,Ibuprofen_400mg,OTC,524,0.08,41.92,False,none,winter_peak
2022-08-15,Ibuprofen_400mg,OTC,850,0.08,68.0,False,none,winter_peak
2022-08-16,Ibuprofen_400mg,OTC,807,0.08,64.56,False,none,winter_peak
2022-08-17,Ibuprofen_400mg,OTC,740,0.08,59.2,False,none,winter_peak
2022-08-18,Ibuprofen_400mg,OTC,908,0.08,72.64,False,none,winter_peak
2022-08-19,Ibuprofen_400mg,OTC,794,0.08,63.52,False,none,winter_peak
2022-08-20,Ibuprofen_400mg,OTC,578,0.08,46.24,False,none,winter_peak
2022-08-21,Ibuprofen_400mg,OTC,674,0.08,53.92,False,none,winter_peak
2022-08-22,Ibuprofen_400mg,OTC,814,0.08,65.12,False,none,winter_peak
2022-08-23,Ibuprofen_400mg,OTC,814,0.08,65.12,False,none,winter_peak
2022-08-24,Ibuprofen_400mg,OTC,762,0.08,60.96,False,none,winter_peak
2022-08-25,Ibuprofen_400mg,OTC,818,0.08,65.44,False,none,winter_peak
2022-08-26,Ibuprofen_400mg,OTC,773,0.08,61.84,False,none,winter_peak
2022-08-27,Ibuprofen_400mg,OTC,660,0.08,52.8,False,none,winter_peak
2022-08-28,Ibuprofen_400mg,OTC,535,0.08,42.8,False,none,winter_peak
2022-08-29,Ibuprofen_400mg,OTC,762,0.08,60.96,False,none,winter_peak
2022-08-30,Ibuprofen_400mg,OTC,899,0.08,71.92,False,none,winter_peak
2022-08-31,Ibuprofen_400mg,OTC,741,0.08,59.28,False,none,winter_peak
2022-09-01,Ibuprofen_400mg,OTC,840,0.08,67.2,False,none,winter_peak
2022-09-02,Ibuprofen_400mg,OTC,851,0.08,68.08,False,none,winter_peak
2022-09-03,Ibuprofen_400mg,OTC,637,0.08,50.96,False,none,winter_peak
2022-09-04,Ibuprofen_400mg,OTC,581,0.08,46.48,False,none,winter_peak
2022-09-05,Ibuprofen_400mg,OTC,867,0.08,69.36,False,none,winter_peak
2022-09-06,Ibuprofen_400mg,OTC,893,0.08,71.44,False,none,winter_peak
2022-09-07,Ibuprofen_400mg,OTC,880,0.08,70.4,False,none,winter_peak
2022-09-08,Ibuprofen_400mg,OTC,874,0.08,69.92,False,none,winter_peak
2022-09-09,Ibuprofen_400mg,OTC,887,0.08,70.96,False,none,winter_peak
2022-09-10,Ibuprofen_400mg,OTC,764,0.08,61.12,False,none,winter_peak
2022-09-11,Ibuprofen_400mg,OTC,696,0.08,55.68,False,none,winter_peak
2022-09-12,Ibuprofen_400mg,OTC,844,0.08,67.52,False,none,winter_peak
2022-09-13,Ibuprofen_400mg,OTC,864,0.08,69.12,False,none,winter_peak
2022-09-14,Ibuprofen_400mg,OTC,926,0.08,74.08,False,none,winter_peak
2022-09-15,Ibuprofen_400mg,OTC,985,0.08,78.8,False,none,winter_peak
2022-09-16,Ibuprofen_400mg,OTC,840,0.08,67.2,False,none,winter_peak
2022-09-17,Ibuprofen_400mg,OTC,713,0.08,57.04,False,none,winter_peak
2022-09-18,Ibuprofen_400mg,OTC,727,0.08,58.16,False,none,winter_peak
2022-09-19,Ibuprofen_400mg,OTC,815,0.08,65.2,False,none,winter_peak
2022-09-20,Ibuprofen_400mg,OTC,887,0.08,70.96,False,none,winter_peak
2022-09-21,Ibuprofen_400mg,OTC,781,0.08,62.48,False,none,winter_peak
2022-09-22,Ibuprofen_400mg,OTC,760,0.08,60.8,False,none,winter_peak
2022-09-23,Ibuprofen_400mg,OTC,912,0.08,72.96,False,none,winter_peak
2022-09-24,Ibuprofen_400mg,OTC,686,0.08,54.88,False,none,winter_peak
2022-09-25,Ibuprofen_400mg,OTC,720,0.08,57.6,False,none,winter_peak
2022-09-26,Ibuprofen_400mg,OTC,885,0.08,70.8,False,none,winter_peak
2022-09-27,Ibuprofen_400mg,OTC,817,0.08,65.36,False,none,winter_peak
2022-09-28,Ibuprofen_400mg,OTC,883,0.08,70.64,False,none,winter_peak
2022-09-29,Ibuprofen_400mg,OTC,799,0.08,63.92,False,none,winter_peak
2022-09-30,Ibuprofen_400mg,OTC,985,0.08,78.8,False,none,winter_peak
2022-10-01,Ibuprofen_400mg,OTC,698,0.08,55.84,False,none,winter_peak
2022-10-02,Ibuprofen_400mg,OTC,772,0.08,61.76,False,none,winter_peak
2022-10-03,Ibuprofen_400mg,OTC,898,0.08,71.84,False,none,winter_peak
2022-10-04,Ibuprofen_400mg,OTC,1025,0.08,82.0,False,none,winter_peak
2022-10-05,Ibuprofen_400mg,OTC,954,0.08,76.32,False,none,winter_peak
2022-10-06,Ibuprofen_400mg,OTC,940,0.08,75.2,False,none,winter_peak
2022-10-07,Ibuprofen_400mg,OTC,1048,0.08,83.84,False,none,winter_peak
2022-10-08,Ibuprofen_400mg,OTC,786,0.08,62.88,False,none,winter_peak
2022-10-09,Ibuprofen_400mg,OTC,816,0.08,65.28,False,none,winter_peak
2022-10-10,Ibuprofen_400mg,OTC,904,0.08,72.32,False,none,winter_peak
2022-10-11,Ibuprofen_400mg,OTC,871,0.08,69.68,False,none,winter_peak
2022-10-12,Ibuprofen_400mg,OTC,990,0.08,79.2,False,none,winter_peak
2022-10-13,Ibuprofen_400mg,OTC,956,0.08,76.48,False,none,winter_peak
2022-10-14,Ibuprofen_400mg,OTC,1031,0.08,82.48,False,none,winter_peak
2022-10-15,Ibuprofen_400mg,OTC,780,0.08,62.4,False,none,winter_peak
2022-10-16,Ibuprofen_400mg,OTC,798,0.08,63.84,False,none,winter_peak
2022-10-17,Ibuprofen_400mg,OTC,854,0.08,68.32,False,none,winter_peak
2022-10-18,Ibuprofen_400mg,OTC,1130,0.08,90.4,False,none,winter_peak
2022-10-19,Ibuprofen_400mg,OTC,969,0.08,77.52,False,none,winter_peak
2022-10-20,Ibuprofen_400mg,OTC,1037,0.08,82.96,False,none,winter_peak
2022-10-21,Ibuprofen_400mg,OTC,917,0.08,73.36,False,none,winter_peak
2022-10-22,Ibuprofen_400mg,OTC,805,0.08,64.4,False,none,winter_peak
2022-10-23,Ibuprofen_400mg,OTC,704,0.08,56.32,False,none,winter_peak
2022-10-24,Ibuprofen_400mg,OTC,1018,0.08,81.44,False,none,winter_peak
2022-10-25,Ibuprofen_400mg,OTC,955,0.08,76.4,False,none,winter_peak
2022-10-26,Ibuprofen_400mg,OTC,985,0.08,78.8,False,none,winter_peak
2022-10-27,Ibuprofen_400mg,OTC,1038,0.08,83.04,False,none,winter_peak
2022-10-28,Ibuprofen_400mg,OTC,886,0.08,70.88,False,none,winter_peak
2022-10-29,Ibuprofen_400mg,OTC,744,0.08,59.52,False,none,winter_peak
2022-10-30,Ibuprofen_400mg,OTC,816,0.08,65.28,False,none,winter_peak
2022-10-31,Ibuprofen_400mg,OTC,1149,0.08,91.92,False,none,winter_peak
2022-11-01,Ibuprofen_400mg,OTC,1158,0.08,92.64,False,none,winter_peak
2022-11-02,Ibuprofen_400mg,OTC,1227,0.08,98.16,False,none,winter_peak
2022-11-03,Ibuprofen_400mg,OTC,1162,0.08,92.96,False,none,winter_peak
2022-11-04,Ibuprofen_400mg,OTC,1354,0.08,108.32,False,none,winter_peak
2022-11-05,Ibuprofen_400mg,OTC,806,0.08,64.48,False,none,winter_peak
2022-11-06,Ibuprofen_400mg,OTC,944,0.08,75.52,False,none,winter_peak
2022-11-07,Ibuprofen_400mg,OTC,1020,0.08,81.6,False,none,winter_peak
2022-11-08,Ibuprofen_400mg,OTC,937,0.08,74.96,False,none,winter_peak
2022-11-09,Ibuprofen_400mg,OTC,1200,0.08,96.0,False,none,winter_peak
2022-11-10,Ibuprofen_400mg,OTC,1186,0.08,94.88,False,none,winter_peak
2022-11-11,Ibuprofen_400mg,OTC,1146,0.08,91.68,False,none,winter_peak
2022-11-12,Ibuprofen_400mg,OTC,930,0.08,74.4,False,none,winter_peak
2022-11-13,Ibuprofen_400mg,OTC,1171,0.08,93.68,False,none,winter_peak
2022-11-14,Ibuprofen_400mg,OTC,1149,0.08,91.92,False,none,winter_peak
2022-11-15,Ibuprofen_400mg,OTC,1221,0.08,97.68,False,none,winter_peak
2022-11-16,Ibuprofen_400mg,OTC,1113,0.08,89.04,False,none,winter_peak
2022-11-17,Ibuprofen_400mg,OTC,1202,0.08,96.16,False,none,winter_peak
2022-11-18,Ibuprofen_400mg,OTC,1152,0.08,92.16,False,none,winter_peak
2022-11-19,Ibuprofen_400mg,OTC,908,0.08,72.64,False,none,winter_peak
2022-11-20,Ibuprofen_400mg,OTC,1076,0.08,86.08,False,none,winter_peak
2022-11-21,Ibuprofen_400mg,OTC,1285,0.08,102.8,False,none,winter_peak
2022-11-22,Ibuprofen_400mg,OTC,1187,0.08,94.96,False,none,winter_peak
2022-11-23,Ibuprofen_400mg,OTC,958,0.08,76.64,False,none,winter_peak
2022-11-24,Ibuprofen_400mg,OTC,1141,0.08,91.28,False,none,winter_peak
2022-11-25,Ibuprofen_400mg,OTC,1429,0.08,114.32,False,none,winter_peak
2022-11-26,Ibuprofen_400mg,OTC,923,0.08,73.84,False,none,winter_peak
2022-11-27,Ibuprofen_400mg,OTC,1023,0.08,81.84,False,none,winter_peak
2022-11-28,Ibuprofen_400mg,OTC,1311,0.08,104.88,False,none,winter_peak
2022-11-29,Ibuprofen_400mg,OTC,1196,0.08,95.68,False,none,winter_peak
2022-11-30,Ibuprofen_400mg,OTC,1097,0.08,87.76,False,none,winter_peak
2022-12-01,Ibuprofen_400mg,OTC,1098,0.08,87.84,False,none,winter_peak
2022-12-02,Ibuprofen_400mg,OTC,1439,0.08,115.12,False,none,winter_peak
2022-12-03,Ibuprofen_400mg,OTC,1020,0.08,81.6,False,none,winter_peak
2022-12-04,Ibuprofen_400mg,OTC,1107,0.08,88.56,False,none,winter_peak
2022-12-05,Ibuprofen_400mg,OTC,1228,0.08,98.24,False,none,winter_peak
2022-12-06,Ibuprofen_400mg,OTC,1336,0.08,106.88,False,none,winter_peak
2022-12-07,Ibuprofen_400mg,OTC,1369,0.08,109.52,False,none,winter_peak
2022-12-08,Ibuprofen_400mg,OTC,1395,0.08,111.6,False,none,winter_peak
2022-12-09,Ibuprofen_400mg,OTC,1244,0.08,99.52,False,none,winter_peak
2022-12-10,Ibuprofen_400mg,OTC,1197,0.08,95.76,False,none,winter_peak
2022-12-11,Ibuprofen_400mg,OTC,1040,0.08,83.2,False,none,winter_peak
2022-12-12,Ibuprofen_400mg,OTC,1183,0.08,94.64,False,none,winter_peak
2022-12-13,Ibuprofen_400mg,OTC,1354,0.08,108.32,False,none,winter_peak
2022-12-14,Ibuprofen_400mg,OTC,1370,0.08,109.6,False,none,winter_peak
2022-12-15,Ibuprofen_400mg,OTC,1384,0.08,110.72,False,none,winter_peak
2022-12-16,Ibuprofen_400mg,OTC,1516,0.08,121.28,False,none,winter_peak
2022-12-17,Ibuprofen_400mg,OTC,1072,0.08,85.76,False,none,winter_peak
2022-12-18,Ibuprofen_400mg,OTC,1083,0.08,86.64,False,none,winter_peak
2022-12-19,Ibuprofen_400mg,OTC,1247,0.08,99.76,False,none,winter_peak
2022-12-20,Ibuprofen_400mg,OTC,1457,0.08,116.56,False,none,winter_peak
2022-12-21,Ibuprofen_400mg,OTC,1388,0.08,111.04,False,none,winter_peak
2022-12-22,Ibuprofen_400mg,OTC,1322,0.08,105.76,False,none,winter_peak
2022-12-23,Ibuprofen_400mg,OTC,1160,0.08,92.8,False,none,winter_peak
2022-12-24,Ibuprofen_400mg,OTC,1220,0.08,97.6,False,none,winter_peak
2022-12-25,Ibuprofen_400mg,OTC,987,0.08,78.96,False,none,winter_peak
2022-12-26,Ibuprofen_400mg,OTC,1304,0.08,104.32,False,none,winter_peak
2022-12-27,Ibuprofen_400mg,OTC,1408,0.08,112.64,False,none,winter_peak
2022-12-28,Ibuprofen_400mg,OTC,1238,0.08,99.04,False,none,winter_peak
2022-12-29,Ibuprofen_400mg,OTC,1206,0.08,96.48,False,none,winter_peak
2022-12-30,Ibuprofen_400mg,OTC,1137,0.08,90.96,False,none,winter_peak
2022-12-31,Ibuprofen_400mg,OTC,1159,0.08,92.72,False,none,winter_peak
2023-01-01,Ibuprofen_400mg,OTC,1012,0.08,80.96,False,none,winter_peak
2023-01-02,Ibuprofen_400mg,OTC,1633,0.08,130.64,False,none,winter_peak
2023-01-03,Ibuprofen_400mg,OTC,1218,0.08,97.44,False,none,winter_peak
2023-01-04,Ibuprofen_400mg,OTC,1225,0.08,98.0,False,none,winter_peak
2023-01-05,Ibuprofen_400mg,OTC,1263,0.08,101.04,False,none,winter_peak
2023-01-06,Ibuprofen_400mg,OTC,1349,0.08,107.92,False,none,winter_peak
2023-01-07,Ibuprofen_400mg,OTC,1019,0.08,81.52,False,none,winter_peak
2023-01-08,Ibuprofen_400mg,OTC,1111,0.08,88.88,False,none,winter_peak
2023-01-09,Ibuprofen_400mg,OTC,1220,0.08,97.6,False,none,winter_peak
2023-01-10,Ibuprofen_400mg,OTC,1178,0.08,94.24,False,none,winter_peak
2023-01-11,Ibuprofen_400mg,OTC,1134,0.08,90.72,False,none,winter_peak
2023-01-12,Ibuprofen_400mg,OTC,1089,0.08,87.12,False,none,winter_peak
2023-01-13,Ibuprofen_400mg,OTC,1270,0.08,101.6,False,none,winter_peak
2023-01-14,Ibuprofen_400mg,OTC,1034,0.08,82.72,False,none,winter_peak
2023-01-15,Ibuprofen_400mg,OTC,1006,0.08,80.48,False,none,winter_peak
2023-01-16,Ibuprofen_400mg,OTC,1457,0.08,116.56,False,none,winter_peak
2023-01-17,Ibuprofen_400mg,OTC,1456,0.08,116.48,False,none,winter_peak
2023-01-18,Ibuprofen_400mg,OTC,1290,0.08,103.2,False,none,winter_peak
2023-01-19,Ibuprofen_400mg,OTC,1135,0.08,90.8,False,none,winter_peak
2023-01-20,Ibuprofen_400mg,OTC,1266,0.08,101.28,False,none,winter_peak
2023-01-21,Ibuprofen_400mg,OTC,1009,0.08,80.72,False,none,winter_peak
2023-01-22,Ibuprofen_400mg,OTC,1004,0.08,80.32,False,none,winter_peak
2023-01-23,Ibuprofen_400mg,OTC,1252,0.08,100.16,False,none,winter_peak
2023-01-24,Ibuprofen_400mg,OTC,1257,0.08,100.56,False,none,winter_peak
2023-01-25,Ibuprofen_400mg,OTC,1286,0.08,102.88,False,none,winter_peak
2023-01-26,Ibuprofen_400mg,OTC,1259,0.08,100.72,False,none,winter_peak
2023-01-27,Ibuprofen_400mg,OTC,1349,0.08,107.92,False,none,winter_peak
2023-01-28,Ibuprofen_400mg,OTC,1092,0.08,87.36,False,none,winter_peak
2023-01-29,Ibuprofen_400mg,OTC,984,0.08,78.72,False,none,winter_peak
2023-01-30,Ibuprofen_400mg,OTC,1463,0.08,117.04,False,none,winter_peak
2023-01-31,Ibuprofen_400mg,OTC,1224,0.08,97.92,False,none,winter_peak
2023-02-01,Ibuprofen_400mg,OTC,1115,0.08,89.2,False,none,winter_peak
2023-02-02,Ibuprofen_400mg,OTC,1320,0.08,105.6,False,none,winter_peak
2023-02-03,Ibuprofen_400mg,OTC,1197,0.08,95.76,False,none,winter_peak
2023-02-04,Ibuprofen_400mg,OTC,1051,0.08,84.08,False,none,winter_peak
2023-02-05,Ibuprofen_400mg,OTC,828,0.08,66.24,False,none,winter_peak
2023-02-06,Ibuprofen_400mg,OTC,1424,0.08,113.92,False,none,winter_peak
2023-02-07,Ibuprofen_400mg,OTC,1350,0.08,108.0,False,none,winter_peak
2023-02-08,Ibuprofen_400mg,OTC,1128,0.08,90.24,False,none,winter_peak
2023-02-09,Ibuprofen_400mg,OTC,1130,0.08,90.4,False,none,winter_peak
2023-02-10,Ibuprofen_400mg,OTC,1453,0.08,116.24,False,none,winter_peak
2023-02-11,Ibuprofen_400mg,OTC,964,0.08,77.12,False,none,winter_peak
2023-02-12,Ibuprofen_400mg,OTC,957,0.08,76.56,False,none,winter_peak
2023-02-13,Ibuprofen_400mg,OTC,1050,0.08,84.0,False,none,winter_peak
2023-02-14,Ibuprofen_400mg,OTC,1247,0.08,99.76,False,none,winter_peak
2023-02-15,Ibuprofen_400mg,OTC,1259,0.08,100.72,False,none,winter_peak
2023-02-16,Ibuprofen_400mg,OTC,1356,0.08,108.48,False,none,winter_peak
2023-02-17,Ibuprofen_400mg,OTC,1139,0.08,91.12,False,none,winter_peak
2023-02-18,Ibuprofen_400mg,OTC,901,0.08,72.08,False,none,winter_peak
2023-02-19,Ibuprofen_400mg,OTC,1064,0.08,85.12,False,none,winter_peak
2023-02-20,Ibuprofen_400mg,OTC,1387,0.08,110.96,False,none,winter_peak
2023-02-21,Ibuprofen_400mg,OTC,1122,0.08,89.76,False,none,winter_peak
2023-02-22,Ibuprofen_400mg,OTC,1395,0.08,111.6,False,none,winter_peak
2023-02-23,Ibuprofen_400mg,OTC,1288,0.08,103.04,False,none,winter_peak
2023-02-24,Ibuprofen_400mg,OTC,1396,0.08,111.68,False,none,winter_peak
2023-02-25,Ibuprofen_400mg,OTC,1021,0.08,81.68,False,none,winter_peak
2023-02-26,Ibuprofen_400mg,OTC,820,0.08,65.6,False,none,winter_peak
2023-02-27,Ibuprofen_400mg,OTC,1269,0.08,101.52,False,none,winter_peak
2023-02-28,Ibuprofen_400mg,OTC,1394,0.08,111.52,False,none,winter_peak
2023-03-01,Ibuprofen_400mg,OTC,972,0.08,77.76,False,none,winter_peak
2023-03-02,Ibuprofen_400mg,OTC,1015,0.08,81.2,False,none,winter_peak
2023-03-03,Ibuprofen_400mg,OTC,1033,0.08,82.64,False,none,winter_peak
2023-03-04,Ibuprofen_400mg,OTC,643,0.08,51.44,False,none,winter_peak
2023-03-05,Ibuprofen_400mg,OTC,950,0.08,76.0,False,none,winter_peak
2023-03-06,Ibuprofen_400mg,OTC,972,0.08,77.76,False,none,winter_peak
2023-03-07,Ibuprofen_400mg,OTC,1090,0.08,87.2,False,none,winter_peak
2023-03-08,Ibuprofen_400mg,OTC,1041,0.08,83.28,False,none,winter_peak
2023-03-09,Ibuprofen_400mg,OTC,1154,0.08,92.32,False,none,winter_peak
2023-03-10,Ibuprofen_400mg,OTC,1082,0.08,86.56,False,none,winter_peak
2023-03-11,Ibuprofen_400mg,OTC,823,0.08,65.84,False,none,winter_peak
2023-03-12,Ibuprofen_400mg,OTC,779,0.08,62.32,False,none,winter_peak
2023-03-13,Ibuprofen_400mg,OTC,1116,0.08,89.28,False,none,winter_peak
2023-03-14,Ibuprofen_400mg,OTC,892,0.08,71.36,False,none,winter_peak
2023-03-15,Ibuprofen_400mg,OTC,1103,0.08,88.24,False,none,winter_peak
2023-03-16,Ibuprofen_400mg,OTC,957,0.08,76.56,False,none,winter_peak
2023-03-17,Ibuprofen_400mg,OTC,1154,0.08,92.32,False,none,winter_peak
2023-03-18,Ibuprofen_400mg,OTC,850,0.08,68.0,False,none,winter_peak
2023-03-19,Ibuprofen_400mg,OTC,883,0.08,70.64,False,none,winter_peak
2023-03-20,Ibuprofen_400mg,OTC,1056,0.08,84.48,False,none,winter_peak
2023-03-21,Ibuprofen_400mg,OTC,902,0.08,72.16,False,none,winter_peak
2023-03-22,Ibuprofen_400mg,OTC,978,0.08,78.24,False,none,winter_peak
2023-03-23,Ibuprofen_400mg,OTC,1106,0.08,88.48,False,none,winter_peak
2023-03-24,Ibuprofen_400mg,OTC,1064,0.08,85.12,False,none,winter_peak
2023-03-25,Ibuprofen_400mg,OTC,920,0.08,73.6,False,none,winter_peak
2023-03-26,Ibuprofen_400mg,OTC,867,0.08,69.36,False,none,winter_peak
2023-03-27,Ibuprofen_400mg,OTC,969,0.08,77.52,False,none,winter_peak
2023-03-28,Ibuprofen_400mg,OTC,984,0.08,78.72,False,none,winter_peak
2023-03-29,Ibuprofen_400mg,OTC,1059,0.08,84.72,False,none,winter_peak
2023-03-30,Ibuprofen_400mg,OTC,856,0.08,68.48,False,none,winter_peak
2023-03-31,Ibuprofen_400mg,OTC,1192,0.08,95.36,False,none,winter_peak
2023-04-01,Ibuprofen_400mg,OTC,712,0.08,56.96,False,none,winter_peak
2023-04-02,Ibuprofen_400mg,OTC,756,0.08,60.48,False,none,winter_peak
2023-04-03,Ibuprofen_400mg,OTC,751,0.08,60.08,False,none,winter_peak
2023-04-04,Ibuprofen_400mg,OTC,946,0.08,75.68,False,none,winter_peak
2023-04-05,Ibuprofen_400mg,OTC,1014,0.08,81.12,False,none,winter_peak
2023-04-06,Ibuprofen_400mg,OTC,770,0.08,61.6,False,none,winter_peak
2023-04-07,Ibuprofen_400mg,OTC,914,0.08,73.12,False,none,winter_peak
2023-04-08,Ibuprofen_400mg,OTC,688,0.08,55.04,False,none,winter_peak
2023-04-09,Ibuprofen_400mg,OTC,603,0.08,48.24,False,none,winter_peak
2023-04-10,Ibuprofen_400mg,OTC,895,0.08,71.6,False,none,winter_peak
2023-04-11,Ibuprofen_400mg,OTC,919,0.08,73.52,False,none,winter_peak
2023-04-12,Ibuprofen_400mg,OTC,820,0.08,65.6,False,none,winter_peak
2023-04-13,Ibuprofen_400mg,OTC,942,0.08,75.36,False,none,winter_peak
2023-04-14,Ibuprofen_400mg,OTC,746,0.08,59.68,False,none,winter_peak
2023-04-15,Ibuprofen_400mg,OTC,606,0.08,48.48,False,none,winter_peak
2023-04-16,Ibuprofen_400mg,OTC,696,0.08,55.68,False,none,winter_peak
2023-04-17,Ibuprofen_400mg,OTC,864,0.08,69.12,False,none,winter_peak
2023-04-18,Ibuprofen_400mg,OTC,812,0.08,64.96,False,none,winter_peak
2023-04-19,Ibuprofen_400mg,OTC,918,0.08,73.44,False,none,winter_peak
2023-04-20,Ibuprofen_400mg,OTC,899,0.08,71.92,False,none,winter_peak
2023-04-21,Ibuprofen_400mg,OTC,921,0.08,73.68,False,none,winter_peak
2023-04-22,Ibuprofen_400mg,OTC,683,0.08,54.64,False,none,winter_peak
2023-04-23,Ibuprofen_400mg,OTC,723,0.08,57.84,False,none,winter_peak
2023-04-24,Ibuprofen_400mg,OTC,832,0.08,66.56,False,none,winter_peak
2023-04-25,Ibuprofen_400mg,OTC,1004,0.08,80.32,False,none,winter_peak
2023-04-26,Ibuprofen_400mg,OTC,807,0.08,64.56,False,none,winter_peak
2023-04-27,Ibuprofen_400mg,OTC,1008,0.08,80.64,False,none,winter_peak
2023-04-28,Ibuprofen_400mg,OTC,865,0.08,69.2,False,none,winter_peak
2023-04-29,Ibuprofen_400mg,OTC,614,0.08,49.12,False,none,winter_peak
2023-04-30,Ibuprofen_400mg,OTC,766,0.08,61.28,False,none,winter_peak
2023-05-01,Ibuprofen_400mg,OTC,824,0.08,65.92,False,none,winter_peak
2023-05-02,Ibuprofen_400mg,OTC,871,0.08,69.68,False,none,winter_peak
2023-05-03,Ibuprofen_400mg,OTC,895,0.08,71.6,False,none,winter_peak
2023-05-04,Ibuprofen_400mg,OTC,838,0.08,67.04,False,none,winter_peak
2023-05-05,Ibuprofen_400mg,OTC,777,0.08,62.16,False,none,winter_peak
2023-05-06,Ibuprofen_400mg,OTC,704,0.08,56.32,False,none,winter_peak
2023-05-07,Ibuprofen_400mg,OTC,652,0.08,52.16,False,none,winter_peak
2023-05-08,Ibuprofen_400mg,OTC,861,0.08,68.88,False,none,winter_peak
2023-05-09,Ibuprofen_400mg,OTC,675,0.08,54.0,False,none,winter_peak
2023-05-10,Ibuprofen_400mg,OTC,845,0.08,67.6,False,none,winter_peak
2023-05-11,Ibuprofen_400mg,OTC,775,0.08,62.0,False,none,winter_peak
2023-05-12,Ibuprofen_400mg,OTC,925,0.08,74.0,False,none,winter_peak
2023-05-13,Ibuprofen_400mg,OTC,685,0.08,54.8,False,none,winter_peak
2023-05-14,Ibuprofen_400mg,OTC,665,0.08,53.2,False,none,winter_peak
2023-05-15,Ibuprofen_400mg,OTC,849,0.08,67.92,False,none,winter_peak
2023-05-16,Ibuprofen_400mg,OTC,752,0.08,60.16,False,none,winter_peak
2023-05-17,Ibuprofen_400mg,OTC,923,0.08,73.84,False,none,winter_peak
2023-05-18,Ibuprofen_400mg,OTC,947,0.08,75.76,False,none,winter_peak
2023-05-19,Ibuprofen_400mg,OTC,843,0.08,67.44,False,none,winter_peak
2023-05-20,Ibuprofen_400mg,OTC,736,0.08,58.88,False,none,winter_peak
2023-05-21,Ibuprofen_400mg,OTC,624,0.08,49.92,False,none,winter_peak
2023-05-22,Ibuprofen_400mg,OTC,765,0.08,61.2,False,none,winter_peak
2023-05-23,Ibuprofen_400mg,OTC,820,0.08,65.6,False,none,winter_peak
2023-05-24,Ibuprofen_400mg,OTC,846,0.08,67.68,False,none,winter_peak
2023-05-25,Ibuprofen_400mg,OTC,792,0.08,63.36,False,none,winter_peak
2023-05-26,Ibuprofen_400mg,OTC,853,0.08,68.24,False,none,winter_peak
2023-05-27,Ibuprofen_400mg,OTC,670,0.08,53.6,False,none,winter_peak
2023-05-28,Ibuprofen_400mg,OTC,602,0.08,48.16,False,none,winter_peak
2023-05-29,Ibuprofen_400mg,OTC,852,0.08,68.16,False,none,winter_peak
2023-05-30,Ibuprofen_400mg,OTC,875,0.08,70.0,False,none,winter_peak
2023-05-31,Ibuprofen_400mg,OTC,830,0.08,66.4,False,none,winter_peak
2023-06-01,Ibuprofen_400mg,OTC,841,0.08,67.28,False,none,winter_peak
2023-06-02,Ibuprofen_400mg,OTC,695,0.08,55.6,False,none,winter_peak
2023-06-03,Ibuprofen_400mg,OTC,639,0.08,51.12,False,none,winter_peak
2023-06-04,Ibuprofen_400mg,OTC,558,0.08,44.64,False,none,winter_peak
2023-06-05,Ibuprofen_400mg,OTC,702,0.08,56.16,False,none,winter_peak
2023-06-06,Ibuprofen_400mg,OTC,732,0.08,58.56,False,none,winter_peak
2023-06-07,Ibuprofen_400mg,OTC,713,0.08,57.04,False,none,winter_peak
2023-06-08,Ibuprofen_400mg,OTC,737,0.08,58.96,False,none,winter_peak
2023-06-09,Ibuprofen_400mg,OTC,758,0.08,60.64,False,none,winter_peak
2023-06-10,Ibuprofen_400mg,OTC,658,0.08,52.64,False,none,winter_peak
2023-06-11,Ibuprofen_400mg,OTC,601,0.08,48.08,False,none,winter_peak
2023-06-12,Ibuprofen_400mg,OTC,674,0.08,53.92,False,none,winter_peak
2023-06-13,Ibuprofen_400mg,OTC,842,0.08,67.36,False,none,winter_peak
2023-06-14,Ibuprofen_400mg,OTC,720,0.08,57.6,False,none,winter_peak
2023-06-15,Ibuprofen_400mg,OTC,768,0.08,61.44,False,none,winter_peak
2023-06-16,Ibuprofen_400mg,OTC,799,0.08,63.92,False,none,winter_peak
2023-06-17,Ibuprofen_400mg,OTC,627,0.08,50.16,False,none,winter_peak
2023-06-18,Ibuprofen_400mg,OTC,672,0.08,53.76,False,none,winter_peak
2023-06-19,Ibuprofen_400mg,OTC,802,0.08,64.16,False,none,winter_peak
2023-06-20,Ibuprofen_400mg,OTC,719,0.08,57.52,False,none,winter_peak
2023-06-21,Ibuprofen_400mg,OTC,907,0.08,72.56,False,none,winter_peak
2023-06-22,Ibuprofen_400mg,OTC,784,0.08,62.72,False,none,winter_peak
2023-06-23,Ibuprofen_400mg,OTC,763,0.08,61.04,False,none,winter_peak
2023-06-24,Ibuprofen_400mg,OTC,665,0.08,53.2,False,none,winter_peak
2023-06-25,Ibuprofen_400mg,OTC,630,0.08,50.4,False,none,winter_peak
2023-06-26,Ibuprofen_400mg,OTC,798,0.08,63.84,False,none,winter_peak
2023-06-27,Ibuprofen_400mg,OTC,927,0.08,74.16,False,none,winter_peak
2023-06-28,Ibuprofen_400mg,OTC,756,0.08,60.48,False,none,winter_peak
2023-06-29,Ibuprofen_400mg,OTC,753,0.08,60.24,False,none,winter_peak
2023-06-30,Ibuprofen_400mg,OTC,780,0.08,62.4,False,none,winter_peak
2023-07-01,Ibuprofen_400mg,OTC,688,0.08,55.04,False,none,winter_peak
2023-07-02,Ibuprofen_400mg,OTC,557,0.08,44.56,False,none,winter_peak
2023-07-03,Ibuprofen_400mg,OTC,668,0.08,53.44,False,none,winter_peak
2023-07-04,Ibuprofen_400mg,OTC,756,0.08,60.48,False,none,winter_peak
2023-07-05,Ibuprofen_400mg,OTC,689,0.08,55.12,False,none,winter_peak
2023-07-06,Ibuprofen_400mg,OTC,766,0.08,61.28,False,none,winter_peak
2023-07-07,Ibuprofen_400mg,OTC,825,0.08,66.0,False,none,winter_peak
2023-07-08,Ibuprofen_400mg,OTC,589,0.08,47.12,False,none,winter_peak
2023-07-09,Ibuprofen_400mg,OTC,562,0.08,44.96,False,none,winter_peak
2023-07-10,Ibuprofen_400mg,OTC,798,0.08,63.84,False,none,winter_peak
2023-07-11,Ibuprofen_400mg,OTC,849,0.08,67.92,False,none,winter_peak
2023-07-12,Ibuprofen_400mg,OTC,686,0.08,54.88,False,none,winter_peak
2023-07-13,Ibuprofen_400mg,OTC,846,0.08,67.68,False,none,winter_peak
2023-07-14,Ibuprofen_400mg,OTC,846,0.08,67.68,False,none,winter_peak
2023-07-15,Ibuprofen_400mg,OTC,684,0.08,54.72,False,none,winter_peak
2023-07-16,Ibuprofen_400mg,OTC,697,0.08,55.76,False,none,winter_peak
2023-07-17,Ibuprofen_400mg,OTC,934,0.08,74.72,False,none,winter_peak
2023-07-18,Ibuprofen_400mg,OTC,772,0.08,61.76,False,none,winter_peak
2023-07-19,Ibuprofen_400mg,OTC,801,0.08,64.08,False,none,winter_peak
2023-07-20,Ibuprofen_400mg,OTC,768,0.08,61.44,False,none,winter_peak
2023-07-21,Ibuprofen_400mg,OTC,795,0.08,63.6,False,none,winter_peak
2023-07-22,Ibuprofen_400mg,OTC,713,0.08,57.04,False,none,winter_peak
2023-07-23,Ibuprofen_400mg,OTC,567,0.08,45.36,False,none,winter_peak
2023-07-24,Ibuprofen_400mg,OTC,740,0.08,59.2,False,none,winter_peak
2023-07-25,Ibuprofen_400mg,OTC,883,0.08,70.64,False,none,winter_peak
2023-07-26,Ibuprofen_400mg,OTC,860,0.08,68.8,False,none,winter_peak
2023-07-27,Ibuprofen_400mg,OTC,772,0.08,61.76,False,none,winter_peak
2023-07-28,Ibuprofen_400mg,OTC,850,0.08,68.0,False,none,winter_peak
2023-07-29,Ibuprofen_400mg,OTC,653,0.08,52.24,False,none,winter_peak
2023-07-30,Ibuprofen_400mg,OTC,712,0.08,56.96,False,none,winter_peak
2023-07-31,Ibuprofen_400mg,OTC,800,0.08,64.0,False,none,winter_peak
2023-08-01,Ibuprofen_400mg,OTC,625,0.08,50.0,False,supply_shortage,winter_peak
2023-08-02,Ibuprofen_400mg,OTC,700,0.08,56.0,False,supply_shortage,winter_peak
2023-08-03,Ibuprofen_400mg,OTC,605,0.08,48.4,False,supply_shortage,winter_peak
2023-08-04,Ibuprofen_400mg,OTC,580,0.08,46.4,False,supply_shortage,winter_peak
2023-08-05,Ibuprofen_400mg,OTC,488,0.08,39.04,False,supply_shortage,winter_peak
2023-08-06,Ibuprofen_400mg,OTC,448,0.08,35.84,False,supply_shortage,winter_peak
2023-08-07,Ibuprofen_400mg,OTC,688,0.08,55.04,False,supply_shortage,winter_peak
2023-08-08,Ibuprofen_400mg,OTC,586,0.08,46.88,False,supply_shortage,winter_peak
2023-08-09,Ibuprofen_400mg,OTC,565,0.08,45.2,False,supply_shortage,winter_peak
2023-08-10,Ibuprofen_400mg,OTC,539,0.08,43.12,False,supply_shortage,winter_peak
2023-08-11,Ibuprofen_400mg,OTC,629,0.08,50.32,False,supply_shortage,winter_peak
2023-08-12,Ibuprofen_400mg,OTC,494,0.08,39.52,False,supply_shortage,winter_peak
2023-08-13,Ibuprofen_400mg,OTC,444,0.08,35.52,False,supply_shortage,winter_peak
2023-08-14,Ibuprofen_400mg,OTC,605,0.08,48.4,False,supply_shortage,winter_peak
2023-08-15,Ibuprofen_400mg,OTC,508,0.08,40.64,False,supply_shortage,winter_peak
2023-08-16,Ibuprofen_400mg,OTC,587,0.08,46.96,False,supply_shortage,winter_peak
2023-08-17,Ibuprofen_400mg,OTC,599,0.08,47.92,False,supply_shortage,winter_peak
2023-08-18,Ibuprofen_400mg,OTC,658,0.08,52.64,False,supply_shortage,winter_peak
2023-08-19,Ibuprofen_400mg,OTC,434,0.08,34.72,False,supply_shortage,winter_peak
2023-08-20,Ibuprofen_400mg,OTC,415,0.08,33.2,False,supply_shortage,winter_peak
2023-08-21,Ibuprofen_400mg,OTC,537,0.08,42.96,False,supply_shortage,winter_peak
2023-08-22,Ibuprofen_400mg,OTC,517,0.08,41.36,False,supply_shortage,winter_peak
2023-08-23,Ibuprofen_400mg,OTC,641,0.08,51.28,False,supply_shortage,winter_peak
2023-08-24,Ibuprofen_400mg,OTC,651,0.08,52.08,False,supply_shortage,winter_peak
2023-08-25,Ibuprofen_400mg,OTC,594,0.08,47.52,False,supply_shortage,winter_peak
2023-08-26,Ibuprofen_400mg,OTC,508,0.08,40.64,False,supply_shortage,winter_peak
2023-08-27,Ibuprofen_400mg,OTC,468,0.08,37.44,False,supply_shortage,winter_peak
2023-08-28,Ibuprofen_400mg,OTC,575,0.08,46.0,False,supply_shortage,winter_peak
2023-08-29,Ibuprofen_400mg,OTC,564,0.08,45.12,False,supply_shortage,winter_peak
2023-08-30,Ibuprofen_400mg,OTC,565,0.08,45.2,False,supply_shortage,winter_peak
2023-08-31,Ibuprofen_400mg,OTC,508,0.08,40.64,False,supply_shortage,winter_peak
2023-09-01,Ibuprofen_400mg,OTC,662,0.08,52.96,False,supply_shortage,winter_peak
2023-09-02,Ibuprofen_400mg,OTC,516,0.08,41.28,False,supply_shortage,winter_peak
2023-09-03,Ibuprofen_400mg,OTC,549,0.08,43.92,False,supply_shortage,winter_peak
2023-09-04,Ibuprofen_400mg,OTC,653,0.08,52.24,False,supply_shortage,winter_peak
2023-09-05,Ibuprofen_400mg,OTC,640,0.08,51.2,False,supply_shortage,winter_peak
2023-09-06,Ibuprofen_400mg,OTC,603,0.08,48.24,False,supply_shortage,winter_peak
2023-09-07,Ibuprofen_400mg,OTC,652,0.08,52.16,False,supply_shortage,winter_peak
2023-09-08,Ibuprofen_400mg,OTC,687,0.08,54.96,False,supply_shortage,winter_peak
2023-09-09,Ibuprofen_400mg,OTC,471,0.08,37.68,False,supply_shortage,winter_peak
2023-09-10,Ibuprofen_400mg,OTC,522,0.08,41.76,False,supply_shortage,winter_peak
2023-09-11,Ibuprofen_400mg,OTC,661,0.08,52.88,False,supply_shortage,winter_peak
2023-09-12,Ibuprofen_400mg,OTC,611,0.08,48.88,False,supply_shortage,winter_peak
2023-09-13,Ibuprofen_400mg,OTC,618,0.08,49.44,False,supply_shortage,winter_peak
2023-09-14,Ibuprofen_400mg,OTC,661,0.08,52.88,False,supply_shortage,winter_peak
2023-09-15,Ibuprofen_400mg,OTC,590,0.08,47.2,False,supply_shortage,winter_peak
2023-09-16,Ibuprofen_400mg,OTC,762,0.08,60.96,False,none,winter_peak
2023-09-17,Ibuprofen_400mg,OTC,688,0.08,55.04,False,none,winter_peak
2023-09-18,Ibuprofen_400mg,OTC,1007,0.08,80.56,False,none,winter_peak
2023-09-19,Ibuprofen_400mg,OTC,1101,0.08,88.08,False,none,winter_peak
2023-09-20,Ibuprofen_400mg,OTC,864,0.08,69.12,False,none,winter_peak
2023-09-21,Ibuprofen_400mg,OTC,968,0.08,77.44,False,none,winter_peak
2023-09-22,Ibuprofen_400mg,OTC,874,0.08,69.92,False,none,winter_peak
2023-09-23,Ibuprofen_400mg,OTC,804,0.08,64.32,False,none,winter_peak
2023-09-24,Ibuprofen_400mg,OTC,667,0.08,53.36,False,none,winter_peak
2023-09-25,Ibuprofen_400mg,OTC,964,0.08,77.12,False,none,winter_peak
2023-09-26,Ibuprofen_400mg,OTC,864,0.08,69.12,False,none,winter_peak
2023-09-27,Ibuprofen_400mg,OTC,913,0.08,73.04,False,none,winter_peak
2023-09-28,Ibuprofen_400mg,OTC,852,0.08,68.16,False,none,winter_peak
2023-09-29,Ibuprofen_400mg,OTC,990,0.08,79.2,False,none,winter_peak
2023-09-30,Ibuprofen_400mg,OTC,693,0.08,55.44,False,none,winter_peak
2023-10-01,Ibuprofen_400mg,OTC,857,0.08,68.56,False,none,winter_peak
2023-10-02,Ibuprofen_400mg,OTC,999,0.08,79.92,False,none,winter_peak
2023-10-03,Ibuprofen_400mg,OTC,1018,0.08,81.44,False,none,winter_peak
2023-10-04,Ibuprofen_400mg,OTC,1040,0.08,83.2,False,none,winter_peak
2023-10-05,Ibuprofen_400mg,OTC,965,0.08,77.2,False,none,winter_peak
2023-10-06,Ibuprofen_400mg,OTC,1045,0.08,83.6,False,none,winter_peak
2023-10-07,Ibuprofen_400mg,OTC,923,0.08,73.84,False,none,winter_peak
2023-10-08,Ibuprofen_400mg,OTC,771,0.08,61.68,False,none,winter_peak
2023-10-09,Ibuprofen_400mg,OTC,1125,0.08,90.0,False,none,winter_peak
2023-10-10,Ibuprofen_400mg,OTC,1152,0.08,92.16,False,none,winter_peak
2023-10-11,Ibuprofen_400mg,OTC,961,0.08,76.88,False,none,winter_peak
2023-10-12,Ibuprofen_400mg,OTC,909,0.08,72.72,False,none,winter_peak
2023-10-13,Ibuprofen_400mg,OTC,1054,0.08,84.32,False,none,winter_peak
2023-10-14,Ibuprofen_400mg,OTC,787,0.08,62.96,False,none,winter_peak
2023-10-15,Ibuprofen_400mg,OTC,946,0.08,75.68,False,none,winter_peak
2023-10-16,Ibuprofen_400mg,OTC,1032,0.08,82.56,False,none,winter_peak
2023-10-17,Ibuprofen_400mg,OTC,963,0.08,77.04,False,none,winter_peak
2023-10-18,Ibuprofen_400mg,OTC,935,0.08,74.8,False,none,winter_peak
2023-10-19,Ibuprofen_400mg,OTC,1119,0.08,89.52,False,none,winter_peak
2023-10-20,Ibuprofen_400mg,OTC,982,0.08,78.56,False,none,winter_peak
2023-10-21,Ibuprofen_400mg,OTC,826,0.08,66.08,False,none,winter_peak
2023-10-22,Ibuprofen_400mg,OTC,887,0.08,70.96,False,none,winter_peak
2023-10-23,Ibuprofen_400mg,OTC,990,0.08,79.2,False,none,winter_peak
2023-10-24,Ibuprofen_400mg,OTC,1026,0.08,82.08,False,none,winter_peak
2023-10-25,Ibuprofen_400mg,OTC,1029,0.08,82.32,False,none,winter_peak
2023-10-26,Ibuprofen_400mg,OTC,1087,0.08,86.96,False,none,winter_peak
2023-10-27,Ibuprofen_400mg,OTC,1079,0.08,86.32,False,none,winter_peak
2023-10-28,Ibuprofen_400mg,OTC,809,0.08,64.72,False,none,winter_peak
2023-10-29,Ibuprofen_400mg,OTC,828,0.08,66.24,False,none,winter_peak
2023-10-30,Ibuprofen_400mg,OTC,1000,0.08,80.0,False,none,winter_peak
2023-10-31,Ibuprofen_400mg,OTC,909,0.08,72.72,False,none,winter_peak
2023-11-01,Ibuprofen_400mg,OTC,1253,0.08,100.24,False,none,winter_peak
2023-11-02,Ibuprofen_400mg,OTC,1414,0.08,113.12,False,none,winter_peak
2023-11-03,Ibuprofen_400mg,OTC,1141,0.08,91.28,False,none,winter_peak
2023-11-04,Ibuprofen_400mg,OTC,921,0.08,73.68,False,none,winter_peak
2023-11-05,Ibuprofen_400mg,OTC,914,0.08,73.12,False,none,winter_peak
2023-11-06,Ibuprofen_400mg,OTC,1300,0.08,104.0,False,none,winter_peak
2023-11-07,Ibuprofen_400mg,OTC,1273,0.08,101.84,False,none,winter_peak
2023-11-08,Ibuprofen_400mg,OTC,1213,0.08,97.04,False,none,winter_peak
2023-11-09,Ibuprofen_400mg,OTC,1139,0.08,91.12,False,none,winter_peak
2023-11-10,Ibuprofen_400mg,OTC,1238,0.08,99.04,False,none,winter_peak
2023-11-11,Ibuprofen_400mg,OTC,860,0.08,68.8,False,none,winter_peak
2023-11-12,Ibuprofen_400mg,OTC,994,0.08,79.52,False,none,winter_peak
2023-11-13,Ibuprofen_400mg,OTC,1315,0.08,105.2,False,none,winter_peak
2023-11-14,Ibuprofen_400mg,OTC,1106,0.08,88.48,False,none,winter_peak
2023-11-15,Ibuprofen_400mg,OTC,1079,0.08,86.32,False,none,winter_peak
2023-11-16,Ibuprofen_400mg,OTC,1385,0.08,110.8,False,none,winter_peak
2023-11-17,Ibuprofen_400mg,OTC,1170,0.08,93.6,False,none,winter_peak
2023-11-18,Ibuprofen_400mg,OTC,1073,0.08,85.84,False,none,winter_peak
2023-11-19,Ibuprofen_400mg,OTC,972,0.08,77.76,False,none,winter_peak
2023-11-20,Ibuprofen_400mg,OTC,1215,0.08,97.2,False,none,winter_peak
2023-11-21,Ibuprofen_400mg,OTC,1274,0.08,101.92,False,none,winter_peak
2023-11-22,Ibuprofen_400mg,OTC,1144,0.08,91.52,False,none,winter_peak
2023-11-23,Ibuprofen_400mg,OTC,1244,0.08,99.52,False,none,winter_peak
2023-11-24,Ibuprofen_400mg,OTC,1194,0.08,95.52,False,none,winter_peak
2023-11-25,Ibuprofen_400mg,OTC,880,0.08,70.4,False,none,winter_peak
2023-11-26,Ibuprofen_400mg,OTC,1012,0.08,80.96,False,none,winter_peak
2023-11-27,Ibuprofen_400mg,OTC,1206,0.08,96.48,False,none,winter_peak
2023-11-28,Ibuprofen_400mg,OTC,1216,0.08,97.28,False,none,winter_peak
2023-11-29,Ibuprofen_400mg,OTC,1113,0.08,89.04,False,none,winter_peak
2023-11-30,Ibuprofen_400mg,OTC,1389,0.08,111.12,False,none,winter_peak
2023-12-01,Ibuprofen_400mg,OTC,1530,0.08,122.4,False,none,winter_peak
2023-12-02,Ibuprofen_400mg,OTC,1232,0.08,98.56,False,none,winter_peak
2023-12-03,Ibuprofen_400mg,OTC,1116,0.08,89.28,False,none,winter_peak
2023-12-04,Ibuprofen_400mg,OTC,1232,0.08,98.56,False,none,winter_peak
2023-12-05,Ibuprofen_400mg,OTC,1654,0.08,132.32,False,none,winter_peak
2023-12-06,Ibuprofen_400mg,OTC,1423,0.08,113.84,False,none,winter_peak
2023-12-07,Ibuprofen_400mg,OTC,1345,0.08,107.6,False,none,winter_peak
2023-12-08,Ibuprofen_400mg,OTC,1478,0.08,118.24,False,none,winter_peak
2023-12-09,Ibuprofen_400mg,OTC,1252,0.08,100.16,False,none,winter_peak
2023-12-10,Ibuprofen_400mg,OTC,1142,0.08,91.36,False,none,winter_peak
2023-12-11,Ibuprofen_400mg,OTC,1578,0.08,126.24,False,none,winter_peak
2023-12-12,Ibuprofen_400mg,OTC,1555,0.08,124.4,False,none,winter_peak
2023-12-13,Ibuprofen_400mg,OTC,1308,0.08,104.64,False,none,winter_peak
2023-12-14,Ibuprofen_400mg,OTC,1355,0.08,108.4,False,none,winter_peak
2023-12-15,Ibuprofen_400mg,OTC,1542,0.08,123.36,False,none,winter_peak
2023-12-16,Ibuprofen_400mg,OTC,896,0.08,71.68,False,none,winter_peak
2023-12-17,Ibuprofen_400mg,OTC,1132,0.08,90.56,False,none,winter_peak
2023-12-18,Ibuprofen_400mg,OTC,1268,0.08,101.44,False,none,winter_peak
2023-12-19,Ibuprofen_400mg,OTC,1378,0.08,110.24,False,none,winter_peak
2023-12-20,Ibuprofen_400mg,OTC,1399,0.08,111.92,False,none,winter_peak
2023-12-21,Ibuprofen_400mg,OTC,1392,0.08,111.36,False,none,winter_peak
2023-12-22,Ibuprofen_400mg,OTC,1370,0.08,109.6,False,none,winter_peak
2023-12-23,Ibuprofen_400mg,OTC,1046,0.08,83.68,False,none,winter_peak
2023-12-24,Ibuprofen_400mg,OTC,1357,0.08,108.56,False,none,winter_peak
2023-12-25,Ibuprofen_400mg,OTC,1648,0.08,131.84,False,none,winter_peak
2023-12-26,Ibuprofen_400mg,OTC,1301,0.08,104.08,False,none,winter_peak
2023-12-27,Ibuprofen_400mg,OTC,1616,0.08,129.28,False,none,winter_peak
2023-12-28,Ibuprofen_400mg,OTC,1388,0.08,111.04,False,none,winter_peak
2023-12-29,Ibuprofen_400mg,OTC,1449,0.08,115.92,False,none,winter_peak
2023-12-30,Ibuprofen_400mg,OTC,1141,0.08,91.28,False,none,winter_peak
2023-12-31,Ibuprofen_400mg,OTC,1087,0.08,86.96,False,none,winter_peak
2024-01-01,Ibuprofen_400mg,OTC,1495,0.08,119.6,False,none,winter_peak
2024-01-02,Ibuprofen_400mg,OTC,1400,0.08,112.0,False,none,winter_peak
2024-01-03,Ibuprofen_400mg,OTC,1333,0.08,106.64,False,none,winter_peak
2024-01-04,Ibuprofen_400mg,OTC,1241,0.08,99.28,False,none,winter_peak
2024-01-05,Ibuprofen_400mg,OTC,1287,0.08,102.96,False,none,winter_peak
2024-01-06,Ibuprofen_400mg,OTC,963,0.08,77.04,False,none,winter_peak
2024-01-07,Ibuprofen_400mg,OTC,1110,0.08,88.8,False,none,winter_peak
2024-01-08,Ibuprofen_400mg,OTC,1254,0.08,100.32,False,none,winter_peak
2024-01-09,Ibuprofen_400mg,OTC,1357,0.08,108.56,False,none,winter_peak
2024-01-10,Ibuprofen_400mg,OTC,1539,0.08,123.12,False,none,winter_peak
2024-01-11,Ibuprofen_400mg,OTC,1520,0.08,121.6,False,none,winter_peak
2024-01-12,Ibuprofen_400mg,OTC,1384,0.08,110.72,False,none,winter_peak
2024-01-13,Ibuprofen_400mg,OTC,1102,0.08,88.16,False,none,winter_peak
2024-01-14,Ibuprofen_400mg,OTC,1277,0.08,102.16,False,none,winter_peak
2024-01-15,Ibuprofen_400mg,OTC,1446,0.08,115.68,False,none,winter_peak
2024-01-16,Ibuprofen_400mg,OTC,1352,0.08,108.16,False,none,winter_peak
2024-01-17,Ibuprofen_400mg,OTC,1230,0.08,98.4,False,none,winter_peak
2024-01-18,Ibuprofen_400mg,OTC,1432,0.08,114.56,False,none,winter_peak
2024-01-19,Ibuprofen_400mg,OTC,1481,0.08,118.48,False,none,winter_peak
2024-01-20,Ibuprofen_400mg,OTC,1055,0.08,84.4,False,none,winter_peak
2024-01-21,Ibuprofen_400mg,OTC,1136,0.08,90.88,False,none,winter_peak
2024-01-22,Ibuprofen_400mg,OTC,1349,0.08,107.92,False,none,winter_peak
2024-01-23,Ibuprofen_400mg,OTC,1369,0.08,109.52,False,none,winter_peak
2024-01-24,Ibuprofen_400mg,OTC,1113,0.08,89.04,False,none,winter_peak
2024-01-25,Ibuprofen_400mg,OTC,1365,0.08,109.2,False,none,winter_peak
2024-01-26,Ibuprofen_400mg,OTC,1498,0.08,119.84,False,none,winter_peak
2024-01-27,Ibuprofen_400mg,OTC,1056,0.08,84.48,False,none,winter_peak
2024-01-28,Ibuprofen_400mg,OTC,1116,0.08,89.28,False,none,winter_peak
2024-01-29,Ibuprofen_400mg,OTC,1306,0.08,104.48,False,none,winter_peak
2024-01-30,Ibuprofen_400mg,OTC,1431,0.08,114.48,False,none,winter_peak
2024-01-31,Ibuprofen_400mg,OTC,1367,0.08,109.36,False,none,winter_peak
2024-02-01,Ibuprofen_400mg,OTC,1240,0.08,99.2,False,none,winter_peak
2024-02-02,Ibuprofen_400mg,OTC,1484,0.08,118.72,False,none,winter_peak
2024-02-03,Ibuprofen_400mg,OTC,1152,0.08,92.16,False,none,winter_peak
2024-02-04,Ibuprofen_400mg,OTC,1021,0.08,81.68,False,none,winter_peak
2024-02-05,Ibuprofen_400mg,OTC,1395,0.08,111.6,False,none,winter_peak
2024-02-06,Ibuprofen_400mg,OTC,1400,0.08,112.0,False,none,winter_peak
2024-02-07,Ibuprofen_400mg,OTC,1411,0.08,112.88,False,none,winter_peak
2024-02-08,Ibuprofen_400mg,OTC,1160,0.08,92.8,False,none,winter_peak
2024-02-09,Ibuprofen_400mg,OTC,1451,0.08,116.08,False,none,winter_peak
2024-02-10,Ibuprofen_400mg,OTC,1024,0.08,81.92,False,none,winter_peak
2024-02-11,Ibuprofen_400mg,OTC,1043,0.08,83.44,False,none,winter_peak
2024-02-12,Ibuprofen_400mg,OTC,1627,0.08,130.16,False,none,winter_peak
2024-02-13,Ibuprofen_400mg,OTC,1376,0.08,110.08,False,none,winter_peak
2024-02-14,Ibuprofen_400mg,OTC,1302,0.08,104.16,False,none,winter_peak
2024-02-15,Ibuprofen_400mg,OTC,1106,0.08,88.48,False,none,winter_peak
2024-02-16,Ibuprofen_400mg,OTC,1493,0.08,119.44,False,none,winter_peak
2024-02-17,Ibuprofen_400mg,OTC,959,0.08,76.72,False,none,winter_peak
2024-02-18,Ibuprofen_400mg,OTC,988,0.08,79.04,False,none,winter_peak
2024-02-19,Ibuprofen_400mg,OTC,1309,0.08,104.72,False,none,winter_peak
2024-02-20,Ibuprofen_400mg,OTC,1497,0.08,119.76,False,none,winter_peak
2024-02-21,Ibuprofen_400mg,OTC,1428,0.08,114.24,False,none,winter_peak
2024-02-22,Ibuprofen_400mg,OTC,1328,0.08,106.24,False,none,winter_peak
2024-02-23,Ibuprofen_400mg,OTC,1378,0.08,110.24,False,none,winter_peak
2024-02-24,Ibuprofen_400mg,OTC,1024,0.08,81.92,False,none,winter_peak
2024-02-25,Ibuprofen_400mg,OTC,1088,0.08,87.04,False,none,winter_peak
2024-02-26,Ibuprofen_400mg,OTC,1353,0.08,108.24,False,none,winter_peak
2024-02-27,Ibuprofen_400mg,OTC,1450,0.08,116.0,False,none,winter_peak
2024-02-28,Ibuprofen_400mg,OTC,1450,0.08,116.0,False,none,winter_peak
2024-02-29,Ibuprofen_400mg,OTC,1399,0.08,111.92,False,none,winter_peak
2024-03-01,Ibuprofen_400mg,OTC,1065,0.08,85.2,False,none,winter_peak
2024-03-02,Ibuprofen_400mg,OTC,929,0.08,74.32,False,none,winter_peak
2024-03-03,Ibuprofen_400mg,OTC,871,0.08,69.68,False,none,winter_peak
2024-03-04,Ibuprofen_400mg,OTC,1002,0.08,80.16,False,none,winter_peak
2024-03-05,Ibuprofen_400mg,OTC,1062,0.08,84.96,False,none,winter_peak
2024-03-06,Ibuprofen_400mg,OTC,1105,0.08,88.4,False,none,winter_peak
2024-03-07,Ibuprofen_400mg,OTC,1177,0.08,94.16,False,none,winter_peak
2024-03-08,Ibuprofen_400mg,OTC,1081,0.08,86.48,False,none,winter_peak
2024-03-09,Ibuprofen_400mg,OTC,792,0.08,63.36,False,none,winter_peak
2024-03-10,Ibuprofen_400mg,OTC,882,0.08,70.56,False,none,winter_peak
2024-03-11,Ibuprofen_400mg,OTC,1108,0.08,88.64,False,none,winter_peak
2024-03-12,Ibuprofen_400mg,OTC,1114,0.08,89.12,False,none,winter_peak
2024-03-13,Ibuprofen_400mg,OTC,1179,0.08,94.32,False,none,winter_peak
2024-03-14,Ibuprofen_400mg,OTC,1188,0.08,95.04,False,none,winter_peak
2024-03-15,Ibuprofen_400mg,OTC,1046,0.08,83.68,False,none,winter_peak
2024-03-16,Ibuprofen_400mg,OTC,835,0.08,66.8,False,none,winter_peak
2024-03-17,Ibuprofen_400mg,OTC,805,0.08,64.4,False,none,winter_peak
2024-03-18,Ibuprofen_400mg,OTC,1160,0.08,92.8,False,none,winter_peak
2024-03-19,Ibuprofen_400mg,OTC,1227,0.08,98.16,False,none,winter_peak
2024-03-20,Ibuprofen_400mg,OTC,1071,0.08,85.68,False,none,winter_peak
2024-03-21,Ibuprofen_400mg,OTC,1078,0.08,86.24,False,none,winter_peak
2024-03-22,Ibuprofen_400mg,OTC,1229,0.08,98.32,False,none,winter_peak
2024-03-23,Ibuprofen_400mg,OTC,915,0.08,73.2,False,none,winter_peak
2024-03-24,Ibuprofen_400mg,OTC,910,0.08,72.8,False,none,winter_peak
2024-03-25,Ibuprofen_400mg,OTC,995,0.08,79.6,False,none,winter_peak
2024-03-26,Ibuprofen_400mg,OTC,1160,0.08,92.8,False,none,winter_peak
2024-03-27,Ibuprofen_400mg,OTC,1018,0.08,81.44,False,none,winter_peak
2024-03-28,Ibuprofen_400mg,OTC,1000,0.08,80.0,False,none,winter_peak
2024-03-29,Ibuprofen_400mg,OTC,1070,0.08,85.6,False,none,winter_peak
2024-03-30,Ibuprofen_400mg,OTC,839,0.08,67.12,False,none,winter_peak
2024-03-31,Ibuprofen_400mg,OTC,864,0.08,69.12,False,none,winter_peak
2024-04-01,Ibuprofen_400mg,OTC,797,0.08,63.76,False,none,winter_peak
2024-04-02,Ibuprofen_400mg,OTC,970,0.08,77.6,False,none,winter_peak
2024-04-03,Ibuprofen_400mg,OTC,982,0.08,78.56,False,none,winter_peak
2024-04-04,Ibuprofen_400mg,OTC,760,0.08,60.8,False,none,winter_peak
2024-04-05,Ibuprofen_400mg,OTC,972,0.08,77.76,False,none,winter_peak
2024-04-06,Ibuprofen_400mg,OTC,674,0.08,53.92,False,none,winter_peak
2024-04-07,Ibuprofen_400mg,OTC,770,0.08,61.6,False,none,winter_peak
2024-04-08,Ibuprofen_400mg,OTC,896,0.08,71.68,False,none,winter_peak
2024-04-09,Ibuprofen_400mg,OTC,904,0.08,72.32,False,none,winter_peak
2024-04-10,Ibuprofen_400mg,OTC,888,0.08,71.04,False,none,winter_peak
2024-04-11,Ibuprofen_400mg,OTC,989,0.08,79.12,False,none,winter_peak
2024-04-12,Ibuprofen_400mg,OTC,812,0.08,64.96,False,none,winter_peak
2024-04-13,Ibuprofen_400mg,OTC,756,0.08,60.48,False,none,winter_peak
2024-04-14,Ibuprofen_400mg,OTC,785,0.08,62.8,False,none,winter_peak
2024-04-15,Ibuprofen_400mg,OTC,954,0.08,76.32,False,none,winter_peak
2024-04-16,Ibuprofen_400mg,OTC,1070,0.08,85.6,False,none,winter_peak
2024-04-17,Ibuprofen_400mg,OTC,864,0.08,69.12,False,none,winter_peak
2024-04-18,Ibuprofen_400mg,OTC,972,0.08,77.76,False,none,winter_peak
2024-04-19,Ibuprofen_400mg,OTC,895,0.08,71.6,False,none,winter_peak
2024-04-20,Ibuprofen_400mg,OTC,793,0.08,63.44,False,none,winter_peak
2024-04-21,Ibuprofen_400mg,OTC,721,0.08,57.68,False,none,winter_peak
2024-04-22,Ibuprofen_400mg,OTC,875,0.08,70.0,False,none,winter_peak
2024-04-23,Ibuprofen_400mg,OTC,997,0.08,79.76,False,none,winter_peak
2024-04-24,Ibuprofen_400mg,OTC,868,0.08,69.44,False,none,winter_peak
2024-04-25,Ibuprofen_400mg,OTC,801,0.08,64.08,False,none,winter_peak
2024-04-26,Ibuprofen_400mg,OTC,866,0.08,69.28,False,none,winter_peak
2024-04-27,Ibuprofen_400mg,OTC,758,0.08,60.64,False,none,winter_peak
2024-04-28,Ibuprofen_400mg,OTC,803,0.08,64.24,False,none,winter_peak
2024-04-29,Ibuprofen_400mg,OTC,912,0.08,72.96,False,none,winter_peak
2024-04-30,Ibuprofen_400mg,OTC,999,0.08,79.92,False,none,winter_peak
2024-05-01,Ibuprofen_400mg,OTC,761,0.08,60.88,False,none,winter_peak
2024-05-02,Ibuprofen_400mg,OTC,823,0.08,65.84,False,none,winter_peak
2024-05-03,Ibuprofen_400mg,OTC,834,0.08,66.72,False,none,winter_peak
2024-05-04,Ibuprofen_400mg,OTC,676,0.08,54.08,False,none,winter_peak
2024-05-05,Ibuprofen_400mg,OTC,688,0.08,55.04,False,none,winter_peak
2024-05-06,Ibuprofen_400mg,OTC,901,0.08,72.08,False,none,winter_peak
2024-05-07,Ibuprofen_400mg,OTC,824,0.08,65.92,False,none,winter_peak
2024-05-08,Ibuprofen_400mg,OTC,864,0.08,69.12,False,none,winter_peak
2024-05-09,Ibuprofen_400mg,OTC,851,0.08,68.08,False,none,winter_peak
2024-05-10,Ibuprofen_400mg,OTC,791,0.08,63.28,False,none,winter_peak
2024-05-11,Ibuprofen_400mg,OTC,677,0.08,54.16,False,none,winter_peak
2024-05-12,Ibuprofen_400mg,OTC,676,0.08,54.08,False,none,winter_peak
2024-05-13,Ibuprofen_400mg,OTC,844,0.08,67.52,False,none,winter_peak
2024-05-14,Ibuprofen_400mg,OTC,857,0.08,68.56,False,none,winter_peak
2024-05-15,Ibuprofen_400mg,OTC,860,0.08,68.8,False,none,winter_peak
2024-05-16,Ibuprofen_400mg,OTC,826,0.08,66.08,False,none,winter_peak
2024-05-17,Ibuprofen_400mg,OTC,942,0.08,75.36,False,none,winter_peak
2024-05-18,Ibuprofen_400mg,OTC,620,0.08,49.6,False,none,winter_peak
2024-05-19,Ibuprofen_400mg,OTC,644,0.08,51.52,False,none,winter_peak
2024-05-20,Ibuprofen_400mg,OTC,1046,0.08,83.68,False,none,winter_peak
2024-05-21,Ibuprofen_400mg,OTC,785,0.08,62.8,False,none,winter_peak
2024-05-22,Ibuprofen_400mg,OTC,763,0.08,61.04,False,none,winter_peak
2024-05-23,Ibuprofen_400mg,OTC,906,0.08,72.48,False,none,winter_peak
2024-05-24,Ibuprofen_400mg,OTC,714,0.08,57.12,False,none,winter_peak
2024-05-25,Ibuprofen_400mg,OTC,672,0.08,53.76,False,none,winter_peak
2024-05-26,Ibuprofen_400mg,OTC,802,0.08,64.16,False,none,winter_peak
2024-05-27,Ibuprofen_400mg,OTC,750,0.08,60.0,False,none,winter_peak
2024-05-28,Ibuprofen_400mg,OTC,721,0.08,57.68,False,none,winter_peak
2024-05-29,Ibuprofen_400mg,OTC,754,0.08,60.32,False,none,winter_peak
2024-05-30,Ibuprofen_400mg,OTC,918,0.08,73.44,False,none,winter_peak
2024-05-31,Ibuprofen_400mg,OTC,934,0.08,74.72,False,none,winter_peak
2024-06-01,Ibuprofen_400mg,OTC,618,0.08,49.44,False,none,winter_peak
2024-06-02,Ibuprofen_400mg,OTC,680,0.08,54.4,False,none,winter_peak
2024-06-03,Ibuprofen_400mg,OTC,896,0.08,71.68,False,none,winter_peak
2024-06-04,Ibuprofen_400mg,OTC,922,0.08,73.76,False,none,winter_peak
2024-06-05,Ibuprofen_400mg,OTC,791,0.08,63.28,False,none,winter_peak
2024-06-06,Ibuprofen_400mg,OTC,658,0.08,52.64,False,none,winter_peak
2024-06-07,Ibuprofen_400mg,OTC,754,0.08,60.32,False,none,winter_peak
2024-06-08,Ibuprofen_400mg,OTC,624,0.08,49.92,False,none,winter_peak
2024-06-09,Ibuprofen_400mg,OTC,632,0.08,50.56,False,none,winter_peak
2024-06-10,Ibuprofen_400mg,OTC,795,0.08,63.6,False,none,winter_peak
2024-06-11,Ibuprofen_400mg,OTC,880,0.08,70.4,False,none,winter_peak
2024-06-12,Ibuprofen_400mg,OTC,890,0.08,71.2,False,none,winter_peak
2024-06-13,Ibuprofen_400mg,OTC,797,0.08,63.76,False,none,winter_peak
2024-06-14,Ibuprofen_400mg,OTC,879,0.08,70.32,False,none,winter_peak
2024-06-15,Ibuprofen_400mg,OTC,664,0.08,53.12,False,none,winter_peak
2024-06-16,Ibuprofen_400mg,OTC,649,0.08,51.92,False,none,winter_peak
2024-06-17,Ibuprofen_400mg,OTC,867,0.08,69.36,False,none,winter_peak
2024-06-18,Ibuprofen_400mg,OTC,813,0.08,65.04,False,none,winter_peak
2024-06-19,Ibuprofen_400mg,OTC,941,0.08,75.28,False,none,winter_peak
2024-06-20,Ibuprofen_400mg,OTC,715,0.08,57.2,False,none,winter_peak
2024-06-21,Ibuprofen_400mg,OTC,775,0.08,62.0,False,none,winter_peak
2024-06-22,Ibuprofen_400mg,OTC,640,0.08,51.2,False,none,winter_peak
2024-06-23,Ibuprofen_400mg,OTC,669,0.08,53.52,False,none,winter_peak
2024-06-24,Ibuprofen_400mg,OTC,891,0.08,71.28,False,none,winter_peak
2024-06-25,Ibuprofen_400mg,OTC,807,0.08,64.56,False,none,winter_peak
2024-06-26,Ibuprofen_400mg,OTC,717,0.08,57.36,False,none,winter_peak
2024-06-27,Ibuprofen_400mg,OTC,864,0.08,69.12,False,none,winter_peak
2024-06-28,Ibuprofen_400mg,OTC,858,0.08,68.64,False,none,winter_peak
2024-06-29,Ibuprofen_400mg,OTC,546,0.08,43.68,False,none,winter_peak
2024-06-30,Ibuprofen_400mg,OTC,647,0.08,51.76,False,none,winter_peak
2024-07-01,Ibuprofen_400mg,OTC,724,0.08,57.92,False,none,winter_peak
2024-07-02,Ibuprofen_400mg,OTC,786,0.08,62.88,False,none,winter_peak
2024-07-03,Ibuprofen_400mg,OTC,770,0.08,61.6,False,none,winter_peak
2024-07-04,Ibuprofen_400mg,OTC,884,0.08,70.72,False,none,winter_peak
2024-07-05,Ibuprofen_400mg,OTC,838,0.08,67.04,False,none,winter_peak
2024-07-06,Ibuprofen_400mg,OTC,596,0.08,47.68,False,none,winter_peak
2024-07-07,Ibuprofen_400mg,OTC,711,0.08,56.88,False,none,winter_peak
2024-07-08,Ibuprofen_400mg,OTC,735,0.08,58.8,False,none,winter_peak
2024-07-09,Ibuprofen_400mg,OTC,852,0.08,68.16,False,none,winter_peak
2024-07-10,Ibuprofen_400mg,OTC,776,0.08,62.08,False,none,winter_peak
2024-07-11,Ibuprofen_400mg,OTC,806,0.08,64.48,False,none,winter_peak
2024-07-12,Ibuprofen_400mg,OTC,864,0.08,69.12,False,none,winter_peak
2024-07-13,Ibuprofen_400mg,OTC,692,0.08,55.36,False,none,winter_peak
2024-07-14,Ibuprofen_400mg,OTC,736,0.08,58.88,False,none,winter_peak
2024-07-15,Ibuprofen_400mg,OTC,826,0.08,66.08,False,none,winter_peak
2024-07-16,Ibuprofen_400mg,OTC,852,0.08,68.16,False,none,winter_peak
2024-07-17,Ibuprofen_400mg,OTC,802,0.08,64.16,False,none,winter_peak
2024-07-18,Ibuprofen_400mg,OTC,844,0.08,67.52,False,none,winter_peak
2024-07-19,Ibuprofen_400mg,OTC,861,0.08,68.88,False,none,winter_peak
2024-07-20,Ibuprofen_400mg,OTC,660,0.08,52.8,False,none,winter_peak
2024-07-21,Ibuprofen_400mg,OTC,569,0.08,45.52,False,none,winter_peak
2024-07-22,Ibuprofen_400mg,OTC,854,0.08,68.32,False,none,winter_peak
2024-07-23,Ibuprofen_400mg,OTC,856,0.08,68.48,False,none,winter_peak
2024-07-24,Ibuprofen_400mg,OTC,787,0.08,62.96,False,none,winter_peak
2024-07-25,Ibuprofen_400mg,OTC,747,0.08,59.76,False,none,winter_peak
2024-07-26,Ibuprofen_400mg,OTC,931,0.08,74.48,False,none,winter_peak
2024-07-27,Ibuprofen_400mg,OTC,692,0.08,55.36,False,none,winter_peak
2024-07-28,Ibuprofen_400mg,OTC,653,0.08,52.24,False,none,winter_peak
2024-07-29,Ibuprofen_400mg,OTC,757,0.08,60.56,False,none,winter_peak
2024-07-30,Ibuprofen_400mg,OTC,778,0.08,62.24,False,none,winter_peak
2024-07-31,Ibuprofen_400mg,OTC,920,0.08,73.6,False,none,winter_peak
2024-08-01,Ibuprofen_400mg,OTC,873,0.08,69.84,False,none,winter_peak
2024-08-02,Ibuprofen_400mg,OTC,825,0.08,66.0,False,none,winter_peak
2024-08-03,Ibuprofen_400mg,OTC,719,0.08,57.52,False,none,winter_peak
2024-08-04,Ibuprofen_400mg,OTC,645,0.08,51.6,False,none,winter_peak
2024-08-05,Ibuprofen_400mg,OTC,968,0.08,77.44,False,none,winter_peak
2024-08-06,Ibuprofen_400mg,OTC,957,0.08,76.56,False,none,winter_peak
2024-08-07,Ibuprofen_400mg,OTC,832,0.08,66.56,False,none,winter_peak
2024-08-08,Ibuprofen_400mg,OTC,821,0.08,65.68,False,none,winter_peak
2024-08-09,Ibuprofen_400mg,OTC,683,0.08,54.64,False,none,winter_peak
2024-08-10,Ibuprofen_400mg,OTC,609,0.08,48.72,False,none,winter_peak
2024-08-11,Ibuprofen_400mg,OTC,617,0.08,49.36,False,none,winter_peak
2024-08-12,Ibuprofen_400mg,OTC,874,0.08,69.92,False,none,winter_peak
2024-08-13,Ibuprofen_400mg,OTC,842,0.08,67.36,False,none,winter_peak
2024-08-14,Ibuprofen_400mg,OTC,772,0.08,61.76,False,none,winter_peak
2024-08-15,Ibuprofen_400mg,OTC,845,0.08,67.6,False,none,winter_peak
2024-08-16,Ibuprofen_400mg,OTC,900,0.08,72.0,False,none,winter_peak
2024-08-17,Ibuprofen_400mg,OTC,721,0.08,57.68,False,none,winter_peak
2024-08-18,Ibuprofen_400mg,OTC,587,0.08,46.96,False,none,winter_peak
2024-08-19,Ibuprofen_400mg,OTC,856,0.08,68.48,False,none,winter_peak
2024-08-20,Ibuprofen_400mg,OTC,769,0.08,61.52,False,none,winter_peak
2024-08-21,Ibuprofen_400mg,OTC,928,0.08,74.24,False,none,winter_peak
2024-08-22,Ibuprofen_400mg,OTC,920,0.08,73.6,False,none,winter_peak
2024-08-23,Ibuprofen_400mg,OTC,803,0.08,64.24,False,none,winter_peak
2024-08-24,Ibuprofen_400mg,OTC,650,0.08,52.0,False,none,winter_peak
2024-08-25,Ibuprofen_400mg,OTC,667,0.08,53.36,False,none,winter_peak
2024-08-26,Ibuprofen_400mg,OTC,710,0.08,56.8,False,none,winter_peak
2024-08-27,Ibuprofen_400mg,OTC,889,0.08,71.12,False,none,winter_peak
2024-08-28,Ibuprofen_400mg,OTC,847,0.08,67.76,False,none,winter_peak
2024-08-29,Ibuprofen_400mg,OTC,934,0.08,74.72,False,none,winter_peak
2024-08-30,Ibuprofen_400mg,OTC,790,0.08,63.2,False,none,winter_peak
2024-08-31,Ibuprofen_400mg,OTC,659,0.08,52.72,False,none,winter_peak
2024-09-01,Ibuprofen_400mg,OTC,681,0.08,54.48,False,none,winter_peak
2024-09-02,Ibuprofen_400mg,OTC,891,0.08,71.28,False,none,winter_peak
2024-09-03,Ibuprofen_400mg,OTC,877,0.08,70.16,False,none,winter_peak
2024-09-04,Ibuprofen_400mg,OTC,1046,0.08,83.68,False,none,winter_peak
2024-09-05,Ibuprofen_400mg,OTC,915,0.08,73.2,False,none,winter_peak
2024-09-06,Ibuprofen_400mg,OTC,979,0.08,78.32,False,none,winter_peak
2024-09-07,Ibuprofen_400mg,OTC,752,0.08,60.16,False,none,winter_peak
2024-09-08,Ibuprofen_400mg,OTC,696,0.08,55.68,False,none,winter_peak
2024-09-09,Ibuprofen_400mg,OTC,956,0.08,76.48,False,none,winter_peak
2024-09-10,Ibuprofen_400mg,OTC,1016,0.08,81.28,False,none,winter_peak
2024-09-11,Ibuprofen_400mg,OTC,876,0.08,70.08,False,none,winter_peak
2024-09-12,Ibuprofen_400mg,OTC,1033,0.08,82.64,False,none,winter_peak
2024-09-13,Ibuprofen_400mg,OTC,904,0.08,72.32,False,none,winter_peak
2024-09-14,Ibuprofen_400mg,OTC,746,0.08,59.68,False,none,winter_peak
2024-09-15,Ibuprofen_400mg,OTC,808,0.08,64.64,False,none,winter_peak
2024-09-16,Ibuprofen_400mg,OTC,919,0.08,73.52,False,none,winter_peak
2024-09-17,Ibuprofen_400mg,OTC,973,0.08,77.84,False,none,winter_peak
2024-09-18,Ibuprofen_400mg,OTC,946,0.08,75.68,False,none,winter_peak
2024-09-19,Ibuprofen_400mg,OTC,981,0.08,78.48,False,none,winter_peak
2024-09-20,Ibuprofen_400mg,OTC,786,0.08,62.88,False,none,winter_peak
2024-09-21,Ibuprofen_400mg,OTC,663,0.08,53.04,False,none,winter_peak
2024-09-22,Ibuprofen_400mg,OTC,815,0.08,65.2,False,none,winter_peak
2024-09-23,Ibuprofen_400mg,OTC,1052,0.08,84.16,False,none,winter_peak
2024-09-24,Ibuprofen_400mg,OTC,900,0.08,72.0,False,none,winter_peak
2024-09-25,Ibuprofen_400mg,OTC,952,0.08,76.16,False,none,winter_peak
2024-09-26,Ibuprofen_400mg,OTC,994,0.08,79.52,False,none,winter_peak
2024-09-27,Ibuprofen_400mg,OTC,1026,0.08,82.08,False,none,winter_peak
2024-09-28,Ibuprofen_400mg,OTC,651,0.08,52.08,False,none,winter_peak
2024-09-29,Ibuprofen_400mg,OTC,722,0.08,57.76,False,none,winter_peak
2024-09-30,Ibuprofen_400mg,OTC,946,0.08,75.68,False,none,winter_peak
2024-10-01,Ibuprofen_400mg,OTC,1135,0.08,90.8,False,none,winter_peak
2024-10-02,Ibuprofen_400mg,OTC,1289,0.08,103.12,False,none,winter_peak
2024-10-03,Ibuprofen_400mg,OTC,1055,0.08,84.4,False,none,winter_peak
2024-10-04,Ibuprofen_400mg,OTC,954,0.08,76.32,False,none,winter_peak
2024-10-05,Ibuprofen_400mg,OTC,888,0.08,71.04,False,none,winter_peak
2024-10-06,Ibuprofen_400mg,OTC,951,0.08,76.08,False,none,winter_peak
2024-10-07,Ibuprofen_400mg,OTC,1085,0.08,86.8,False,none,winter_peak
2024-10-08,Ibuprofen_400mg,OTC,997,0.08,79.76,False,none,winter_peak
2024-10-09,Ibuprofen_400mg,OTC,1158,0.08,92.64,False,none,winter_peak
2024-10-10,Ibuprofen_400mg,OTC,1133,0.08,90.64,False,none,winter_peak
2024-10-11,Ibuprofen_400mg,OTC,987,0.08,78.96,False,none,winter_peak
2024-10-12,Ibuprofen_400mg,OTC,887,0.08,70.96,False,none,winter_peak
2024-10-13,Ibuprofen_400mg,OTC,929,0.08,74.32,False,none,winter_peak
2024-10-14,Ibuprofen_400mg,OTC,1178,0.08,94.24,False,none,winter_peak
2024-10-15,Ibuprofen_400mg,OTC,1071,0.08,85.68,False,none,winter_peak
2024-10-16,Ibuprofen_400mg,OTC,1046,0.08,83.68,False,none,winter_peak
2024-10-17,Ibuprofen_400mg,OTC,1182,0.08,94.56,False,none,winter_peak
2024-10-18,Ibuprofen_400mg,OTC,972,0.08,77.76,False,none,winter_peak
2024-10-19,Ibuprofen_400mg,OTC,892,0.08,71.36,False,none,winter_peak
2024-10-20,Ibuprofen_400mg,OTC,767,0.08,61.36,False,none,winter_peak
2024-10-21,Ibuprofen_400mg,OTC,1169,0.08,93.52,False,none,winter_peak
2024-10-22,Ibuprofen_400mg,OTC,1055,0.08,84.4,False,none,winter_peak
2024-10-23,Ibuprofen_400mg,OTC,1187,0.08,94.96,False,none,winter_peak
2024-10-24,Ibuprofen_400mg,OTC,1120,0.08,89.6,False,none,winter_peak
2024-10-25,Ibuprofen_400mg,OTC,972,0.08,77.76,False,none,winter_peak
2024-10-26,Ibuprofen_400mg,OTC,960,0.08,76.8,False,none,winter_peak
2024-10-27,Ibuprofen_400mg,OTC,969,0.08,77.52,False,none,winter_peak
2024-10-28,Ibuprofen_400mg,OTC,1154,0.08,92.32,False,none,winter_peak
2024-10-29,Ibuprofen_400mg,OTC,1012,0.08,80.96,False,none,winter_peak
2024-10-30,Ibuprofen_400mg,OTC,1052,0.08,84.16,False,none,winter_peak
2024-10-31,Ibuprofen_400mg,OTC,1091,0.08,87.28,False,none,winter_peak
2024-11-01,Ibuprofen_400mg,OTC,2181,0.08,174.48,False,flu_outbreak,winter_peak
2024-11-02,Ibuprofen_400mg,OTC,2100,0.08,168.0,False,flu_outbreak,winter_peak
2024-11-03,Ibuprofen_400mg,OTC,1871,0.08,149.68,False,flu_outbreak,winter_peak
2024-11-04,Ibuprofen_400mg,OTC,1812,0.08,144.96,False,flu_outbreak,winter_peak
2024-11-05,Ibuprofen_400mg,OTC,2376,0.08,190.08,False,flu_outbreak,winter_peak
2024-11-06,Ibuprofen_400mg,OTC,2249,0.08,179.92,False,flu_outbreak,winter_peak
2024-11-07,Ibuprofen_400mg,OTC,2299,0.08,183.92,False,flu_outbreak,winter_peak
2024-11-08,Ibuprofen_400mg,OTC,2245,0.08,179.6,False,flu_outbreak,winter_peak
2024-11-09,Ibuprofen_400mg,OTC,1970,0.08,157.6,False,flu_outbreak,winter_peak
2024-11-10,Ibuprofen_400mg,OTC,2016,0.08,161.28,False,flu_outbreak,winter_peak
2024-11-11,Ibuprofen_400mg,OTC,2367,0.08,189.36,False,flu_outbreak,winter_peak
2024-11-12,Ibuprofen_400mg,OTC,2252,0.08,180.16,False,flu_outbreak,winter_peak
2024-11-13,Ibuprofen_400mg,OTC,2307,0.08,184.56,False,flu_outbreak,winter_peak
2024-11-14,Ibuprofen_400mg,OTC,2319,0.08,185.52,False,flu_outbreak,winter_peak
2024-11-15,Ibuprofen_400mg,OTC,2167,0.08,173.36,False,flu_outbreak,winter_peak
2024-11-16,Ibuprofen_400mg,OTC,1938,0.08,155.04,False,flu_outbreak,winter_peak
2024-11-17,Ibuprofen_400mg,OTC,1920,0.08,153.6,False,flu_outbreak,winter_peak
2024-11-18,Ibuprofen_400mg,OTC,2602,0.08,208.16,False,flu_outbreak,winter_peak
2024-11-19,Ibuprofen_400mg,OTC,2549,0.08,203.92,False,flu_outbreak,winter_peak
2024-11-20,Ibuprofen_400mg,OTC,2190,0.08,175.2,False,flu_outbreak,winter_peak
2024-11-21,Ibuprofen_400mg,OTC,2469,0.08,197.52,False,flu_outbreak,winter_peak
2024-11-22,Ibuprofen_400mg,OTC,2141,0.08,171.28,False,flu_outbreak,winter_peak
2024-11-23,Ibuprofen_400mg,OTC,1957,0.08,156.56,False,flu_outbreak,winter_peak
2024-11-24,Ibuprofen_400mg,OTC,1777,0.08,142.16,False,flu_outbreak,winter_peak
2024-11-25,Ibuprofen_400mg,OTC,2128,0.08,170.24,False,flu_outbreak,winter_peak
2024-11-26,Ibuprofen_400mg,OTC,2370,0.08,189.6,False,flu_outbreak,winter_peak
2024-11-27,Ibuprofen_400mg,OTC,1823,0.08,145.84,False,flu_outbreak,winter_peak
2024-11-28,Ibuprofen_400mg,OTC,1994,0.08,159.52,False,flu_outbreak,winter_peak
2024-11-29,Ibuprofen_400mg,OTC,2286,0.08,182.88,False,flu_outbreak,winter_peak
2024-11-30,Ibuprofen_400mg,OTC,1868,0.08,149.44,False,flu_outbreak,winter_peak
2024-12-01,Ibuprofen_400mg,OTC,2089,0.08,167.12,False,flu_outbreak,winter_peak
2024-12-02,Ibuprofen_400mg,OTC,2351,0.08,188.08,False,flu_outbreak,winter_peak
2024-12-03,Ibuprofen_400mg,OTC,2516,0.08,201.28,False,flu_outbreak,winter_peak
2024-12-04,Ibuprofen_400mg,OTC,2776,0.08,222.08,False,flu_outbreak,winter_peak
2024-12-05,Ibuprofen_400mg,OTC,2818,0.08,225.44,False,flu_outbreak,winter_peak
2024-12-06,Ibuprofen_400mg,OTC,2689,0.08,215.12,False,flu_outbreak,winter_peak
2024-12-07,Ibuprofen_400mg,OTC,2353,0.08,188.24,False,flu_outbreak,winter_peak
2024-12-08,Ibuprofen_400mg,OTC,2223,0.08,177.84,False,flu_outbreak,winter_peak
2024-12-09,Ibuprofen_400mg,OTC,2533,0.08,202.64,False,flu_outbreak,winter_peak
2024-12-10,Ibuprofen_400mg,OTC,2634,0.08,210.72,False,flu_outbreak,winter_peak
2024-12-11,Ibuprofen_400mg,OTC,2392,0.08,191.36,False,flu_outbreak,winter_peak
2024-12-12,Ibuprofen_400mg,OTC,2671,0.08,213.68,False,flu_outbreak,winter_peak
2024-12-13,Ibuprofen_400mg,OTC,2935,0.08,234.8,False,flu_outbreak,winter_peak
2024-12-14,Ibuprofen_400mg,OTC,2274,0.08,181.92,False,flu_outbreak,winter_peak
2024-12-15,Ibuprofen_400mg,OTC,2398,0.08,191.84,False,flu_outbreak,winter_peak
2024-12-16,Ibuprofen_400mg,OTC,2631,0.08,210.48,False,flu_outbreak,winter_peak
2024-12-17,Ibuprofen_400mg,OTC,2987,0.08,238.96,False,flu_outbreak,winter_peak
2024-12-18,Ibuprofen_400mg,OTC,2655,0.08,212.4,False,flu_outbreak,winter_peak
2024-12-19,Ibuprofen_400mg,OTC,3015,0.08,241.2,False,flu_outbreak,winter_peak
2024-12-20,Ibuprofen_400mg,OTC,2693,0.08,215.44,False,flu_outbreak,winter_peak
2024-12-21,Ibuprofen_400mg,OTC,2280,0.08,182.4,False,flu_outbreak,winter_peak
2024-12-22,Ibuprofen_400mg,OTC,2412,0.08,192.96,False,flu_outbreak,winter_peak
2024-12-23,Ibuprofen_400mg,OTC,2657,0.08,212.56,False,flu_outbreak,winter_peak
2024-12-24,Ibuprofen_400mg,OTC,2746,0.08,219.68,False,flu_outbreak,winter_peak
2024-12-25,Ibuprofen_400mg,OTC,2977,0.08,238.16,False,flu_outbreak,winter_peak
2024-12-26,Ibuprofen_400mg,OTC,2671,0.08,213.68,False,flu_outbreak,winter_peak
2024-12-27,Ibuprofen_400mg,OTC,2414,0.08,193.12,False,flu_outbreak,winter_peak
2024-12-28,Ibuprofen_400mg,OTC,2530,0.08,202.4,False,flu_outbreak,winter_peak
2024-12-29,Ibuprofen_400mg,OTC,2079,0.08,166.32,False,flu_outbreak,winter_peak
2024-12-30,Ibuprofen_400mg,OTC,2735,0.08,218.8,False,flu_outbreak,winter_peak
2024-12-31,Ibuprofen_400mg,OTC,2951,0.08,236.08,False,flu_outbreak,winter_peak
2022-01-01,Omeprazole_20mg,Gastrointestinal,551,0.15,82.65,False,covid_wave,stable
2022-01-02,Omeprazole_20mg,Gastrointestinal,532,0.15,79.8,False,covid_wave,stable
2022-01-03,Omeprazole_20mg,Gastrointestinal,739,0.15,110.85,False,covid_wave,stable
2022-01-04,Omeprazole_20mg,Gastrointestinal,621,0.15,93.15,False,covid_wave,stable
2022-01-05,Omeprazole_20mg,Gastrointestinal,708,0.15,106.2,False,covid_wave,stable
2022-01-06,Omeprazole_20mg,Gastrointestinal,739,0.15,110.85,False,covid_wave,stable
2022-01-07,Omeprazole_20mg,Gastrointestinal,709,0.15,106.35,False,covid_wave,stable
2022-01-08,Omeprazole_20mg,Gastrointestinal,508,0.15,76.2,False,covid_wave,stable
2022-01-09,Omeprazole_20mg,Gastrointestinal,654,0.15,98.1,False,covid_wave,stable
2022-01-10,Omeprazole_20mg,Gastrointestinal,731,0.15,109.65,False,covid_wave,stable
2022-01-11,Omeprazole_20mg,Gastrointestinal,809,0.15,121.35,False,covid_wave,stable
2022-01-12,Omeprazole_20mg,Gastrointestinal,710,0.15,106.5,False,covid_wave,stable
2022-01-13,Omeprazole_20mg,Gastrointestinal,675,0.15,101.25,False,covid_wave,stable
2022-01-14,Omeprazole_20mg,Gastrointestinal,741,0.15,111.15,False,covid_wave,stable
2022-01-15,Omeprazole_20mg,Gastrointestinal,570,0.15,85.5,False,covid_wave,stable
2022-01-16,Omeprazole_20mg,Gastrointestinal,526,0.15,78.9,False,covid_wave,stable
2022-01-17,Omeprazole_20mg,Gastrointestinal,812,0.15,121.8,False,covid_wave,stable
2022-01-18,Omeprazole_20mg,Gastrointestinal,690,0.15,103.5,False,covid_wave,stable
2022-01-19,Omeprazole_20mg,Gastrointestinal,619,0.15,92.85,False,covid_wave,stable
2022-01-20,Omeprazole_20mg,Gastrointestinal,804,0.15,120.6,False,covid_wave,stable
2022-01-21,Omeprazole_20mg,Gastrointestinal,697,0.15,104.55,False,covid_wave,stable
2022-01-22,Omeprazole_20mg,Gastrointestinal,552,0.15,82.8,False,covid_wave,stable
2022-01-23,Omeprazole_20mg,Gastrointestinal,499,0.15,74.85,False,covid_wave,stable
2022-01-24,Omeprazole_20mg,Gastrointestinal,828,0.15,124.2,False,covid_wave,stable
2022-01-25,Omeprazole_20mg,Gastrointestinal,652,0.15,97.8,False,covid_wave,stable
2022-01-26,Omeprazole_20mg,Gastrointestinal,730,0.15,109.5,False,covid_wave,stable
2022-01-27,Omeprazole_20mg,Gastrointestinal,780,0.15,117.0,False,covid_wave,stable
2022-01-28,Omeprazole_20mg,Gastrointestinal,752,0.15,112.8,False,covid_wave,stable
2022-01-29,Omeprazole_20mg,Gastrointestinal,579,0.15,86.85,False,covid_wave,stable
2022-01-30,Omeprazole_20mg,Gastrointestinal,502,0.15,75.3,False,covid_wave,stable
2022-01-31,Omeprazole_20mg,Gastrointestinal,680,0.15,102.0,False,covid_wave,stable
2022-02-01,Omeprazole_20mg,Gastrointestinal,739,0.15,110.85,False,covid_wave,stable
2022-02-02,Omeprazole_20mg,Gastrointestinal,682,0.15,102.3,False,covid_wave,stable
2022-02-03,Omeprazole_20mg,Gastrointestinal,740,0.15,111.0,False,covid_wave,stable
2022-02-04,Omeprazole_20mg,Gastrointestinal,768,0.15,115.2,False,covid_wave,stable
2022-02-05,Omeprazole_20mg,Gastrointestinal,627,0.15,94.05,False,covid_wave,stable
2022-02-06,Omeprazole_20mg,Gastrointestinal,525,0.15,78.75,False,covid_wave,stable
2022-02-07,Omeprazole_20mg,Gastrointestinal,856,0.15,128.4,False,covid_wave,stable
2022-02-08,Omeprazole_20mg,Gastrointestinal,773,0.15,115.95,False,covid_wave,stable
2022-02-09,Omeprazole_20mg,Gastrointestinal,728,0.15,109.2,False,covid_wave,stable
2022-02-10,Omeprazole_20mg,Gastrointestinal,792,0.15,118.8,False,covid_wave,stable
2022-02-11,Omeprazole_20mg,Gastrointestinal,867,0.15,130.05,False,covid_wave,stable
2022-02-12,Omeprazole_20mg,Gastrointestinal,516,0.15,77.4,False,covid_wave,stable
2022-02-13,Omeprazole_20mg,Gastrointestinal,572,0.15,85.8,False,covid_wave,stable
2022-02-14,Omeprazole_20mg,Gastrointestinal,590,0.15,88.5,False,covid_wave,stable
2022-02-15,Omeprazole_20mg,Gastrointestinal,740,0.15,111.0,False,covid_wave,stable
2022-02-16,Omeprazole_20mg,Gastrointestinal,750,0.15,112.5,False,covid_wave,stable
2022-02-17,Omeprazole_20mg,Gastrointestinal,727,0.15,109.05,False,covid_wave,stable
2022-02-18,Omeprazole_20mg,Gastrointestinal,691,0.15,103.65,False,covid_wave,stable
2022-02-19,Omeprazole_20mg,Gastrointestinal,488,0.15,73.2,False,covid_wave,stable
2022-02-20,Omeprazole_20mg,Gastrointestinal,600,0.15,90.0,False,covid_wave,stable
2022-02-21,Omeprazole_20mg,Gastrointestinal,815,0.15,122.25,False,covid_wave,stable
2022-02-22,Omeprazole_20mg,Gastrointestinal,695,0.15,104.25,False,covid_wave,stable
2022-02-23,Omeprazole_20mg,Gastrointestinal,755,0.15,113.25,False,covid_wave,stable
2022-02-24,Omeprazole_20mg,Gastrointestinal,638,0.15,95.7,False,covid_wave,stable
2022-02-25,Omeprazole_20mg,Gastrointestinal,757,0.15,113.55,False,covid_wave,stable
2022-02-26,Omeprazole_20mg,Gastrointestinal,565,0.15,84.75,False,covid_wave,stable
2022-02-27,Omeprazole_20mg,Gastrointestinal,548,0.15,82.2,False,covid_wave,stable
2022-02-28,Omeprazole_20mg,Gastrointestinal,686,0.15,102.9,False,covid_wave,stable
2022-03-01,Omeprazole_20mg,Gastrointestinal,707,0.15,106.05,False,covid_wave,stable
2022-03-02,Omeprazole_20mg,Gastrointestinal,753,0.15,112.95,False,covid_wave,stable
2022-03-03,Omeprazole_20mg,Gastrointestinal,654,0.15,98.1,False,covid_wave,stable
2022-03-04,Omeprazole_20mg,Gastrointestinal,707,0.15,106.05,False,covid_wave,stable
2022-03-05,Omeprazole_20mg,Gastrointestinal,582,0.15,87.3,False,covid_wave,stable
2022-03-06,Omeprazole_20mg,Gastrointestinal,533,0.15,79.95,False,covid_wave,stable
2022-03-07,Omeprazole_20mg,Gastrointestinal,836,0.15,125.4,False,covid_wave,stable
2022-03-08,Omeprazole_20mg,Gastrointestinal,681,0.15,102.15,False,covid_wave,stable
2022-03-09,Omeprazole_20mg,Gastrointestinal,692,0.15,103.8,False,covid_wave,stable
2022-03-10,Omeprazole_20mg,Gastrointestinal,674,0.15,101.1,False,covid_wave,stable
2022-03-11,Omeprazole_20mg,Gastrointestinal,837,0.15,125.55,False,covid_wave,stable
2022-03-12,Omeprazole_20mg,Gastrointestinal,611,0.15,91.65,False,covid_wave,stable
2022-03-13,Omeprazole_20mg,Gastrointestinal,541,0.15,81.15,False,covid_wave,stable
2022-03-14,Omeprazole_20mg,Gastrointestinal,796,0.15,119.4,False,covid_wave,stable
2022-03-15,Omeprazole_20mg,Gastrointestinal,744,0.15,111.6,False,covid_wave,stable
2022-03-16,Omeprazole_20mg,Gastrointestinal,747,0.15,112.05,False,covid_wave,stable
2022-03-17,Omeprazole_20mg,Gastrointestinal,712,0.15,106.8,False,covid_wave,stable
2022-03-18,Omeprazole_20mg,Gastrointestinal,688,0.15,103.2,False,covid_wave,stable
2022-03-19,Omeprazole_20mg,Gastrointestinal,601,0.15,90.15,False,covid_wave,stable
2022-03-20,Omeprazole_20mg,Gastrointestinal,560,0.15,84.0,False,covid_wave,stable
2022-03-21,Omeprazole_20mg,Gastrointestinal,839,0.15,125.85,False,covid_wave,stable
2022-03-22,Omeprazole_20mg,Gastrointestinal,658,0.15,98.7,False,covid_wave,stable
2022-03-23,Omeprazole_20mg,Gastrointestinal,823,0.15,123.45,False,covid_wave,stable
2022-03-24,Omeprazole_20mg,Gastrointestinal,726,0.15,108.9,False,covid_wave,stable
2022-03-25,Omeprazole_20mg,Gastrointestinal,750,0.15,112.5,False,covid_wave,stable
2022-03-26,Omeprazole_20mg,Gastrointestinal,625,0.15,93.75,False,covid_wave,stable
2022-03-27,Omeprazole_20mg,Gastrointestinal,556,0.15,83.4,False,covid_wave,stable
2022-03-28,Omeprazole_20mg,Gastrointestinal,784,0.15,117.6,False,covid_wave,stable
2022-03-29,Omeprazole_20mg,Gastrointestinal,574,0.15,86.1,False,covid_wave,stable
2022-03-30,Omeprazole_20mg,Gastrointestinal,691,0.15,103.65,False,covid_wave,stable
2022-03-31,Omeprazole_20mg,Gastrointestinal,679,0.15,101.85,False,covid_wave,stable
2022-04-01,Omeprazole_20mg,Gastrointestinal,455,0.15,68.25,False,none,stable
2022-04-02,Omeprazole_20mg,Gastrointestinal,397,0.15,59.55,False,none,stable
2022-04-03,Omeprazole_20mg,Gastrointestinal,416,0.15,62.4,False,none,stable
2022-04-04,Omeprazole_20mg,Gastrointestinal,534,0.15,80.1,False,none,stable
2022-04-05,Omeprazole_20mg,Gastrointestinal,516,0.15,77.4,False,none,stable
2022-04-06,Omeprazole_20mg,Gastrointestinal,479,0.15,71.85,False,none,stable
2022-04-07,Omeprazole_20mg,Gastrointestinal,521,0.15,78.15,False,none,stable
2022-04-08,Omeprazole_20mg,Gastrointestinal,511,0.15,76.65,False,none,stable
2022-04-09,Omeprazole_20mg,Gastrointestinal,435,0.15,65.25,False,none,stable
2022-04-10,Omeprazole_20mg,Gastrointestinal,430,0.15,64.5,False,none,stable
2022-04-11,Omeprazole_20mg,Gastrointestinal,508,0.15,76.2,False,none,stable
2022-04-12,Omeprazole_20mg,Gastrointestinal,470,0.15,70.5,False,none,stable
2022-04-13,Omeprazole_20mg,Gastrointestinal,480,0.15,72.0,False,none,stable
2022-04-14,Omeprazole_20mg,Gastrointestinal,484,0.15,72.6,False,none,stable
2022-04-15,Omeprazole_20mg,Gastrointestinal,494,0.15,74.1,False,none,stable
2022-04-16,Omeprazole_20mg,Gastrointestinal,414,0.15,62.1,False,none,stable
2022-04-17,Omeprazole_20mg,Gastrointestinal,428,0.15,64.2,False,none,stable
2022-04-18,Omeprazole_20mg,Gastrointestinal,505,0.15,75.75,False,none,stable
2022-04-19,Omeprazole_20mg,Gastrointestinal,508,0.15,76.2,False,none,stable
2022-04-20,Omeprazole_20mg,Gastrointestinal,513,0.15,76.95,False,none,stable
2022-04-21,Omeprazole_20mg,Gastrointestinal,486,0.15,72.9,False,none,stable
2022-04-22,Omeprazole_20mg,Gastrointestinal,470,0.15,70.5,False,none,stable
2022-04-23,Omeprazole_20mg,Gastrointestinal,348,0.15,52.2,False,none,stable
2022-04-24,Omeprazole_20mg,Gastrointestinal,383,0.15,57.45,False,none,stable
2022-04-25,Omeprazole_20mg,Gastrointestinal,527,0.15,79.05,False,none,stable
2022-04-26,Omeprazole_20mg,Gastrointestinal,479,0.15,71.85,False,none,stable
2022-04-27,Omeprazole_20mg,Gastrointestinal,498,0.15,74.7,False,none,stable
2022-04-28,Omeprazole_20mg,Gastrointestinal,526,0.15,78.9,False,none,stable
2022-04-29,Omeprazole_20mg,Gastrointestinal,529,0.15,79.35,False,none,stable
2022-04-30,Omeprazole_20mg,Gastrointestinal,371,0.15,55.65,False,none,stable
2022-05-01,Omeprazole_20mg,Gastrointestinal,438,0.15,65.7,False,none,stable
2022-05-02,Omeprazole_20mg,Gastrointestinal,554,0.15,83.1,False,none,stable
2022-05-03,Omeprazole_20mg,Gastrointestinal,462,0.15,69.3,False,none,stable
2022-05-04,Omeprazole_20mg,Gastrointestinal,474,0.15,71.1,False,none,stable
2022-05-05,Omeprazole_20mg,Gastrointestinal,556,0.15,83.4,False,none,stable
2022-05-06,Omeprazole_20mg,Gastrointestinal,502,0.15,75.3,False,none,stable
2022-05-07,Omeprazole_20mg,Gastrointestinal,334,0.15,50.1,False,none,stable
2022-05-08,Omeprazole_20mg,Gastrointestinal,360,0.15,54.0,False,none,stable
2022-05-09,Omeprazole_20mg,Gastrointestinal,498,0.15,74.7,False,none,stable
2022-05-10,Omeprazole_20mg,Gastrointestinal,461,0.15,69.15,False,none,stable
2022-05-11,Omeprazole_20mg,Gastrointestinal,492,0.15,73.8,False,none,stable
2022-05-12,Omeprazole_20mg,Gastrointestinal,510,0.15,76.5,False,none,stable
2022-05-13,Omeprazole_20mg,Gastrointestinal,568,0.15,85.2,False,none,stable
2022-05-14,Omeprazole_20mg,Gastrointestinal,397,0.15,59.55,False,none,stable
2022-05-15,Omeprazole_20mg,Gastrointestinal,441,0.15,66.15,False,none,stable
2022-05-16,Omeprazole_20mg,Gastrointestinal,567,0.15,85.05,False,none,stable
2022-05-17,Omeprazole_20mg,Gastrointestinal,567,0.15,85.05,False,none,stable
2022-05-18,Omeprazole_20mg,Gastrointestinal,520,0.15,78.0,False,none,stable
2022-05-19,Omeprazole_20mg,Gastrointestinal,429,0.15,64.35,False,none,stable
2022-05-20,Omeprazole_20mg,Gastrointestinal,528,0.15,79.2,False,none,stable
2022-05-21,Omeprazole_20mg,Gastrointestinal,441,0.15,66.15,False,none,stable
2022-05-22,Omeprazole_20mg,Gastrointestinal,404,0.15,60.6,False,none,stable
2022-05-23,Omeprazole_20mg,Gastrointestinal,580,0.15,87.0,False,none,stable
2022-05-24,Omeprazole_20mg,Gastrointestinal,544,0.15,81.6,False,none,stable
2022-05-25,Omeprazole_20mg,Gastrointestinal,533,0.15,79.95,False,none,stable
2022-05-26,Omeprazole_20mg,Gastrointestinal,554,0.15,83.1,False,none,stable
2022-05-27,Omeprazole_20mg,Gastrointestinal,523,0.15,78.45,False,none,stable
2022-05-28,Omeprazole_20mg,Gastrointestinal,326,0.15,48.9,False,none,stable
2022-05-29,Omeprazole_20mg,Gastrointestinal,391,0.15,58.65,False,none,stable
2022-05-30,Omeprazole_20mg,Gastrointestinal,559,0.15,83.85,False,none,stable
2022-05-31,Omeprazole_20mg,Gastrointestinal,477,0.15,71.55,False,none,stable
2022-06-01,Omeprazole_20mg,Gastrointestinal,501,0.15,75.15,False,none,stable
2022-06-02,Omeprazole_20mg,Gastrointestinal,467,0.15,70.05,False,none,stable
2022-06-03,Omeprazole_20mg,Gastrointestinal,583,0.15,87.45,False,none,stable
2022-06-04,Omeprazole_20mg,Gastrointestinal,463,0.15,69.45,False,none,stable
2022-06-05,Omeprazole_20mg,Gastrointestinal,379,0.15,56.85,False,none,stable
2022-06-06,Omeprazole_20mg,Gastrointestinal,516,0.15,77.4,False,none,stable
2022-06-07,Omeprazole_20mg,Gastrointestinal,482,0.15,72.3,False,none,stable
2022-06-08,Omeprazole_20mg,Gastrointestinal,535,0.15,80.25,False,none,stable
2022-06-09,Omeprazole_20mg,Gastrointestinal,531,0.15,79.65,False,none,stable
2022-06-10,Omeprazole_20mg,Gastrointestinal,544,0.15,81.6,False,none,stable
2022-06-11,Omeprazole_20mg,Gastrointestinal,419,0.15,62.85,False,none,stable
2022-06-12,Omeprazole_20mg,Gastrointestinal,504,0.15,75.6,False,none,stable
2022-06-13,Omeprazole_20mg,Gastrointestinal,469,0.15,70.35,False,none,stable
2022-06-14,Omeprazole_20mg,Gastrointestinal,441,0.15,66.15,False,none,stable
2022-06-15,Omeprazole_20mg,Gastrointestinal,495,0.15,74.25,False,none,stable
2022-06-16,Omeprazole_20mg,Gastrointestinal,447,0.15,67.05,False,none,stable
2022-06-17,Omeprazole_20mg,Gastrointestinal,450,0.15,67.5,False,none,stable
2022-06-18,Omeprazole_20mg,Gastrointestinal,376,0.15,56.4,False,none,stable
2022-06-19,Omeprazole_20mg,Gastrointestinal,378,0.15,56.7,False,none,stable
2022-06-20,Omeprazole_20mg,Gastrointestinal,472,0.15,70.8,False,none,stable
2022-06-21,Omeprazole_20mg,Gastrointestinal,532,0.15,79.8,False,none,stable
2022-06-22,Omeprazole_20mg,Gastrointestinal,491,0.15,73.65,False,none,stable
2022-06-23,Omeprazole_20mg,Gastrointestinal,504,0.15,75.6,False,none,stable
2022-06-24,Omeprazole_20mg,Gastrointestinal,548,0.15,82.2,False,none,stable
2022-06-25,Omeprazole_20mg,Gastrointestinal,384,0.15,57.6,False,none,stable
2022-06-26,Omeprazole_20mg,Gastrointestinal,400,0.15,60.0,False,none,stable
2022-06-27,Omeprazole_20mg,Gastrointestinal,527,0.15,79.05,False,none,stable
2022-06-28,Omeprazole_20mg,Gastrointestinal,432,0.15,64.8,False,none,stable
2022-06-29,Omeprazole_20mg,Gastrointestinal,414,0.15,62.1,False,none,stable
2022-06-30,Omeprazole_20mg,Gastrointestinal,526,0.15,78.9,False,none,stable
2022-07-01,Omeprazole_20mg,Gastrointestinal,532,0.15,79.8,False,none,stable
2022-07-02,Omeprazole_20mg,Gastrointestinal,477,0.15,71.55,False,none,stable
2022-07-03,Omeprazole_20mg,Gastrointestinal,415,0.15,62.25,False,none,stable
2022-07-04,Omeprazole_20mg,Gastrointestinal,546,0.15,81.9,False,none,stable
2022-07-05,Omeprazole_20mg,Gastrointestinal,504,0.15,75.6,False,none,stable
2022-07-06,Omeprazole_20mg,Gastrointestinal,524,0.15,78.6,False,none,stable
2022-07-07,Omeprazole_20mg,Gastrointestinal,581,0.15,87.15,False,none,stable
2022-07-08,Omeprazole_20mg,Gastrointestinal,425,0.15,63.75,False,none,stable
2022-07-09,Omeprazole_20mg,Gastrointestinal,423,0.15,63.45,False,none,stable
2022-07-10,Omeprazole_20mg,Gastrointestinal,480,0.15,72.0,False,none,stable
2022-07-11,Omeprazole_20mg,Gastrointestinal,524,0.15,78.6,False,none,stable
2022-07-12,Omeprazole_20mg,Gastrointestinal,580,0.15,87.0,False,none,stable
2022-07-13,Omeprazole_20mg,Gastrointestinal,487,0.15,73.05,False,none,stable
2022-07-14,Omeprazole_20mg,Gastrointestinal,511,0.15,76.65,False,none,stable
2022-07-15,Omeprazole_20mg,Gastrointestinal,514,0.15,77.1,False,none,stable
2022-07-16,Omeprazole_20mg,Gastrointestinal,337,0.15,50.55,False,none,stable
2022-07-17,Omeprazole_20mg,Gastrointestinal,372,0.15,55.8,False,none,stable
2022-07-18,Omeprazole_20mg,Gastrointestinal,468,0.15,70.2,False,none,stable
2022-07-19,Omeprazole_20mg,Gastrointestinal,547,0.15,82.05,False,none,stable
2022-07-20,Omeprazole_20mg,Gastrointestinal,549,0.15,82.35,False,none,stable
2022-07-21,Omeprazole_20mg,Gastrointestinal,527,0.15,79.05,False,none,stable
2022-07-22,Omeprazole_20mg,Gastrointestinal,547,0.15,82.05,False,none,stable
2022-07-23,Omeprazole_20mg,Gastrointestinal,405,0.15,60.75,False,none,stable
2022-07-24,Omeprazole_20mg,Gastrointestinal,450,0.15,67.5,False,none,stable
2022-07-25,Omeprazole_20mg,Gastrointestinal,514,0.15,77.1,False,none,stable
2022-07-26,Omeprazole_20mg,Gastrointestinal,516,0.15,77.4,False,none,stable
2022-07-27,Omeprazole_20mg,Gastrointestinal,503,0.15,75.45,False,none,stable
2022-07-28,Omeprazole_20mg,Gastrointestinal,542,0.15,81.3,False,none,stable
2022-07-29,Omeprazole_20mg,Gastrointestinal,496,0.15,74.4,False,none,stable
2022-07-30,Omeprazole_20mg,Gastrointestinal,443,0.15,66.45,False,none,stable
2022-07-31,Omeprazole_20mg,Gastrointestinal,373,0.15,55.95,False,none,stable
2022-08-01,Omeprazole_20mg,Gastrointestinal,469,0.15,70.35,False,none,stable
2022-08-02,Omeprazole_20mg,Gastrointestinal,542,0.15,81.3,False,none,stable
2022-08-03,Omeprazole_20mg,Gastrointestinal,511,0.15,76.65,False,none,stable
2022-08-04,Omeprazole_20mg,Gastrointestinal,496,0.15,74.4,False,none,stable
2022-08-05,Omeprazole_20mg,Gastrointestinal,551,0.15,82.65,False,none,stable
2022-08-06,Omeprazole_20mg,Gastrointestinal,391,0.15,58.65,False,none,stable
2022-08-07,Omeprazole_20mg,Gastrointestinal,404,0.15,60.6,False,none,stable
2022-08-08,Omeprazole_20mg,Gastrointestinal,572,0.15,85.8,False,none,stable
2022-08-09,Omeprazole_20mg,Gastrointestinal,578,0.15,86.7,False,none,stable
2022-08-10,Omeprazole_20mg,Gastrointestinal,579,0.15,86.85,False,none,stable
2022-08-11,Omeprazole_20mg,Gastrointestinal,503,0.15,75.45,False,none,stable
2022-08-12,Omeprazole_20mg,Gastrointestinal,566,0.15,84.9,False,none,stable
2022-08-13,Omeprazole_20mg,Gastrointestinal,380,0.15,57.0,False,none,stable
2022-08-14,Omeprazole_20mg,Gastrointestinal,382,0.15,57.3,False,none,stable
2022-08-15,Omeprazole_20mg,Gastrointestinal,418,0.15,62.7,False,none,stable
2022-08-16,Omeprazole_20mg,Gastrointestinal,584,0.15,87.6,False,none,stable
2022-08-17,Omeprazole_20mg,Gastrointestinal,479,0.15,71.85,False,none,stable
2022-08-18,Omeprazole_20mg,Gastrointestinal,510,0.15,76.5,False,none,stable
2022-08-19,Omeprazole_20mg,Gastrointestinal,478,0.15,71.7,False,none,stable
2022-08-20,Omeprazole_20mg,Gastrointestinal,435,0.15,65.25,False,none,stable
2022-08-21,Omeprazole_20mg,Gastrointestinal,400,0.15,60.0,False,none,stable
2022-08-22,Omeprazole_20mg,Gastrointestinal,462,0.15,69.3,False,none,stable
2022-08-23,Omeprazole_20mg,Gastrointestinal,534,0.15,80.1,False,none,stable
2022-08-24,Omeprazole_20mg,Gastrointestinal,456,0.15,68.4,False,none,stable
2022-08-25,Omeprazole_20mg,Gastrointestinal,481,0.15,72.15,False,none,stable
2022-08-26,Omeprazole_20mg,Gastrointestinal,429,0.15,64.35,False,none,stable
2022-08-27,Omeprazole_20mg,Gastrointestinal,365,0.15,54.75,False,none,stable
2022-08-28,Omeprazole_20mg,Gastrointestinal,418,0.15,62.7,False,none,stable
2022-08-29,Omeprazole_20mg,Gastrointestinal,435,0.15,65.25,False,none,stable
2022-08-30,Omeprazole_20mg,Gastrointestinal,455,0.15,68.25,False,none,stable
2022-08-31,Omeprazole_20mg,Gastrointestinal,516,0.15,77.4,False,none,stable
2022-09-01,Omeprazole_20mg,Gastrointestinal,494,0.15,74.1,False,none,stable
2022-09-02,Omeprazole_20mg,Gastrointestinal,599,0.15,89.85,False,none,stable
2022-09-03,Omeprazole_20mg,Gastrointestinal,473,0.15,70.95,False,none,stable
2022-09-04,Omeprazole_20mg,Gastrointestinal,384,0.15,57.6,False,none,stable
2022-09-05,Omeprazole_20mg,Gastrointestinal,539,0.15,80.85,False,none,stable
2022-09-06,Omeprazole_20mg,Gastrointestinal,547,0.15,82.05,False,none,stable
2022-09-07,Omeprazole_20mg,Gastrointestinal,492,0.15,73.8,False,none,stable
2022-09-08,Omeprazole_20mg,Gastrointestinal,455,0.15,68.25,False,none,stable
2022-09-09,Omeprazole_20mg,Gastrointestinal,516,0.15,77.4,False,none,stable
2022-09-10,Omeprazole_20mg,Gastrointestinal,408,0.15,61.2,False,none,stable
2022-09-11,Omeprazole_20mg,Gastrointestinal,399,0.15,59.85,False,none,stable
2022-09-12,Omeprazole_20mg,Gastrointestinal,535,0.15,80.25,False,none,stable
2022-09-13,Omeprazole_20mg,Gastrointestinal,486,0.15,72.9,False,none,stable
2022-09-14,Omeprazole_20mg,Gastrointestinal,469,0.15,70.35,False,none,stable
2022-09-15,Omeprazole_20mg,Gastrointestinal,522,0.15,78.3,False,none,stable
2022-09-16,Omeprazole_20mg,Gastrointestinal,533,0.15,79.95,False,none,stable
2022-09-17,Omeprazole_20mg,Gastrointestinal,375,0.15,56.25,False,none,stable
2022-09-18,Omeprazole_20mg,Gastrointestinal,444,0.15,66.6,False,none,stable
2022-09-19,Omeprazole_20mg,Gastrointestinal,444,0.15,66.6,False,none,stable
2022-09-20,Omeprazole_20mg,Gastrointestinal,493,0.15,73.95,False,none,stable
2022-09-21,Omeprazole_20mg,Gastrointestinal,507,0.15,76.05,False,none,stable
2022-09-22,Omeprazole_20mg,Gastrointestinal,491,0.15,73.65,False,none,stable
2022-09-23,Omeprazole_20mg,Gastrointestinal,494,0.15,74.1,False,none,stable
2022-09-24,Omeprazole_20mg,Gastrointestinal,476,0.15,71.4,False,none,stable
2022-09-25,Omeprazole_20mg,Gastrointestinal,386,0.15,57.9,False,none,stable
2022-09-26,Omeprazole_20mg,Gastrointestinal,619,0.15,92.85,False,none,stable
2022-09-27,Omeprazole_20mg,Gastrointestinal,536,0.15,80.4,False,none,stable
2022-09-28,Omeprazole_20mg,Gastrointestinal,522,0.15,78.3,False,none,stable
2022-09-29,Omeprazole_20mg,Gastrointestinal,538,0.15,80.7,False,none,stable
2022-09-30,Omeprazole_20mg,Gastrointestinal,623,0.15,93.45,False,none,stable
2022-10-01,Omeprazole_20mg,Gastrointestinal,381,0.15,57.15,False,none,stable
2022-10-02,Omeprazole_20mg,Gastrointestinal,377,0.15,56.55,False,none,stable
2022-10-03,Omeprazole_20mg,Gastrointestinal,487,0.15,73.05,False,none,stable
2022-10-04,Omeprazole_20mg,Gastrointestinal,520,0.15,78.0,False,none,stable
2022-10-05,Omeprazole_20mg,Gastrointestinal,447,0.15,67.05,False,none,stable
2022-10-06,Omeprazole_20mg,Gastrointestinal,519,0.15,77.85,False,none,stable
2022-10-07,Omeprazole_20mg,Gastrointestinal,589,0.15,88.35,False,none,stable
2022-10-08,Omeprazole_20mg,Gastrointestinal,420,0.15,63.0,False,none,stable
2022-10-09,Omeprazole_20mg,Gastrointestinal,405,0.15,60.75,False,none,stable
2022-10-10,Omeprazole_20mg,Gastrointestinal,493,0.15,73.95,False,none,stable
2022-10-11,Omeprazole_20mg,Gastrointestinal,556,0.15,83.4,False,none,stable
2022-10-12,Omeprazole_20mg,Gastrointestinal,485,0.15,72.75,False,none,stable
2022-10-13,Omeprazole_20mg,Gastrointestinal,596,0.15,89.4,False,none,stable
2022-10-14,Omeprazole_20mg,Gastrointestinal,599,0.15,89.85,False,none,stable
2022-10-15,Omeprazole_20mg,Gastrointestinal,424,0.15,63.6,False,none,stable
2022-10-16,Omeprazole_20mg,Gastrointestinal,415,0.15,62.25,False,none,stable
2022-10-17,Omeprazole_20mg,Gastrointestinal,562,0.15,84.3,False,none,stable
2022-10-18,Omeprazole_20mg,Gastrointestinal,565,0.15,84.75,False,none,stable
2022-10-19,Omeprazole_20mg,Gastrointestinal,486,0.15,72.9,False,none,stable
2022-10-20,Omeprazole_20mg,Gastrointestinal,498,0.15,74.7,False,none,stable
2022-10-21,Omeprazole_20mg,Gastrointestinal,465,0.15,69.75,False,none,stable
2022-10-22,Omeprazole_20mg,Gastrointestinal,429,0.15,64.35,False,none,stable
2022-10-23,Omeprazole_20mg,Gastrointestinal,437,0.15,65.55,False,none,stable
2022-10-24,Omeprazole_20mg,Gastrointestinal,464,0.15,69.6,False,none,stable
2022-10-25,Omeprazole_20mg,Gastrointestinal,501,0.15,75.15,False,none,stable
2022-10-26,Omeprazole_20mg,Gastrointestinal,464,0.15,69.6,False,none,stable
2022-10-27,Omeprazole_20mg,Gastrointestinal,483,0.15,72.45,False,none,stable
2022-10-28,Omeprazole_20mg,Gastrointestinal,543,0.15,81.45,False,none,stable
2022-10-29,Omeprazole_20mg,Gastrointestinal,392,0.15,58.8,False,none,stable
2022-10-30,Omeprazole_20mg,Gastrointestinal,406,0.15,60.9,False,none,stable
2022-10-31,Omeprazole_20mg,Gastrointestinal,452,0.15,67.8,False,none,stable
2022-11-01,Omeprazole_20mg,Gastrointestinal,528,0.15,79.2,False,none,stable
2022-11-02,Omeprazole_20mg,Gastrointestinal,519,0.15,77.85,False,none,stable
2022-11-03,Omeprazole_20mg,Gastrointestinal,490,0.15,73.5,False,none,stable
2022-11-04,Omeprazole_20mg,Gastrointestinal,513,0.15,76.95,False,none,stable
2022-11-05,Omeprazole_20mg,Gastrointestinal,422,0.15,63.3,False,none,stable
2022-11-06,Omeprazole_20mg,Gastrointestinal,389,0.15,58.35,False,none,stable
2022-11-07,Omeprazole_20mg,Gastrointestinal,459,0.15,68.85,False,none,stable
2022-11-08,Omeprazole_20mg,Gastrointestinal,596,0.15,89.4,False,none,stable
2022-11-09,Omeprazole_20mg,Gastrointestinal,494,0.15,74.1,False,none,stable
2022-11-10,Omeprazole_20mg,Gastrointestinal,517,0.15,77.55,False,none,stable
2022-11-11,Omeprazole_20mg,Gastrointestinal,563,0.15,84.45,False,none,stable
2022-11-12,Omeprazole_20mg,Gastrointestinal,534,0.15,80.1,False,none,stable
2022-11-13,Omeprazole_20mg,Gastrointestinal,375,0.15,56.25,False,none,stable
2022-11-14,Omeprazole_20mg,Gastrointestinal,540,0.15,81.0,False,none,stable
2022-11-15,Omeprazole_20mg,Gastrointestinal,492,0.15,73.8,False,none,stable
2022-11-16,Omeprazole_20mg,Gastrointestinal,499,0.15,74.85,False,none,stable
2022-11-17,Omeprazole_20mg,Gastrointestinal,491,0.15,73.65,False,none,stable
2022-11-18,Omeprazole_20mg,Gastrointestinal,474,0.15,71.1,False,none,stable
2022-11-19,Omeprazole_20mg,Gastrointestinal,416,0.15,62.4,False,none,stable
2022-11-20,Omeprazole_20mg,Gastrointestinal,368,0.15,55.2,False,none,stable
2022-11-21,Omeprazole_20mg,Gastrointestinal,561,0.15,84.15,False,none,stable
2022-11-22,Omeprazole_20mg,Gastrointestinal,524,0.15,78.6,False,none,stable
2022-11-23,Omeprazole_20mg,Gastrointestinal,539,0.15,80.85,False,none,stable
2022-11-24,Omeprazole_20mg,Gastrointestinal,502,0.15,75.3,False,none,stable
2022-11-25,Omeprazole_20mg,Gastrointestinal,507,0.15,76.05,False,none,stable
2022-11-26,Omeprazole_20mg,Gastrointestinal,427,0.15,64.05,False,none,stable
2022-11-27,Omeprazole_20mg,Gastrointestinal,378,0.15,56.7,False,none,stable
2022-11-28,Omeprazole_20mg,Gastrointestinal,507,0.15,76.05,False,none,stable
2022-11-29,Omeprazole_20mg,Gastrointestinal,486,0.15,72.9,False,none,stable
2022-11-30,Omeprazole_20mg,Gastrointestinal,485,0.15,72.75,False,none,stable
2022-12-01,Omeprazole_20mg,Gastrointestinal,434,0.15,65.1,False,none,stable
2022-12-02,Omeprazole_20mg,Gastrointestinal,578,0.15,86.7,False,none,stable
2022-12-03,Omeprazole_20mg,Gastrointestinal,395,0.15,59.25,False,none,stable
2022-12-04,Omeprazole_20mg,Gastrointestinal,456,0.15,68.4,False,none,stable
2022-12-05,Omeprazole_20mg,Gastrointestinal,567,0.15,85.05,False,none,stable
2022-12-06,Omeprazole_20mg,Gastrointestinal,469,0.15,70.35,False,none,stable
2022-12-07,Omeprazole_20mg,Gastrointestinal,477,0.15,71.55,False,none,stable
2022-12-08,Omeprazole_20mg,Gastrointestinal,630,0.15,94.5,False,none,stable
2022-12-09,Omeprazole_20mg,Gastrointestinal,596,0.15,89.4,False,none,stable
2022-12-10,Omeprazole_20mg,Gastrointestinal,417,0.15,62.55,False,none,stable
2022-12-11,Omeprazole_20mg,Gastrointestinal,427,0.15,64.05,False,none,stable
2022-12-12,Omeprazole_20mg,Gastrointestinal,497,0.15,74.55,False,none,stable
2022-12-13,Omeprazole_20mg,Gastrointestinal,541,0.15,81.15,False,none,stable
2022-12-14,Omeprazole_20mg,Gastrointestinal,493,0.15,73.95,False,none,stable
2022-12-15,Omeprazole_20mg,Gastrointestinal,438,0.15,65.7,False,none,stable
2022-12-16,Omeprazole_20mg,Gastrointestinal,468,0.15,70.2,False,none,stable
2022-12-17,Omeprazole_20mg,Gastrointestinal,419,0.15,62.85,False,none,stable
2022-12-18,Omeprazole_20mg,Gastrointestinal,380,0.15,57.0,False,none,stable
2022-12-19,Omeprazole_20mg,Gastrointestinal,521,0.15,78.15,False,none,stable
2022-12-20,Omeprazole_20mg,Gastrointestinal,479,0.15,71.85,False,none,stable
2022-12-21,Omeprazole_20mg,Gastrointestinal,491,0.15,73.65,False,none,stable
2022-12-22,Omeprazole_20mg,Gastrointestinal,560,0.15,84.0,False,none,stable
2022-12-23,Omeprazole_20mg,Gastrointestinal,534,0.15,80.1,False,none,stable
2022-12-24,Omeprazole_20mg,Gastrointestinal,419,0.15,62.85,False,none,stable
2022-12-25,Omeprazole_20mg,Gastrointestinal,448,0.15,67.2,False,none,stable
2022-12-26,Omeprazole_20mg,Gastrointestinal,544,0.15,81.6,False,none,stable
2022-12-27,Omeprazole_20mg,Gastrointestinal,585,0.15,87.75,False,none,stable
2022-12-28,Omeprazole_20mg,Gastrointestinal,505,0.15,75.75,False,none,stable
2022-12-29,Omeprazole_20mg,Gastrointestinal,506,0.15,75.9,False,none,stable
2022-12-30,Omeprazole_20mg,Gastrointestinal,470,0.15,70.5,False,none,stable
2022-12-31,Omeprazole_20mg,Gastrointestinal,404,0.15,60.6,False,none,stable
2023-01-01,Omeprazole_20mg,Gastrointestinal,452,0.15,67.8,False,none,stable
2023-01-02,Omeprazole_20mg,Gastrointestinal,579,0.15,86.85,False,none,stable
2023-01-03,Omeprazole_20mg,Gastrointestinal,565,0.15,84.75,False,none,stable
2023-01-04,Omeprazole_20mg,Gastrointestinal,449,0.15,67.35,False,none,stable
2023-01-05,Omeprazole_20mg,Gastrointestinal,570,0.15,85.5,False,none,stable
2023-01-06,Omeprazole_20mg,Gastrointestinal,448,0.15,67.2,False,none,stable
2023-01-07,Omeprazole_20mg,Gastrointestinal,450,0.15,67.5,False,none,stable
2023-01-08,Omeprazole_20mg,Gastrointestinal,408,0.15,61.2,False,none,stable
2023-01-09,Omeprazole_20mg,Gastrointestinal,555,0.15,83.25,False,none,stable
2023-01-10,Omeprazole_20mg,Gastrointestinal,469,0.15,70.35,False,none,stable
2023-01-11,Omeprazole_20mg,Gastrointestinal,574,0.15,86.1,False,none,stable
2023-01-12,Omeprazole_20mg,Gastrointestinal,464,0.15,69.6,False,none,stable
2023-01-13,Omeprazole_20mg,Gastrointestinal,497,0.15,74.55,False,none,stable
2023-01-14,Omeprazole_20mg,Gastrointestinal,386,0.15,57.9,False,none,stable
2023-01-15,Omeprazole_20mg,Gastrointestinal,361,0.15,54.15,False,none,stable
2023-01-16,Omeprazole_20mg,Gastrointestinal,530,0.15,79.5,False,none,stable
2023-01-17,Omeprazole_20mg,Gastrointestinal,602,0.15,90.3,False,none,stable
2023-01-18,Omeprazole_20mg,Gastrointestinal,638,0.15,95.7,False,none,stable
2023-01-19,Omeprazole_20mg,Gastrointestinal,530,0.15,79.5,False,none,stable
2023-01-20,Omeprazole_20mg,Gastrointestinal,573,0.15,85.95,False,none,stable
2023-01-21,Omeprazole_20mg,Gastrointestinal,428,0.15,64.2,False,none,stable
2023-01-22,Omeprazole_20mg,Gastrointestinal,437,0.15,65.55,False,none,stable
2023-01-23,Omeprazole_20mg,Gastrointestinal,512,0.15,76.8,False,none,stable
2023-01-24,Omeprazole_20mg,Gastrointestinal,534,0.15,80.1,False,none,stable
2023-01-25,Omeprazole_20mg,Gastrointestinal,549,0.15,82.35,False,none,stable
2023-01-26,Omeprazole_20mg,Gastrointestinal,502,0.15,75.3,False,none,stable
2023-01-27,Omeprazole_20mg,Gastrointestinal,523,0.15,78.45,False,none,stable
2023-01-28,Omeprazole_20mg,Gastrointestinal,419,0.15,62.85,False,none,stable
2023-01-29,Omeprazole_20mg,Gastrointestinal,448,0.15,67.2,False,none,stable
2023-01-30,Omeprazole_20mg,Gastrointestinal,482,0.15,72.3,False,none,stable
2023-01-31,Omeprazole_20mg,Gastrointestinal,524,0.15,78.6,False,none,stable
2023-02-01,Omeprazole_20mg,Gastrointestinal,607,0.15,91.05,False,none,stable
2023-02-02,Omeprazole_20mg,Gastrointestinal,576,0.15,86.4,False,none,stable
2023-02-03,Omeprazole_20mg,Gastrointestinal,584,0.15,87.6,False,none,stable
2023-02-04,Omeprazole_20mg,Gastrointestinal,422,0.15,63.3,False,none,stable
2023-02-05,Omeprazole_20mg,Gastrointestinal,432,0.15,64.8,False,none,stable
2023-02-06,Omeprazole_20mg,Gastrointestinal,569,0.15,85.35,False,none,stable
2023-02-07,Omeprazole_20mg,Gastrointestinal,593,0.15,88.95,False,none,stable
2023-02-08,Omeprazole_20mg,Gastrointestinal,445,0.15,66.75,False,none,stable
2023-02-09,Omeprazole_20mg,Gastrointestinal,472,0.15,70.8,False,none,stable
2023-02-10,Omeprazole_20mg,Gastrointestinal,583,0.15,87.45,False,none,stable
2023-02-11,Omeprazole_20mg,Gastrointestinal,412,0.15,61.8,False,none,stable
2023-02-12,Omeprazole_20mg,Gastrointestinal,399,0.15,59.85,False,none,stable
2023-02-13,Omeprazole_20mg,Gastrointestinal,474,0.15,71.1,False,none,stable
2023-02-14,Omeprazole_20mg,Gastrointestinal,504,0.15,75.6,False,none,stable
2023-02-15,Omeprazole_20mg,Gastrointestinal,468,0.15,70.2,False,none,stable
2023-02-16,Omeprazole_20mg,Gastrointestinal,616,0.15,92.4,False,none,stable
2023-02-17,Omeprazole_20mg,Gastrointestinal,527,0.15,79.05,False,none,stable
2023-02-18,Omeprazole_20mg,Gastrointestinal,420,0.15,63.0,False,none,stable
2023-02-19,Omeprazole_20mg,Gastrointestinal,442,0.15,66.3,False,none,stable
2023-02-20,Omeprazole_20mg,Gastrointestinal,569,0.15,85.35,False,none,stable
2023-02-21,Omeprazole_20mg,Gastrointestinal,568,0.15,85.2,False,none,stable
2023-02-22,Omeprazole_20mg,Gastrointestinal,573,0.15,85.95,False,none,stable
2023-02-23,Omeprazole_20mg,Gastrointestinal,501,0.15,75.15,False,none,stable
2023-02-24,Omeprazole_20mg,Gastrointestinal,516,0.15,77.4,False,none,stable
2023-02-25,Omeprazole_20mg,Gastrointestinal,448,0.15,67.2,False,none,stable
2023-02-26,Omeprazole_20mg,Gastrointestinal,404,0.15,60.6,False,none,stable
2023-02-27,Omeprazole_20mg,Gastrointestinal,528,0.15,79.2,False,none,stable
2023-02-28,Omeprazole_20mg,Gastrointestinal,545,0.15,81.75,False,none,stable
2023-03-01,Omeprazole_20mg,Gastrointestinal,562,0.15,84.3,False,none,stable
2023-03-02,Omeprazole_20mg,Gastrointestinal,453,0.15,67.95,False,none,stable
2023-03-03,Omeprazole_20mg,Gastrointestinal,559,0.15,83.85,False,none,stable
2023-03-04,Omeprazole_20mg,Gastrointestinal,415,0.15,62.25,False,none,stable
2023-03-05,Omeprazole_20mg,Gastrointestinal,447,0.15,67.05,False,none,stable
2023-03-06,Omeprazole_20mg,Gastrointestinal,562,0.15,84.3,False,none,stable
2023-03-07,Omeprazole_20mg,Gastrointestinal,597,0.15,89.55,False,none,stable
2023-03-08,Omeprazole_20mg,Gastrointestinal,586,0.15,87.9,False,none,stable
2023-03-09,Omeprazole_20mg,Gastrointestinal,586,0.15,87.9,False,none,stable
2023-03-10,Omeprazole_20mg,Gastrointestinal,590,0.15,88.5,False,none,stable
2023-03-11,Omeprazole_20mg,Gastrointestinal,433,0.15,64.95,False,none,stable
2023-03-12,Omeprazole_20mg,Gastrointestinal,424,0.15,63.6,False,none,stable
2023-03-13,Omeprazole_20mg,Gastrointestinal,566,0.15,84.9,False,none,stable
2023-03-14,Omeprazole_20mg,Gastrointestinal,560,0.15,84.0,False,none,stable
2023-03-15,Omeprazole_20mg,Gastrointestinal,516,0.15,77.4,False,none,stable
2023-03-16,Omeprazole_20mg,Gastrointestinal,547,0.15,82.05,False,none,stable
2023-03-17,Omeprazole_20mg,Gastrointestinal,528,0.15,79.2,False,none,stable
2023-03-18,Omeprazole_20mg,Gastrointestinal,394,0.15,59.1,False,none,stable
2023-03-19,Omeprazole_20mg,Gastrointestinal,468,0.15,70.2,False,none,stable
2023-03-20,Omeprazole_20mg,Gastrointestinal,532,0.15,79.8,False,none,stable
2023-03-21,Omeprazole_20mg,Gastrointestinal,617,0.15,92.55,False,none,stable
2023-03-22,Omeprazole_20mg,Gastrointestinal,461,0.15,69.15,False,none,stable
2023-03-23,Omeprazole_20mg,Gastrointestinal,506,0.15,75.9,False,none,stable
2023-03-24,Omeprazole_20mg,Gastrointestinal,532,0.15,79.8,False,none,stable
2023-03-25,Omeprazole_20mg,Gastrointestinal,462,0.15,69.3,False,none,stable
2023-03-26,Omeprazole_20mg,Gastrointestinal,437,0.15,65.55,False,none,stable
2023-03-27,Omeprazole_20mg,Gastrointestinal,544,0.15,81.6,False,none,stable
2023-03-28,Omeprazole_20mg,Gastrointestinal,483,0.15,72.45,False,none,stable
2023-03-29,Omeprazole_20mg,Gastrointestinal,481,0.15,72.15,False,none,stable
2023-03-30,Omeprazole_20mg,Gastrointestinal,544,0.15,81.6,False,none,stable
2023-03-31,Omeprazole_20mg,Gastrointestinal,473,0.15,70.95,False,none,stable
2023-04-01,Omeprazole_20mg,Gastrointestinal,406,0.15,60.9,False,none,stable
2023-04-02,Omeprazole_20mg,Gastrointestinal,441,0.15,66.15,False,none,stable
2023-04-03,Omeprazole_20mg,Gastrointestinal,489,0.15,73.35,False,none,stable
2023-04-04,Omeprazole_20mg,Gastrointestinal,599,0.15,89.85,False,none,stable
2023-04-05,Omeprazole_20mg,Gastrointestinal,583,0.15,87.45,False,none,stable
2023-04-06,Omeprazole_20mg,Gastrointestinal,464,0.15,69.6,False,none,stable
2023-04-07,Omeprazole_20mg,Gastrointestinal,491,0.15,73.65,False,none,stable
2023-04-08,Omeprazole_20mg,Gastrointestinal,347,0.15,52.05,False,none,stable
2023-04-09,Omeprazole_20mg,Gastrointestinal,398,0.15,59.7,False,none,stable
2023-04-10,Omeprazole_20mg,Gastrointestinal,564,0.15,84.6,False,none,stable
2023-04-11,Omeprazole_20mg,Gastrointestinal,514,0.15,77.1,False,none,stable
2023-04-12,Omeprazole_20mg,Gastrointestinal,551,0.15,82.65,False,none,stable
2023-04-13,Omeprazole_20mg,Gastrointestinal,467,0.15,70.05,False,none,stable
2023-04-14,Omeprazole_20mg,Gastrointestinal,566,0.15,84.9,False,none,stable
2023-04-15,Omeprazole_20mg,Gastrointestinal,406,0.15,60.9,False,none,stable
2023-04-16,Omeprazole_20mg,Gastrointestinal,425,0.15,63.75,False,none,stable
2023-04-17,Omeprazole_20mg,Gastrointestinal,528,0.15,79.2,False,none,stable
2023-04-18,Omeprazole_20mg,Gastrointestinal,478,0.15,71.7,False,none,stable
2023-04-19,Omeprazole_20mg,Gastrointestinal,483,0.15,72.45,False,none,stable
2023-04-20,Omeprazole_20mg,Gastrointestinal,573,0.15,85.95,False,none,stable
2023-04-21,Omeprazole_20mg,Gastrointestinal,549,0.15,82.35,False,none,stable
2023-04-22,Omeprazole_20mg,Gastrointestinal,461,0.15,69.15,False,none,stable
2023-04-23,Omeprazole_20mg,Gastrointestinal,436,0.15,65.4,False,none,stable
2023-04-24,Omeprazole_20mg,Gastrointestinal,538,0.15,80.7,False,none,stable
2023-04-25,Omeprazole_20mg,Gastrointestinal,459,0.15,68.85,False,none,stable
2023-04-26,Omeprazole_20mg,Gastrointestinal,521,0.15,78.15,False,none,stable
2023-04-27,Omeprazole_20mg,Gastrointestinal,531,0.15,79.65,False,none,stable
2023-04-28,Omeprazole_20mg,Gastrointestinal,616,0.15,92.4,False,none,stable
2023-04-29,Omeprazole_20mg,Gastrointestinal,449,0.15,67.35,False,none,stable
2023-04-30,Omeprazole_20mg,Gastrointestinal,478,0.15,71.7,False,none,stable
2023-05-01,Omeprazole_20mg,Gastrointestinal,558,0.15,83.7,False,none,stable
2023-05-02,Omeprazole_20mg,Gastrointestinal,502,0.15,75.3,False,none,stable
2023-05-03,Omeprazole_20mg,Gastrointestinal,538,0.15,80.7,False,none,stable
2023-05-04,Omeprazole_20mg,Gastrointestinal,543,0.15,81.45,False,none,stable
2023-05-05,Omeprazole_20mg,Gastrointestinal,493,0.15,73.95,False,none,stable
2023-05-06,Omeprazole_20mg,Gastrointestinal,413,0.15,61.95,False,none,stable
2023-05-07,Omeprazole_20mg,Gastrointestinal,419,0.15,62.85,False,none,stable
2023-05-08,Omeprazole_20mg,Gastrointestinal,602,0.15,90.3,False,none,stable
2023-05-09,Omeprazole_20mg,Gastrointestinal,444,0.15,66.6,False,none,stable
2023-05-10,Omeprazole_20mg,Gastrointestinal,585,0.15,87.75,False,none,stable
2023-05-11,Omeprazole_20mg,Gastrointestinal,493,0.15,73.95,False,none,stable
2023-05-12,Omeprazole_20mg,Gastrointestinal,475,0.15,71.25,False,none,stable
2023-05-13,Omeprazole_20mg,Gastrointestinal,467,0.15,70.05,False,none,stable
2023-05-14,Omeprazole_20mg,Gastrointestinal,452,0.15,67.8,False,none,stable
2023-05-15,Omeprazole_20mg,Gastrointestinal,587,0.15,88.05,False,none,stable
2023-05-16,Omeprazole_20mg,Gastrointestinal,568,0.15,85.2,False,none,stable
2023-05-17,Omeprazole_20mg,Gastrointestinal,622,0.15,93.3,False,none,stable
2023-05-18,Omeprazole_20mg,Gastrointestinal,558,0.15,83.7,False,none,stable
2023-05-19,Omeprazole_20mg,Gastrointestinal,527,0.15,79.05,False,none,stable
2023-05-20,Omeprazole_20mg,Gastrointestinal,439,0.15,65.85,False,none,stable
2023-05-21,Omeprazole_20mg,Gastrointestinal,469,0.15,70.35,False,none,stable
2023-05-22,Omeprazole_20mg,Gastrointestinal,501,0.15,75.15,False,none,stable
2023-05-23,Omeprazole_20mg,Gastrointestinal,506,0.15,75.9,False,none,stable
2023-05-24,Omeprazole_20mg,Gastrointestinal,521,0.15,78.15,False,none,stable
2023-05-25,Omeprazole_20mg,Gastrointestinal,444,0.15,66.6,False,none,stable
2023-05-26,Omeprazole_20mg,Gastrointestinal,540,0.15,81.0,False,none,stable
2023-05-27,Omeprazole_20mg,Gastrointestinal,363,0.15,54.45,False,none,stable
2023-05-28,Omeprazole_20mg,Gastrointestinal,429,0.15,64.35,False,none,stable
2023-05-29,Omeprazole_20mg,Gastrointestinal,572,0.15,85.8,False,none,stable
2023-05-30,Omeprazole_20mg,Gastrointestinal,514,0.15,77.1,False,none,stable
2023-05-31,Omeprazole_20mg,Gastrointestinal,607,0.15,91.05,False,none,stable
2023-06-01,Omeprazole_20mg,Gastrointestinal,472,0.15,70.8,False,none,stable
2023-06-02,Omeprazole_20mg,Gastrointestinal,586,0.15,87.9,False,none,stable
2023-06-03,Omeprazole_20mg,Gastrointestinal,451,0.15,67.65,False,none,stable
2023-06-04,Omeprazole_20mg,Gastrointestinal,369,0.15,55.35,False,none,stable
2023-06-05,Omeprazole_20mg,Gastrointestinal,651,0.15,97.65,False,none,stable
2023-06-06,Omeprazole_20mg,Gastrointestinal,532,0.15,79.8,False,none,stable
2023-06-07,Omeprazole_20mg,Gastrointestinal,498,0.15,74.7,False,none,stable
2023-06-08,Omeprazole_20mg,Gastrointestinal,475,0.15,71.25,False,none,stable
2023-06-09,Omeprazole_20mg,Gastrointestinal,526,0.15,78.9,False,none,stable
2023-06-10,Omeprazole_20mg,Gastrointestinal,424,0.15,63.6,False,none,stable
2023-06-11,Omeprazole_20mg,Gastrointestinal,432,0.15,64.8,False,none,stable
2023-06-12,Omeprazole_20mg,Gastrointestinal,523,0.15,78.45,False,none,stable
2023-06-13,Omeprazole_20mg,Gastrointestinal,563,0.15,84.45,False,none,stable
2023-06-14,Omeprazole_20mg,Gastrointestinal,519,0.15,77.85,False,none,stable
2023-06-15,Omeprazole_20mg,Gastrointestinal,453,0.15,67.95,False,none,stable
2023-06-16,Omeprazole_20mg,Gastrointestinal,529,0.15,79.35,False,none,stable
2023-06-17,Omeprazole_20mg,Gastrointestinal,347,0.15,52.05,False,none,stable
2023-06-18,Omeprazole_20mg,Gastrointestinal,440,0.15,66.0,False,none,stable
2023-06-19,Omeprazole_20mg,Gastrointestinal,494,0.15,74.1,False,none,stable
2023-06-20,Omeprazole_20mg,Gastrointestinal,543,0.15,81.45,False,none,stable
2023-06-21,Omeprazole_20mg,Gastrointestinal,593,0.15,88.95,False,none,stable
2023-06-22,Omeprazole_20mg,Gastrointestinal,496,0.15,74.4,False,none,stable
2023-06-23,Omeprazole_20mg,Gastrointestinal,582,0.15,87.3,False,none,stable
2023-06-24,Omeprazole_20mg,Gastrointestinal,414,0.15,62.1,False,none,stable
2023-06-25,Omeprazole_20mg,Gastrointestinal,489,0.15,73.35,False,none,stable
2023-06-26,Omeprazole_20mg,Gastrointestinal,521,0.15,78.15,False,none,stable
2023-06-27,Omeprazole_20mg,Gastrointestinal,501,0.15,75.15,False,none,stable
2023-06-28,Omeprazole_20mg,Gastrointestinal,566,0.15,84.9,False,none,stable
2023-06-29,Omeprazole_20mg,Gastrointestinal,518,0.15,77.7,False,none,stable
2023-06-30,Omeprazole_20mg,Gastrointestinal,501,0.15,75.15,False,none,stable
2023-07-01,Omeprazole_20mg,Gastrointestinal,412,0.15,61.8,False,none,stable
2023-07-02,Omeprazole_20mg,Gastrointestinal,428,0.15,64.2,False,none,stable
2023-07-03,Omeprazole_20mg,Gastrointestinal,595,0.15,89.25,False,none,stable
2023-07-04,Omeprazole_20mg,Gastrointestinal,454,0.15,68.1,False,none,stable
2023-07-05,Omeprazole_20mg,Gastrointestinal,538,0.15,80.7,False,none,stable
2023-07-06,Omeprazole_20mg,Gastrointestinal,564,0.15,84.6,False,none,stable
2023-07-07,Omeprazole_20mg,Gastrointestinal,546,0.15,81.9,False,none,stable
2023-07-08,Omeprazole_20mg,Gastrointestinal,475,0.15,71.25,False,none,stable
2023-07-09,Omeprazole_20mg,Gastrointestinal,427,0.15,64.05,False,none,stable
2023-07-10,Omeprazole_20mg,Gastrointestinal,530,0.15,79.5,False,none,stable
2023-07-11,Omeprazole_20mg,Gastrointestinal,563,0.15,84.45,False,none,stable
2023-07-12,Omeprazole_20mg,Gastrointestinal,542,0.15,81.3,False,none,stable
2023-07-13,Omeprazole_20mg,Gastrointestinal,521,0.15,78.15,False,none,stable
2023-07-14,Omeprazole_20mg,Gastrointestinal,560,0.15,84.0,False,none,stable
2023-07-15,Omeprazole_20mg,Gastrointestinal,408,0.15,61.2,False,none,stable
2023-07-16,Omeprazole_20mg,Gastrointestinal,409,0.15,61.35,False,none,stable
2023-07-17,Omeprazole_20mg,Gastrointestinal,515,0.15,77.25,False,none,stable
2023-07-18,Omeprazole_20mg,Gastrointestinal,596,0.15,89.4,False,none,stable
2023-07-19,Omeprazole_20mg,Gastrointestinal,399,0.15,59.85,False,none,stable
2023-07-20,Omeprazole_20mg,Gastrointestinal,555,0.15,83.25,False,none,stable
2023-07-21,Omeprazole_20mg,Gastrointestinal,540,0.15,81.0,False,none,stable
2023-07-22,Omeprazole_20mg,Gastrointestinal,372,0.15,55.8,False,none,stable
2023-07-23,Omeprazole_20mg,Gastrointestinal,441,0.15,66.15,False,none,stable
2023-07-24,Omeprazole_20mg,Gastrointestinal,559,0.15,83.85,False,none,stable
2023-07-25,Omeprazole_20mg,Gastrointestinal,564,0.15,84.6,False,none,stable
2023-07-26,Omeprazole_20mg,Gastrointestinal,424,0.15,63.6,False,none,stable
2023-07-27,Omeprazole_20mg,Gastrointestinal,598,0.15,89.7,False,none,stable
2023-07-28,Omeprazole_20mg,Gastrointestinal,507,0.15,76.05,False,none,stable
2023-07-29,Omeprazole_20mg,Gastrointestinal,454,0.15,68.1,False,none,stable
2023-07-30,Omeprazole_20mg,Gastrointestinal,456,0.15,68.4,False,none,stable
2023-07-31,Omeprazole_20mg,Gastrointestinal,501,0.15,75.15,False,none,stable
2023-08-01,Omeprazole_20mg,Gastrointestinal,516,0.15,77.4,False,supply_shortage,stable
2023-08-02,Omeprazole_20mg,Gastrointestinal,475,0.15,71.25,False,supply_shortage,stable
2023-08-03,Omeprazole_20mg,Gastrointestinal,409,0.15,61.35,False,supply_shortage,stable
2023-08-04,Omeprazole_20mg,Gastrointestinal,537,0.15,80.55,False,supply_shortage,stable
2023-08-05,Omeprazole_20mg,Gastrointestinal,368,0.15,55.2,False,supply_shortage,stable
2023-08-06,Omeprazole_20mg,Gastrointestinal,365,0.15,54.75,False,supply_shortage,stable
2023-08-07,Omeprazole_20mg,Gastrointestinal,475,0.15,71.25,False,supply_shortage,stable
2023-08-08,Omeprazole_20mg,Gastrointestinal,502,0.15,75.3,False,supply_shortage,stable
2023-08-09,Omeprazole_20mg,Gastrointestinal,489,0.15,73.35,False,supply_shortage,stable
2023-08-10,Omeprazole_20mg,Gastrointestinal,513,0.15,76.95,False,supply_shortage,stable
2023-08-11,Omeprazole_20mg,Gastrointestinal,438,0.15,65.7,False,supply_shortage,stable
2023-08-12,Omeprazole_20mg,Gastrointestinal,369,0.15,55.35,False,supply_shortage,stable
2023-08-13,Omeprazole_20mg,Gastrointestinal,389,0.15,58.35,False,supply_shortage,stable
2023-08-14,Omeprazole_20mg,Gastrointestinal,566,0.15,84.9,False,supply_shortage,stable
2023-08-15,Omeprazole_20mg,Gastrointestinal,487,0.15,73.05,False,supply_shortage,stable
2023-08-16,Omeprazole_20mg,Gastrointestinal,534,0.15,80.1,False,supply_shortage,stable
2023-08-17,Omeprazole_20mg,Gastrointestinal,493,0.15,73.95,False,supply_shortage,stable
2023-08-18,Omeprazole_20mg,Gastrointestinal,472,0.15,70.8,False,supply_shortage,stable
2023-08-19,Omeprazole_20mg,Gastrointestinal,385,0.15,57.75,False,supply_shortage,stable
2023-08-20,Omeprazole_20mg,Gastrointestinal,388,0.15,58.2,False,supply_shortage,stable
2023-08-21,Omeprazole_20mg,Gastrointestinal,515,0.15,77.25,False,supply_shortage,stable
2023-08-22,Omeprazole_20mg,Gastrointestinal,546,0.15,81.9,False,supply_shortage,stable
2023-08-23,Omeprazole_20mg,Gastrointestinal,506,0.15,75.9,False,supply_shortage,stable
2023-08-24,Omeprazole_20mg,Gastrointestinal,539,0.15,80.85,False,supply_shortage,stable
2023-08-25,Omeprazole_20mg,Gastrointestinal,454,0.15,68.1,False,supply_shortage,stable
2023-08-26,Omeprazole_20mg,Gastrointestinal,380,0.15,57.0,False,supply_shortage,stable
2023-08-27,Omeprazole_20mg,Gastrointestinal,371,0.15,55.65,False,supply_shortage,stable
2023-08-28,Omeprazole_20mg,Gastrointestinal,505,0.15,75.75,False,supply_shortage,stable
2023-08-29,Omeprazole_20mg,Gastrointestinal,478,0.15,71.7,False,supply_shortage,stable
2023-08-30,Omeprazole_20mg,Gastrointestinal,521,0.15,78.15,False,supply_shortage,stable
2023-08-31,Omeprazole_20mg,Gastrointestinal,456,0.15,68.4,False,supply_shortage,stable
2023-09-01,Omeprazole_20mg,Gastrointestinal,494,0.15,74.1,False,supply_shortage,stable
2023-09-02,Omeprazole_20mg,Gastrointestinal,416,0.15,62.4,False,supply_shortage,stable
2023-09-03,Omeprazole_20mg,Gastrointestinal,328,0.15,49.2,False,supply_shortage,stable
2023-09-04,Omeprazole_20mg,Gastrointestinal,576,0.15,86.4,False,supply_shortage,stable
2023-09-05,Omeprazole_20mg,Gastrointestinal,481,0.15,72.15,False,supply_shortage,stable
2023-09-06,Omeprazole_20mg,Gastrointestinal,413,0.15,61.95,False,supply_shortage,stable
2023-09-07,Omeprazole_20mg,Gastrointestinal,499,0.15,74.85,False,supply_shortage,stable
2023-09-08,Omeprazole_20mg,Gastrointestinal,494,0.15,74.1,False,supply_shortage,stable
2023-09-09,Omeprazole_20mg,Gastrointestinal,392,0.15,58.8,False,supply_shortage,stable
2023-09-10,Omeprazole_20mg,Gastrointestinal,425,0.15,63.75,False,supply_shortage,stable
2023-09-11,Omeprazole_20mg,Gastrointestinal,523,0.15,78.45,False,supply_shortage,stable
2023-09-12,Omeprazole_20mg,Gastrointestinal,505,0.15,75.75,False,supply_shortage,stable
2023-09-13,Omeprazole_20mg,Gastrointestinal,511,0.15,76.65,False,supply_shortage,stable
2023-09-14,Omeprazole_20mg,Gastrointestinal,489,0.15,73.35,False,supply_shortage,stable
2023-09-15,Omeprazole_20mg,Gastrointestinal,563,0.15,84.45,False,supply_shortage,stable
2023-09-16,Omeprazole_20mg,Gastrointestinal,382,0.15,57.3,False,none,stable
2023-09-17,Omeprazole_20mg,Gastrointestinal,438,0.15,65.7,False,none,stable
2023-09-18,Omeprazole_20mg,Gastrointestinal,545,0.15,81.75,False,none,stable
2023-09-19,Omeprazole_20mg,Gastrointestinal,578,0.15,86.7,False,none,stable
2023-09-20,Omeprazole_20mg,Gastrointestinal,506,0.15,75.9,False,none,stable
2023-09-21,Omeprazole_20mg,Gastrointestinal,467,0.15,70.05,False,none,stable
2023-09-22,Omeprazole_20mg,Gastrointestinal,549,0.15,82.35,False,none,stable
2023-09-23,Omeprazole_20mg,Gastrointestinal,444,0.15,66.6,False,none,stable
2023-09-24,Omeprazole_20mg,Gastrointestinal,485,0.15,72.75,False,none,stable
2023-09-25,Omeprazole_20mg,Gastrointestinal,488,0.15,73.2,False,none,stable
2023-09-26,Omeprazole_20mg,Gastrointestinal,593,0.15,88.95,False,none,stable
2023-09-27,Omeprazole_20mg,Gastrointestinal,646,0.15,96.9,False,none,stable
2023-09-28,Omeprazole_20mg,Gastrointestinal,527,0.15,79.05,False,none,stable
2023-09-29,Omeprazole_20mg,Gastrointestinal,487,0.15,73.05,False,none,stable
2023-09-30,Omeprazole_20mg,Gastrointestinal,420,0.15,63.0,False,none,stable
2023-10-01,Omeprazole_20mg,Gastrointestinal,435,0.15,65.25,False,none,stable
2023-10-02,Omeprazole_20mg,Gastrointestinal,568,0.15,85.2,False,none,stable
2023-10-03,Omeprazole_20mg,Gastrointestinal,518,0.15,77.7,False,none,stable
2023-10-04,Omeprazole_20mg,Gastrointestinal,611,0.15,91.65,False,none,stable
2023-10-05,Omeprazole_20mg,Gastrointestinal,495,0.15,74.25,False,none,stable
2023-10-06,Omeprazole_20mg,Gastrointestinal,468,0.15,70.2,False,none,stable
2023-10-07,Omeprazole_20mg,Gastrointestinal,473,0.15,70.95,False,none,stable
2023-10-08,Omeprazole_20mg,Gastrointestinal,356,0.15,53.4,False,none,stable
2023-10-09,Omeprazole_20mg,Gastrointestinal,535,0.15,80.25,False,none,stable
2023-10-10,Omeprazole_20mg,Gastrointestinal,680,0.15,102.0,False,none,stable
2023-10-11,Omeprazole_20mg,Gastrointestinal,543,0.15,81.45,False,none,stable
2023-10-12,Omeprazole_20mg,Gastrointestinal,495,0.15,74.25,False,none,stable
2023-10-13,Omeprazole_20mg,Gastrointestinal,542,0.15,81.3,False,none,stable
2023-10-14,Omeprazole_20mg,Gastrointestinal,433,0.15,64.95,False,none,stable
2023-10-15,Omeprazole_20mg,Gastrointestinal,440,0.15,66.0,False,none,stable
2023-10-16,Omeprazole_20mg,Gastrointestinal,573,0.15,85.95,False,none,stable
2023-10-17,Omeprazole_20mg,Gastrointestinal,499,0.15,74.85,False,none,stable
2023-10-18,Omeprazole_20mg,Gastrointestinal,618,0.15,92.7,False,none,stable
2023-10-19,Omeprazole_20mg,Gastrointestinal,555,0.15,83.25,False,none,stable
2023-10-20,Omeprazole_20mg,Gastrointestinal,576,0.15,86.4,False,none,stable
2023-10-21,Omeprazole_20mg,Gastrointestinal,413,0.15,61.95,False,none,stable
2023-10-22,Omeprazole_20mg,Gastrointestinal,480,0.15,72.0,False,none,stable
2023-10-23,Omeprazole_20mg,Gastrointestinal,533,0.15,79.95,False,none,stable
2023-10-24,Omeprazole_20mg,Gastrointestinal,557,0.15,83.55,False,none,stable
2023-10-25,Omeprazole_20mg,Gastrointestinal,504,0.15,75.6,False,none,stable
2023-10-26,Omeprazole_20mg,Gastrointestinal,501,0.15,75.15,False,none,stable
2023-10-27,Omeprazole_20mg,Gastrointestinal,575,0.15,86.25,False,none,stable
2023-10-28,Omeprazole_20mg,Gastrointestinal,420,0.15,63.0,False,none,stable
2023-10-29,Omeprazole_20mg,Gastrointestinal,406,0.15,60.9,False,none,stable
2023-10-30,Omeprazole_20mg,Gastrointestinal,517,0.15,77.55,False,none,stable
2023-10-31,Omeprazole_20mg,Gastrointestinal,576,0.15,86.4,False,none,stable
2023-11-01,Omeprazole_20mg,Gastrointestinal,518,0.15,77.7,False,none,stable
2023-11-02,Omeprazole_20mg,Gastrointestinal,540,0.15,81.0,False,none,stable
2023-11-03,Omeprazole_20mg,Gastrointestinal,546,0.15,81.9,False,none,stable
2023-11-04,Omeprazole_20mg,Gastrointestinal,369,0.15,55.35,False,none,stable
2023-11-05,Omeprazole_20mg,Gastrointestinal,384,0.15,57.6,False,none,stable
2023-11-06,Omeprazole_20mg,Gastrointestinal,560,0.15,84.0,False,none,stable
2023-11-07,Omeprazole_20mg,Gastrointestinal,514,0.15,77.1,False,none,stable
2023-11-08,Omeprazole_20mg,Gastrointestinal,592,0.15,88.8,False,none,stable
2023-11-09,Omeprazole_20mg,Gastrointestinal,588,0.15,88.2,False,none,stable
2023-11-10,Omeprazole_20mg,Gastrointestinal,577,0.15,86.55,False,none,stable
2023-11-11,Omeprazole_20mg,Gastrointestinal,500,0.15,75.0,False,none,stable
2023-11-12,Omeprazole_20mg,Gastrointestinal,433,0.15,64.95,False,none,stable
2023-11-13,Omeprazole_20mg,Gastrointestinal,575,0.15,86.25,False,none,stable
2023-11-14,Omeprazole_20mg,Gastrointestinal,521,0.15,78.15,False,none,stable
2023-11-15,Omeprazole_20mg,Gastrointestinal,654,0.15,98.1,False,none,stable
2023-11-16,Omeprazole_20mg,Gastrointestinal,633,0.15,94.95,False,none,stable
2023-11-17,Omeprazole_20mg,Gastrointestinal,547,0.15,82.05,False,none,stable
2023-11-18,Omeprazole_20mg,Gastrointestinal,450,0.15,67.5,False,none,stable
2023-11-19,Omeprazole_20mg,Gastrointestinal,484,0.15,72.6,False,none,stable
2023-11-20,Omeprazole_20mg,Gastrointestinal,540,0.15,81.0,False,none,stable
2023-11-21,Omeprazole_20mg,Gastrointestinal,518,0.15,77.7,False,none,stable
2023-11-22,Omeprazole_20mg,Gastrointestinal,585,0.15,87.75,False,none,stable
2023-11-23,Omeprazole_20mg,Gastrointestinal,550,0.15,82.5,False,none,stable
2023-11-24,Omeprazole_20mg,Gastrointestinal,555,0.15,83.25,False,none,stable
2023-11-25,Omeprazole_20mg,Gastrointestinal,408,0.15,61.2,False,none,stable
2023-11-26,Omeprazole_20mg,Gastrointestinal,377,0.15,56.55,False,none,stable
2023-11-27,Omeprazole_20mg,Gastrointestinal,557,0.15,83.55,False,none,stable
2023-11-28,Omeprazole_20mg,Gastrointestinal,587,0.15,88.05,False,none,stable
2023-11-29,Omeprazole_20mg,Gastrointestinal,537,0.15,80.55,False,none,stable
2023-11-30,Omeprazole_20mg,Gastrointestinal,610,0.15,91.5,False,none,stable
2023-12-01,Omeprazole_20mg,Gastrointestinal,517,0.15,77.55,False,none,stable
2023-12-02,Omeprazole_20mg,Gastrointestinal,400,0.15,60.0,False,none,stable
2023-12-03,Omeprazole_20mg,Gastrointestinal,436,0.15,65.4,False,none,stable
2023-12-04,Omeprazole_20mg,Gastrointestinal,544,0.15,81.6,False,none,stable
2023-12-05,Omeprazole_20mg,Gastrointestinal,581,0.15,87.15,False,none,stable
2023-12-06,Omeprazole_20mg,Gastrointestinal,514,0.15,77.1,False,none,stable
2023-12-07,Omeprazole_20mg,Gastrointestinal,608,0.15,91.2,False,none,stable
2023-12-08,Omeprazole_20mg,Gastrointestinal,634,0.15,95.1,False,none,stable
2023-12-09,Omeprazole_20mg,Gastrointestinal,436,0.15,65.4,False,none,stable
2023-12-10,Omeprazole_20mg,Gastrointestinal,482,0.15,72.3,False,none,stable
2023-12-11,Omeprazole_20mg,Gastrointestinal,502,0.15,75.3,False,none,stable
2023-12-12,Omeprazole_20mg,Gastrointestinal,595,0.15,89.25,False,none,stable
2023-12-13,Omeprazole_20mg,Gastrointestinal,594,0.15,89.1,False,none,stable
2023-12-14,Omeprazole_20mg,Gastrointestinal,586,0.15,87.9,False,none,stable
2023-12-15,Omeprazole_20mg,Gastrointestinal,548,0.15,82.2,False,none,stable
2023-12-16,Omeprazole_20mg,Gastrointestinal,335,0.15,50.25,False,none,stable
2023-12-17,Omeprazole_20mg,Gastrointestinal,416,0.15,62.4,False,none,stable
2023-12-18,Omeprazole_20mg,Gastrointestinal,521,0.15,78.15,False,none,stable
2023-12-19,Omeprazole_20mg,Gastrointestinal,506,0.15,75.9,False,none,stable
2023-12-20,Omeprazole_20mg,Gastrointestinal,554,0.15,83.1,False,none,stable
2023-12-21,Omeprazole_20mg,Gastrointestinal,530,0.15,79.5,False,none,stable
2023-12-22,Omeprazole_20mg,Gastrointestinal,513,0.15,76.95,False,none,stable
2023-12-23,Omeprazole_20mg,Gastrointestinal,401,0.15,60.15,False,none,stable
2023-12-24,Omeprazole_20mg,Gastrointestinal,414,0.15,62.1,False,none,stable
2023-12-25,Omeprazole_20mg,Gastrointestinal,598,0.15,89.7,False,none,stable
2023-12-26,Omeprazole_20mg,Gastrointestinal,520,0.15,78.0,False,none,stable
2023-12-27,Omeprazole_20mg,Gastrointestinal,527,0.15,79.05,False,none,stable
2023-12-28,Omeprazole_20mg,Gastrointestinal,529,0.15,79.35,False,none,stable
2023-12-29,Omeprazole_20mg,Gastrointestinal,564,0.15,84.6,False,none,stable
2023-12-30,Omeprazole_20mg,Gastrointestinal,455,0.15,68.25,False,none,stable
2023-12-31,Omeprazole_20mg,Gastrointestinal,332,0.15,49.8,False,none,stable
2024-01-01,Omeprazole_20mg,Gastrointestinal,594,0.15,89.1,False,none,stable
2024-01-02,Omeprazole_20mg,Gastrointestinal,613,0.15,91.95,False,none,stable
2024-01-03,Omeprazole_20mg,Gastrointestinal,503,0.15,75.45,False,none,stable
2024-01-04,Omeprazole_20mg,Gastrointestinal,507,0.15,76.05,False,none,stable
2024-01-05,Omeprazole_20mg,Gastrointestinal,530,0.15,79.5,False,none,stable
2024-01-06,Omeprazole_20mg,Gastrointestinal,413,0.15,61.95,False,none,stable
2024-01-07,Omeprazole_20mg,Gastrointestinal,448,0.15,67.2,False,none,stable
2024-01-08,Omeprazole_20mg,Gastrointestinal,464,0.15,69.6,False,none,stable
2024-01-09,Omeprazole_20mg,Gastrointestinal,501,0.15,75.15,False,none,stable
2024-01-10,Omeprazole_20mg,Gastrointestinal,618,0.15,92.7,False,none,stable
2024-01-11,Omeprazole_20mg,Gastrointestinal,509,0.15,76.35,False,none,stable
2024-01-12,Omeprazole_20mg,Gastrointestinal,605,0.15,90.75,False,none,stable
2024-01-13,Omeprazole_20mg,Gastrointestinal,452,0.15,67.8,False,none,stable
2024-01-14,Omeprazole_20mg,Gastrointestinal,376,0.15,56.4,False,none,stable
2024-01-15,Omeprazole_20mg,Gastrointestinal,578,0.15,86.7,False,none,stable
2024-01-16,Omeprazole_20mg,Gastrointestinal,545,0.15,81.75,False,none,stable
2024-01-17,Omeprazole_20mg,Gastrointestinal,531,0.15,79.65,False,none,stable
2024-01-18,Omeprazole_20mg,Gastrointestinal,561,0.15,84.15,False,none,stable
2024-01-19,Omeprazole_20mg,Gastrointestinal,572,0.15,85.8,False,none,stable
2024-01-20,Omeprazole_20mg,Gastrointestinal,465,0.15,69.75,False,none,stable
2024-01-21,Omeprazole_20mg,Gastrointestinal,482,0.15,72.3,False,none,stable
2024-01-22,Omeprazole_20mg,Gastrointestinal,569,0.15,85.35,False,none,stable
2024-01-23,Omeprazole_20mg,Gastrointestinal,490,0.15,73.5,False,none,stable
2024-01-24,Omeprazole_20mg,Gastrointestinal,530,0.15,79.5,False,none,stable
2024-01-25,Omeprazole_20mg,Gastrointestinal,681,0.15,102.15,False,none,stable
2024-01-26,Omeprazole_20mg,Gastrointestinal,583,0.15,87.45,False,none,stable
2024-01-27,Omeprazole_20mg,Gastrointestinal,524,0.15,78.6,False,none,stable
2024-01-28,Omeprazole_20mg,Gastrointestinal,490,0.15,73.5,False,none,stable
2024-01-29,Omeprazole_20mg,Gastrointestinal,562,0.15,84.3,False,none,stable
2024-01-30,Omeprazole_20mg,Gastrointestinal,565,0.15,84.75,False,none,stable
2024-01-31,Omeprazole_20mg,Gastrointestinal,550,0.15,82.5,False,none,stable
2024-02-01,Omeprazole_20mg,Gastrointestinal,475,0.15,71.25,False,none,stable
2024-02-02,Omeprazole_20mg,Gastrointestinal,552,0.15,82.8,False,none,stable
2024-02-03,Omeprazole_20mg,Gastrointestinal,484,0.15,72.6,False,none,stable
2024-02-04,Omeprazole_20mg,Gastrointestinal,420,0.15,63.0,False,none,stable
2024-02-05,Omeprazole_20mg,Gastrointestinal,570,0.15,85.5,False,none,stable
2024-02-06,Omeprazole_20mg,Gastrointestinal,590,0.15,88.5,False,none,stable
2024-02-07,Omeprazole_20mg,Gastrointestinal,512,0.15,76.8,False,none,stable
2024-02-08,Omeprazole_20mg,Gastrointestinal,532,0.15,79.8,False,none,stable
2024-02-09,Omeprazole_20mg,Gastrointestinal,507,0.15,76.05,False,none,stable
2024-02-10,Omeprazole_20mg,Gastrointestinal,412,0.15,61.8,False,none,stable
2024-02-11,Omeprazole_20mg,Gastrointestinal,396,0.15,59.4,False,none,stable
2024-02-12,Omeprazole_20mg,Gastrointestinal,513,0.15,76.95,False,none,stable
2024-02-13,Omeprazole_20mg,Gastrointestinal,615,0.15,92.25,False,none,stable
2024-02-14,Omeprazole_20mg,Gastrointestinal,512,0.15,76.8,False,none,stable
2024-02-15,Omeprazole_20mg,Gastrointestinal,558,0.15,83.7,False,none,stable
2024-02-16,Omeprazole_20mg,Gastrointestinal,530,0.15,79.5,False,none,stable
2024-02-17,Omeprazole_20mg,Gastrointestinal,484,0.15,72.6,False,none,stable
2024-02-18,Omeprazole_20mg,Gastrointestinal,488,0.15,73.2,False,none,stable
2024-02-19,Omeprazole_20mg,Gastrointestinal,591,0.15,88.65,False,none,stable
2024-02-20,Omeprazole_20mg,Gastrointestinal,566,0.15,84.9,False,none,stable
2024-02-21,Omeprazole_20mg,Gastrointestinal,543,0.15,81.45,False,none,stable
2024-02-22,Omeprazole_20mg,Gastrointestinal,500,0.15,75.0,False,none,stable
2024-02-23,Omeprazole_20mg,Gastrointestinal,639,0.15,95.85,False,none,stable
2024-02-24,Omeprazole_20mg,Gastrointestinal,416,0.15,62.4,False,none,stable
2024-02-25,Omeprazole_20mg,Gastrointestinal,466,0.15,69.9,False,none,stable
2024-02-26,Omeprazole_20mg,Gastrointestinal,600,0.15,90.0,False,none,stable
2024-02-27,Omeprazole_20mg,Gastrointestinal,529,0.15,79.35,False,none,stable
2024-02-28,Omeprazole_20mg,Gastrointestinal,599,0.15,89.85,False,none,stable
2024-02-29,Omeprazole_20mg,Gastrointestinal,587,0.15,88.05,False,none,stable
2024-03-01,Omeprazole_20mg,Gastrointestinal,630,0.15,94.5,False,none,stable
2024-03-02,Omeprazole_20mg,Gastrointestinal,426,0.15,63.9,False,none,stable
2024-03-03,Omeprazole_20mg,Gastrointestinal,397,0.15,59.55,False,none,stable
2024-03-04,Omeprazole_20mg,Gastrointestinal,531,0.15,79.65,False,none,stable
2024-03-05,Omeprazole_20mg,Gastrointestinal,563,0.15,84.45,False,none,stable
2024-03-06,Omeprazole_20mg,Gastrointestinal,557,0.15,83.55,False,none,stable
2024-03-07,Omeprazole_20mg,Gastrointestinal,537,0.15,80.55,False,none,stable
2024-03-08,Omeprazole_20mg,Gastrointestinal,469,0.15,70.35,False,none,stable
2024-03-09,Omeprazole_20mg,Gastrointestinal,460,0.15,69.0,False,none,stable
2024-03-10,Omeprazole_20mg,Gastrointestinal,513,0.15,76.95,False,none,stable
2024-03-11,Omeprazole_20mg,Gastrointestinal,575,0.15,86.25,False,none,stable
2024-03-12,Omeprazole_20mg,Gastrointestinal,581,0.15,87.15,False,none,stable
2024-03-13,Omeprazole_20mg,Gastrointestinal,580,0.15,87.0,False,none,stable
2024-03-14,Omeprazole_20mg,Gastrointestinal,572,0.15,85.8,False,none,stable
2024-03-15,Omeprazole_20mg,Gastrointestinal,596,0.15,89.4,False,none,stable
2024-03-16,Omeprazole_20mg,Gastrointestinal,457,0.15,68.55,False,none,stable
2024-03-17,Omeprazole_20mg,Gastrointestinal,432,0.15,64.8,False,none,stable
2024-03-18,Omeprazole_20mg,Gastrointestinal,519,0.15,77.85,False,none,stable
2024-03-19,Omeprazole_20mg,Gastrointestinal,544,0.15,81.6,False,none,stable
2024-03-20,Omeprazole_20mg,Gastrointestinal,569,0.15,85.35,False,none,stable
2024-03-21,Omeprazole_20mg,Gastrointestinal,541,0.15,81.15,False,none,stable
2024-03-22,Omeprazole_20mg,Gastrointestinal,569,0.15,85.35,False,none,stable
2024-03-23,Omeprazole_20mg,Gastrointestinal,460,0.15,69.0,False,none,stable
2024-03-24,Omeprazole_20mg,Gastrointestinal,473,0.15,70.95,False,none,stable
2024-03-25,Omeprazole_20mg,Gastrointestinal,612,0.15,91.8,False,none,stable
2024-03-26,Omeprazole_20mg,Gastrointestinal,559,0.15,83.85,False,none,stable
2024-03-27,Omeprazole_20mg,Gastrointestinal,497,0.15,74.55,False,none,stable
2024-03-28,Omeprazole_20mg,Gastrointestinal,540,0.15,81.0,False,none,stable
2024-03-29,Omeprazole_20mg,Gastrointestinal,557,0.15,83.55,False,none,stable
2024-03-30,Omeprazole_20mg,Gastrointestinal,379,0.15,56.85,False,none,stable
2024-03-31,Omeprazole_20mg,Gastrointestinal,493,0.15,73.95,False,none,stable
2024-04-01,Omeprazole_20mg,Gastrointestinal,562,0.15,84.3,False,none,stable
2024-04-02,Omeprazole_20mg,Gastrointestinal,573,0.15,85.95,False,none,stable
2024-04-03,Omeprazole_20mg,Gastrointestinal,617,0.15,92.55,False,none,stable
2024-04-04,Omeprazole_20mg,Gastrointestinal,528,0.15,79.2,False,none,stable
2024-04-05,Omeprazole_20mg,Gastrointestinal,582,0.15,87.3,False,none,stable
2024-04-06,Omeprazole_20mg,Gastrointestinal,440,0.15,66.0,False,none,stable
2024-04-07,Omeprazole_20mg,Gastrointestinal,438,0.15,65.7,False,none,stable
2024-04-08,Omeprazole_20mg,Gastrointestinal,522,0.15,78.3,False,none,stable
2024-04-09,Omeprazole_20mg,Gastrointestinal,630,0.15,94.5,False,none,stable
2024-04-10,Omeprazole_20mg,Gastrointestinal,540,0.15,81.0,False,none,stable
2024-04-11,Omeprazole_20mg,Gastrointestinal,588,0.15,88.2,False,none,stable
2024-04-12,Omeprazole_20mg,Gastrointestinal,473,0.15,70.95,False,none,stable
2024-04-13,Omeprazole_20mg,Gastrointestinal,487,0.15,73.05,False,none,stable
2024-04-14,Omeprazole_20mg,Gastrointestinal,483,0.15,72.45,False,none,stable
2024-04-15,Omeprazole_20mg,Gastrointestinal,561,0.15,84.15,False,none,stable
2024-04-16,Omeprazole_20mg,Gastrointestinal,547,0.15,82.05,False,none,stable
2024-04-17,Omeprazole_20mg,Gastrointestinal,575,0.15,86.25,False,none,stable
2024-04-18,Omeprazole_20mg,Gastrointestinal,659,0.15,98.85,False,none,stable
2024-04-19,Omeprazole_20mg,Gastrointestinal,478,0.15,71.7,False,none,stable
2024-04-20,Omeprazole_20mg,Gastrointestinal,473,0.15,70.95,False,none,stable
2024-04-21,Omeprazole_20mg,Gastrointestinal,412,0.15,61.8,False,none,stable
2024-04-22,Omeprazole_20mg,Gastrointestinal,556,0.15,83.4,False,none,stable
2024-04-23,Omeprazole_20mg,Gastrointestinal,546,0.15,81.9,False,none,stable
2024-04-24,Omeprazole_20mg,Gastrointestinal,538,0.15,80.7,False,none,stable
2024-04-25,Omeprazole_20mg,Gastrointestinal,557,0.15,83.55,False,none,stable
2024-04-26,Omeprazole_20mg,Gastrointestinal,507,0.15,76.05,False,none,stable
2024-04-27,Omeprazole_20mg,Gastrointestinal,482,0.15,72.3,False,none,stable
2024-04-28,Omeprazole_20mg,Gastrointestinal,381,0.15,57.15,False,none,stable
2024-04-29,Omeprazole_20mg,Gastrointestinal,582,0.15,87.3,False,none,stable
2024-04-30,Omeprazole_20mg,Gastrointestinal,543,0.15,81.45,False,none,stable
2024-05-01,Omeprazole_20mg,Gastrointestinal,505,0.15,75.75,False,none,stable
2024-05-02,Omeprazole_20mg,Gastrointestinal,567,0.15,85.05,False,none,stable
2024-05-03,Omeprazole_20mg,Gastrointestinal,488,0.15,73.2,False,none,stable
2024-05-04,Omeprazole_20mg,Gastrointestinal,448,0.15,67.2,False,none,stable
2024-05-05,Omeprazole_20mg,Gastrointestinal,395,0.15,59.25,False,none,stable
2024-05-06,Omeprazole_20mg,Gastrointestinal,579,0.15,86.85,False,none,stable
2024-05-07,Omeprazole_20mg,Gastrointestinal,517,0.15,77.55,False,none,stable
2024-05-08,Omeprazole_20mg,Gastrointestinal,538,0.15,80.7,False,none,stable
2024-05-09,Omeprazole_20mg,Gastrointestinal,571,0.15,85.65,False,none,stable
2024-05-10,Omeprazole_20mg,Gastrointestinal,524,0.15,78.6,False,none,stable
2024-05-11,Omeprazole_20mg,Gastrointestinal,444,0.15,66.6,False,none,stable
2024-05-12,Omeprazole_20mg,Gastrointestinal,392,0.15,58.8,False,none,stable
2024-05-13,Omeprazole_20mg,Gastrointestinal,587,0.15,88.05,False,none,stable
2024-05-14,Omeprazole_20mg,Gastrointestinal,638,0.15,95.7,False,none,stable
2024-05-15,Omeprazole_20mg,Gastrointestinal,684,0.15,102.6,False,none,stable
2024-05-16,Omeprazole_20mg,Gastrointestinal,563,0.15,84.45,False,none,stable
2024-05-17,Omeprazole_20mg,Gastrointestinal,594,0.15,89.1,False,none,stable
2024-05-18,Omeprazole_20mg,Gastrointestinal,383,0.15,57.45,False,none,stable
2024-05-19,Omeprazole_20mg,Gastrointestinal,500,0.15,75.0,False,none,stable
2024-05-20,Omeprazole_20mg,Gastrointestinal,594,0.15,89.1,False,none,stable
2024-05-21,Omeprazole_20mg,Gastrointestinal,537,0.15,80.55,False,none,stable
2024-05-22,Omeprazole_20mg,Gastrointestinal,615,0.15,92.25,False,none,stable
2024-05-23,Omeprazole_20mg,Gastrointestinal,548,0.15,82.2,False,none,stable
2024-05-24,Omeprazole_20mg,Gastrointestinal,539,0.15,80.85,False,none,stable
2024-05-25,Omeprazole_20mg,Gastrointestinal,464,0.15,69.6,False,none,stable
2024-05-26,Omeprazole_20mg,Gastrointestinal,409,0.15,61.35,False,none,stable
2024-05-27,Omeprazole_20mg,Gastrointestinal,605,0.15,90.75,False,none,stable
2024-05-28,Omeprazole_20mg,Gastrointestinal,512,0.15,76.8,False,none,stable
2024-05-29,Omeprazole_20mg,Gastrointestinal,513,0.15,76.95,False,none,stable
2024-05-30,Omeprazole_20mg,Gastrointestinal,519,0.15,77.85,False,none,stable
2024-05-31,Omeprazole_20mg,Gastrointestinal,594,0.15,89.1,False,none,stable
2024-06-01,Omeprazole_20mg,Gastrointestinal,425,0.15,63.75,False,none,stable
2024-06-02,Omeprazole_20mg,Gastrointestinal,400,0.15,60.0,False,none,stable
2024-06-03,Omeprazole_20mg,Gastrointestinal,533,0.15,79.95,False,none,stable
2024-06-04,Omeprazole_20mg,Gastrointestinal,559,0.15,83.85,False,none,stable
2024-06-05,Omeprazole_20mg,Gastrointestinal,507,0.15,76.05,False,none,stable
2024-06-06,Omeprazole_20mg,Gastrointestinal,509,0.15,76.35,False,none,stable
2024-06-07,Omeprazole_20mg,Gastrointestinal,655,0.15,98.25,False,none,stable
2024-06-08,Omeprazole_20mg,Gastrointestinal,417,0.15,62.55,False,none,stable
2024-06-09,Omeprazole_20mg,Gastrointestinal,436,0.15,65.4,False,none,stable
2024-06-10,Omeprazole_20mg,Gastrointestinal,544,0.15,81.6,False,none,stable
2024-06-11,Omeprazole_20mg,Gastrointestinal,542,0.15,81.3,False,none,stable
2024-06-12,Omeprazole_20mg,Gastrointestinal,589,0.15,88.35,False,none,stable
2024-06-13,Omeprazole_20mg,Gastrointestinal,603,0.15,90.45,False,none,stable
2024-06-14,Omeprazole_20mg,Gastrointestinal,547,0.15,82.05,False,none,stable
2024-06-15,Omeprazole_20mg,Gastrointestinal,404,0.15,60.6,False,none,stable
2024-06-16,Omeprazole_20mg,Gastrointestinal,494,0.15,74.1,False,none,stable
2024-06-17,Omeprazole_20mg,Gastrointestinal,557,0.15,83.55,False,none,stable
2024-06-18,Omeprazole_20mg,Gastrointestinal,639,0.15,95.85,False,none,stable
2024-06-19,Omeprazole_20mg,Gastrointestinal,460,0.15,69.0,False,none,stable
2024-06-20,Omeprazole_20mg,Gastrointestinal,570,0.15,85.5,False,none,stable
2024-06-21,Omeprazole_20mg,Gastrointestinal,648,0.15,97.2,False,none,stable
2024-06-22,Omeprazole_20mg,Gastrointestinal,436,0.15,65.4,False,none,stable
2024-06-23,Omeprazole_20mg,Gastrointestinal,440,0.15,66.0,False,none,stable
2024-06-24,Omeprazole_20mg,Gastrointestinal,575,0.15,86.25,False,none,stable
2024-06-25,Omeprazole_20mg,Gastrointestinal,536,0.15,80.4,False,none,stable
2024-06-26,Omeprazole_20mg,Gastrointestinal,548,0.15,82.2,False,none,stable
2024-06-27,Omeprazole_20mg,Gastrointestinal,546,0.15,81.9,False,none,stable
2024-06-28,Omeprazole_20mg,Gastrointestinal,534,0.15,80.1,False,none,stable
2024-06-29,Omeprazole_20mg,Gastrointestinal,493,0.15,73.95,False,none,stable
2024-06-30,Omeprazole_20mg,Gastrointestinal,466,0.15,69.9,False,none,stable
2024-07-01,Omeprazole_20mg,Gastrointestinal,573,0.15,85.95,False,none,stable
2024-07-02,Omeprazole_20mg,Gastrointestinal,598,0.15,89.7,False,none,stable
2024-07-03,Omeprazole_20mg,Gastrointestinal,550,0.15,82.5,False,none,stable
2024-07-04,Omeprazole_20mg,Gastrointestinal,527,0.15,79.05,False,none,stable
2024-07-05,Omeprazole_20mg,Gastrointestinal,535,0.15,80.25,False,none,stable
2024-07-06,Omeprazole_20mg,Gastrointestinal,449,0.15,67.35,False,none,stable
2024-07-07,Omeprazole_20mg,Gastrointestinal,412,0.15,61.8,False,none,stable
2024-07-08,Omeprazole_20mg,Gastrointestinal,540,0.15,81.0,False,none,stable
2024-07-09,Omeprazole_20mg,Gastrointestinal,539,0.15,80.85,False,none,stable
2024-07-10,Omeprazole_20mg,Gastrointestinal,658,0.15,98.7,False,none,stable
2024-07-11,Omeprazole_20mg,Gastrointestinal,438,0.15,65.7,False,none,stable
2024-07-12,Omeprazole_20mg,Gastrointestinal,555,0.15,83.25,False,none,stable
2024-07-13,Omeprazole_20mg,Gastrointestinal,512,0.15,76.8,False,none,stable
2024-07-14,Omeprazole_20mg,Gastrointestinal,454,0.15,68.1,False,none,stable
2024-07-15,Omeprazole_20mg,Gastrointestinal,597,0.15,89.55,False,none,stable
2024-07-16,Omeprazole_20mg,Gastrointestinal,567,0.15,85.05,False,none,stable
2024-07-17,Omeprazole_20mg,Gastrointestinal,533,0.15,79.95,False,none,stable
2024-07-18,Omeprazole_20mg,Gastrointestinal,462,0.15,69.3,False,none,stable
2024-07-19,Omeprazole_20mg,Gastrointestinal,572,0.15,85.8,False,none,stable
2024-07-20,Omeprazole_20mg,Gastrointestinal,422,0.15,63.3,False,none,stable
2024-07-21,Omeprazole_20mg,Gastrointestinal,421,0.15,63.15,False,none,stable
2024-07-22,Omeprazole_20mg,Gastrointestinal,541,0.15,81.15,False,none,stable
2024-07-23,Omeprazole_20mg,Gastrointestinal,642,0.15,96.3,False,none,stable
2024-07-24,Omeprazole_20mg,Gastrointestinal,672,0.15,100.8,False,none,stable
2024-07-25,Omeprazole_20mg,Gastrointestinal,573,0.15,85.95,False,none,stable
2024-07-26,Omeprazole_20mg,Gastrointestinal,543,0.15,81.45,False,none,stable
2024-07-27,Omeprazole_20mg,Gastrointestinal,408,0.15,61.2,False,none,stable
2024-07-28,Omeprazole_20mg,Gastrointestinal,468,0.15,70.2,False,none,stable
2024-07-29,Omeprazole_20mg,Gastrointestinal,644,0.15,96.6,False,none,stable
2024-07-30,Omeprazole_20mg,Gastrointestinal,553,0.15,82.95,False,none,stable
2024-07-31,Omeprazole_20mg,Gastrointestinal,457,0.15,68.55,False,none,stable
2024-08-01,Omeprazole_20mg,Gastrointestinal,594,0.15,89.1,False,none,stable
2024-08-02,Omeprazole_20mg,Gastrointestinal,609,0.15,91.35,False,none,stable
2024-08-03,Omeprazole_20mg,Gastrointestinal,394,0.15,59.1,False,none,stable
2024-08-04,Omeprazole_20mg,Gastrointestinal,457,0.15,68.55,False,none,stable
2024-08-05,Omeprazole_20mg,Gastrointestinal,585,0.15,87.75,False,none,stable
2024-08-06,Omeprazole_20mg,Gastrointestinal,561,0.15,84.15,False,none,stable
2024-08-07,Omeprazole_20mg,Gastrointestinal,529,0.15,79.35,False,none,stable
2024-08-08,Omeprazole_20mg,Gastrointestinal,610,0.15,91.5,False,none,stable
2024-08-09,Omeprazole_20mg,Gastrointestinal,546,0.15,81.9,False,none,stable
2024-08-10,Omeprazole_20mg,Gastrointestinal,398,0.15,59.7,False,none,stable
2024-08-11,Omeprazole_20mg,Gastrointestinal,377,0.15,56.55,False,none,stable
2024-08-12,Omeprazole_20mg,Gastrointestinal,622,0.15,93.3,False,none,stable
2024-08-13,Omeprazole_20mg,Gastrointestinal,593,0.15,88.95,False,none,stable
2024-08-14,Omeprazole_20mg,Gastrointestinal,569,0.15,85.35,False,none,stable
2024-08-15,Omeprazole_20mg,Gastrointestinal,545,0.15,81.75,False,none,stable
2024-08-16,Omeprazole_20mg,Gastrointestinal,541,0.15,81.15,False,none,stable
2024-08-17,Omeprazole_20mg,Gastrointestinal,413,0.15,61.95,False,none,stable
2024-08-18,Omeprazole_20mg,Gastrointestinal,436,0.15,65.4,False,none,stable
2024-08-19,Omeprazole_20mg,Gastrointestinal,469,0.15,70.35,False,none,stable
2024-08-20,Omeprazole_20mg,Gastrointestinal,532,0.15,79.8,False,none,stable
2024-08-21,Omeprazole_20mg,Gastrointestinal,551,0.15,82.65,False,none,stable
2024-08-22,Omeprazole_20mg,Gastrointestinal,593,0.15,88.95,False,none,stable
2024-08-23,Omeprazole_20mg,Gastrointestinal,564,0.15,84.6,False,none,stable
2024-08-24,Omeprazole_20mg,Gastrointestinal,481,0.15,72.15,False,none,stable
2024-08-25,Omeprazole_20mg,Gastrointestinal,501,0.15,75.15,False,none,stable
2024-08-26,Omeprazole_20mg,Gastrointestinal,614,0.15,92.1,False,none,stable
2024-08-27,Omeprazole_20mg,Gastrointestinal,587,0.15,88.05,False,none,stable
2024-08-28,Omeprazole_20mg,Gastrointestinal,566,0.15,84.9,False,none,stable
2024-08-29,Omeprazole_20mg,Gastrointestinal,522,0.15,78.3,False,none,stable
2024-08-30,Omeprazole_20mg,Gastrointestinal,600,0.15,90.0,False,none,stable
2024-08-31,Omeprazole_20mg,Gastrointestinal,513,0.15,76.95,False,none,stable
2024-09-01,Omeprazole_20mg,Gastrointestinal,465,0.15,69.75,False,none,stable
2024-09-02,Omeprazole_20mg,Gastrointestinal,653,0.15,97.95,False,none,stable
2024-09-03,Omeprazole_20mg,Gastrointestinal,497,0.15,74.55,False,none,stable
2024-09-04,Omeprazole_20mg,Gastrointestinal,514,0.15,77.1,False,none,stable
2024-09-05,Omeprazole_20mg,Gastrointestinal,605,0.15,90.75,False,none,stable
2024-09-06,Omeprazole_20mg,Gastrointestinal,579,0.15,86.85,False,none,stable
2024-09-07,Omeprazole_20mg,Gastrointestinal,500,0.15,75.0,False,none,stable
2024-09-08,Omeprazole_20mg,Gastrointestinal,452,0.15,67.8,False,none,stable
2024-09-09,Omeprazole_20mg,Gastrointestinal,527,0.15,79.05,False,none,stable
2024-09-10,Omeprazole_20mg,Gastrointestinal,557,0.15,83.55,False,none,stable
2024-09-11,Omeprazole_20mg,Gastrointestinal,497,0.15,74.55,False,none,stable
2024-09-12,Omeprazole_20mg,Gastrointestinal,516,0.15,77.4,False,none,stable
2024-09-13,Omeprazole_20mg,Gastrointestinal,611,0.15,91.65,False,none,stable
2024-09-14,Omeprazole_20mg,Gastrointestinal,485,0.15,72.75,False,none,stable
2024-09-15,Omeprazole_20mg,Gastrointestinal,467,0.15,70.05,False,none,stable
2024-09-16,Omeprazole_20mg,Gastrointestinal,489,0.15,73.35,False,none,stable
2024-09-17,Omeprazole_20mg,Gastrointestinal,551,0.15,82.65,False,none,stable
2024-09-18,Omeprazole_20mg,Gastrointestinal,512,0.15,76.8,False,none,stable
2024-09-19,Omeprazole_20mg,Gastrointestinal,621,0.15,93.15,False,none,stable
2024-09-20,Omeprazole_20mg,Gastrointestinal,541,0.15,81.15,False,none,stable
2024-09-21,Omeprazole_20mg,Gastrointestinal,414,0.15,62.1,False,none,stable
2024-09-22,Omeprazole_20mg,Gastrointestinal,455,0.15,68.25,False,none,stable
2024-09-23,Omeprazole_20mg,Gastrointestinal,539,0.15,80.85,False,none,stable
2024-09-24,Omeprazole_20mg,Gastrointestinal,635,0.15,95.25,False,none,stable
2024-09-25,Omeprazole_20mg,Gastrointestinal,534,0.15,80.1,False,none,stable
2024-09-26,Omeprazole_20mg,Gastrointestinal,504,0.15,75.6,False,none,stable
2024-09-27,Omeprazole_20mg,Gastrointestinal,470,0.15,70.5,False,none,stable
2024-09-28,Omeprazole_20mg,Gastrointestinal,453,0.15,67.95,False,none,stable
2024-09-29,Omeprazole_20mg,Gastrointestinal,434,0.15,65.1,False,none,stable
2024-09-30,Omeprazole_20mg,Gastrointestinal,503,0.15,75.45,False,none,stable
2024-10-01,Omeprazole_20mg,Gastrointestinal,622,0.15,93.3,False,none,stable
2024-10-02,Omeprazole_20mg,Gastrointestinal,599,0.15,89.85,False,none,stable
2024-10-03,Omeprazole_20mg,Gastrointestinal,567,0.15,85.05,False,none,stable
2024-10-04,Omeprazole_20mg,Gastrointestinal,631,0.15,94.65,False,none,stable
2024-10-05,Omeprazole_20mg,Gastrointestinal,479,0.15,71.85,False,none,stable
2024-10-06,Omeprazole_20mg,Gastrointestinal,424,0.15,63.6,False,none,stable
2024-10-07,Omeprazole_20mg,Gastrointestinal,521,0.15,78.15,False,none,stable
2024-10-08,Omeprazole_20mg,Gastrointestinal,606,0.15,90.9,False,none,stable
2024-10-09,Omeprazole_20mg,Gastrointestinal,587,0.15,88.05,False,none,stable
2024-10-10,Omeprazole_20mg,Gastrointestinal,577,0.15,86.55,False,none,stable
2024-10-11,Omeprazole_20mg,Gastrointestinal,530,0.15,79.5,False,none,stable
2024-10-12,Omeprazole_20mg,Gastrointestinal,477,0.15,71.55,False,none,stable
2024-10-13,Omeprazole_20mg,Gastrointestinal,428,0.15,64.2,False,none,stable
2024-10-14,Omeprazole_20mg,Gastrointestinal,565,0.15,84.75,False,none,stable
2024-10-15,Omeprazole_20mg,Gastrointestinal,635,0.15,95.25,False,none,stable
2024-10-16,Omeprazole_20mg,Gastrointestinal,539,0.15,80.85,False,none,stable
2024-10-17,Omeprazole_20mg,Gastrointestinal,498,0.15,74.7,False,none,stable
2024-10-18,Omeprazole_20mg,Gastrointestinal,521,0.15,78.15,False,none,stable
2024-10-19,Omeprazole_20mg,Gastrointestinal,492,0.15,73.8,False,none,stable
2024-10-20,Omeprazole_20mg,Gastrointestinal,464,0.15,69.6,False,none,stable
2024-10-21,Omeprazole_20mg,Gastrointestinal,564,0.15,84.6,False,none,stable
2024-10-22,Omeprazole_20mg,Gastrointestinal,546,0.15,81.9,False,none,stable
2024-10-23,Omeprazole_20mg,Gastrointestinal,592,0.15,88.8,False,none,stable
2024-10-24,Omeprazole_20mg,Gastrointestinal,531,0.15,79.65,False,none,stable
2024-10-25,Omeprazole_20mg,Gastrointestinal,584,0.15,87.6,False,none,stable
2024-10-26,Omeprazole_20mg,Gastrointestinal,429,0.15,64.35,False,none,stable
2024-10-27,Omeprazole_20mg,Gastrointestinal,423,0.15,63.45,False,none,stable
2024-10-28,Omeprazole_20mg,Gastrointestinal,541,0.15,81.15,False,none,stable
2024-10-29,Omeprazole_20mg,Gastrointestinal,553,0.15,82.95,False,none,stable
2024-10-30,Omeprazole_20mg,Gastrointestinal,568,0.15,85.2,False,none,stable
2024-10-31,Omeprazole_20mg,Gastrointestinal,581,0.15,87.15,False,none,stable
2024-11-01,Omeprazole_20mg,Gastrointestinal,499,0.15,74.85,False,flu_outbreak,stable
2024-11-02,Omeprazole_20mg,Gastrointestinal,529,0.15,79.35,False,flu_outbreak,stable
2024-11-03,Omeprazole_20mg,Gastrointestinal,548,0.15,82.2,False,flu_outbreak,stable
2024-11-04,Omeprazole_20mg,Gastrointestinal,793,0.15,118.95,False,flu_outbreak,stable
2024-11-05,Omeprazole_20mg,Gastrointestinal,647,0.15,97.05,False,flu_outbreak,stable
2024-11-06,Omeprazole_20mg,Gastrointestinal,717,0.15,107.55,False,flu_outbreak,stable
2024-11-07,Omeprazole_20mg,Gastrointestinal,793,0.15,118.95,False,flu_outbreak,stable
2024-11-08,Omeprazole_20mg,Gastrointestinal,634,0.15,95.1,False,flu_outbreak,stable
2024-11-09,Omeprazole_20mg,Gastrointestinal,584,0.15,87.6,False,flu_outbreak,stable
2024-11-10,Omeprazole_20mg,Gastrointestinal,530,0.15,79.5,False,flu_outbreak,stable
2024-11-11,Omeprazole_20mg,Gastrointestinal,680,0.15,102.0,False,flu_outbreak,stable
2024-11-12,Omeprazole_20mg,Gastrointestinal,663,0.15,99.45,False,flu_outbreak,stable
2024-11-13,Omeprazole_20mg,Gastrointestinal,667,0.15,100.05,False,flu_outbreak,stable
2024-11-14,Omeprazole_20mg,Gastrointestinal,863,0.15,129.45,False,flu_outbreak,stable
2024-11-15,Omeprazole_20mg,Gastrointestinal,756,0.15,113.4,False,flu_outbreak,stable
2024-11-16,Omeprazole_20mg,Gastrointestinal,616,0.15,92.4,False,flu_outbreak,stable
2024-11-17,Omeprazole_20mg,Gastrointestinal,589,0.15,88.35,False,flu_outbreak,stable
2024-11-18,Omeprazole_20mg,Gastrointestinal,618,0.15,92.7,False,flu_outbreak,stable
2024-11-19,Omeprazole_20mg,Gastrointestinal,731,0.15,109.65,False,flu_outbreak,stable
2024-11-20,Omeprazole_20mg,Gastrointestinal,770,0.15,115.5,False,flu_outbreak,stable
2024-11-21,Omeprazole_20mg,Gastrointestinal,661,0.15,99.15,False,flu_outbreak,stable
2024-11-22,Omeprazole_20mg,Gastrointestinal,764,0.15,114.6,False,flu_outbreak,stable
2024-11-23,Omeprazole_20mg,Gastrointestinal,599,0.15,89.85,False,flu_outbreak,stable
2024-11-24,Omeprazole_20mg,Gastrointestinal,652,0.15,97.8,False,flu_outbreak,stable
2024-11-25,Omeprazole_20mg,Gastrointestinal,686,0.15,102.9,False,flu_outbreak,stable
2024-11-26,Omeprazole_20mg,Gastrointestinal,647,0.15,97.05,False,flu_outbreak,stable
2024-11-27,Omeprazole_20mg,Gastrointestinal,689,0.15,103.35,False,flu_outbreak,stable
2024-11-28,Omeprazole_20mg,Gastrointestinal,791,0.15,118.65,False,flu_outbreak,stable
2024-11-29,Omeprazole_20mg,Gastrointestinal,606,0.15,90.9,False,flu_outbreak,stable
2024-11-30,Omeprazole_20mg,Gastrointestinal,473,0.15,70.95,False,flu_outbreak,stable
2024-12-01,Omeprazole_20mg,Gastrointestinal,572,0.15,85.8,False,flu_outbreak,stable
2024-12-02,Omeprazole_20mg,Gastrointestinal,685,0.15,102.75,False,flu_outbreak,stable
2024-12-03,Omeprazole_20mg,Gastrointestinal,711,0.15,106.65,False,flu_outbreak,stable
2024-12-04,Omeprazole_20mg,Gastrointestinal,764,0.15,114.6,False,flu_outbreak,stable
2024-12-05,Omeprazole_20mg,Gastrointestinal,679,0.15,101.85,False,flu_outbreak,stable
2024-12-06,Omeprazole_20mg,Gastrointestinal,604,0.15,90.6,False,flu_outbreak,stable
2024-12-07,Omeprazole_20mg,Gastrointestinal,661,0.15,99.15,False,flu_outbreak,stable
2024-12-08,Omeprazole_20mg,Gastrointestinal,523,0.15,78.45,False,flu_outbreak,stable
2024-12-09,Omeprazole_20mg,Gastrointestinal,650,0.15,97.5,False,flu_outbreak,stable
2024-12-10,Omeprazole_20mg,Gastrointestinal,774,0.15,116.1,False,flu_outbreak,stable
2024-12-11,Omeprazole_20mg,Gastrointestinal,689,0.15,103.35,False,flu_outbreak,stable
2024-12-12,Omeprazole_20mg,Gastrointestinal,707,0.15,106.05,False,flu_outbreak,stable
2024-12-13,Omeprazole_20mg,Gastrointestinal,738,0.15,110.7,False,flu_outbreak,stable
2024-12-14,Omeprazole_20mg,Gastrointestinal,618,0.15,92.7,False,flu_outbreak,stable
2024-12-15,Omeprazole_20mg,Gastrointestinal,553,0.15,82.95,False,flu_outbreak,stable
2024-12-16,Omeprazole_20mg,Gastrointestinal,798,0.15,119.7,False,flu_outbreak,stable
2024-12-17,Omeprazole_20mg,Gastrointestinal,590,0.15,88.5,False,flu_outbreak,stable
2024-12-18,Omeprazole_20mg,Gastrointestinal,755,0.15,113.25,False,flu_outbreak,stable
2024-12-19,Omeprazole_20mg,Gastrointestinal,664,0.15,99.6,False,flu_outbreak,stable
2024-12-20,Omeprazole_20mg,Gastrointestinal,790,0.15,118.5,False,flu_outbreak,stable
2024-12-21,Omeprazole_20mg,Gastrointestinal,576,0.15,86.4,False,flu_outbreak,stable
2024-12-22,Omeprazole_20mg,Gastrointestinal,538,0.15,80.7,False,flu_outbreak,stable
2024-12-23,Omeprazole_20mg,Gastrointestinal,750,0.15,112.5,False,flu_outbreak,stable
2024-12-24,Omeprazole_20mg,Gastrointestinal,763,0.15,114.45,False,flu_outbreak,stable
2024-12-25,Omeprazole_20mg,Gastrointestinal,749,0.15,112.35,False,flu_outbreak,stable
2024-12-26,Omeprazole_20mg,Gastrointestinal,653,0.15,97.95,False,flu_outbreak,stable
2024-12-27,Omeprazole_20mg,Gastrointestinal,685,0.15,102.75,False,flu_outbreak,stable
2024-12-28,Omeprazole_20mg,Gastrointestinal,569,0.15,85.35,False,flu_outbreak,stable
2024-12-29,Omeprazole_20mg,Gastrointestinal,568,0.15,85.2,False,flu_outbreak,stable
2024-12-30,Omeprazole_20mg,Gastrointestinal,755,0.15,113.25,False,flu_outbreak,stable
2024-12-31,Omeprazole_20mg,Gastrointestinal,598,0.15,89.7,False,flu_outbreak,stable
2022-01-01,Azithromycin_500mg,Antibiotic,574,0.8,459.2,False,covid_wave,winter_peak
2022-01-02,Azithromycin_500mg,Antibiotic,546,0.8,436.8,False,covid_wave,winter_peak
2022-01-03,Azithromycin_500mg,Antibiotic,653,0.8,522.4,False,covid_wave,winter_peak
2022-01-04,Azithromycin_500mg,Antibiotic,658,0.8,526.4,False,covid_wave,winter_peak
2022-01-05,Azithromycin_500mg,Antibiotic,688,0.8,550.4,False,covid_wave,winter_peak
2022-01-06,Azithromycin_500mg,Antibiotic,498,0.8,398.4,False,covid_wave,winter_peak
2022-01-07,Azithromycin_500mg,Antibiotic,661,0.8,528.8,False,covid_wave,winter_peak
2022-01-08,Azithromycin_500mg,Antibiotic,520,0.8,416.0,False,covid_wave,winter_peak
2022-01-09,Azithromycin_500mg,Antibiotic,584,0.8,467.2,False,covid_wave,winter_peak
2022-01-10,Azithromycin_500mg,Antibiotic,655,0.8,524.0,False,covid_wave,winter_peak
2022-01-11,Azithromycin_500mg,Antibiotic,688,0.8,550.4,False,covid_wave,winter_peak
2022-01-12,Azithromycin_500mg,Antibiotic,787,0.8,629.6,False,covid_wave,winter_peak
2022-01-13,Azithromycin_500mg,Antibiotic,756,0.8,604.8,False,covid_wave,winter_peak
2022-01-14,Azithromycin_500mg,Antibiotic,751,0.8,600.8,False,covid_wave,winter_peak
2022-01-15,Azithromycin_500mg,Antibiotic,538,0.8,430.4,False,covid_wave,winter_peak
2022-01-16,Azithromycin_500mg,Antibiotic,584,0.8,467.2,False,covid_wave,winter_peak
2022-01-17,Azithromycin_500mg,Antibiotic,688,0.8,550.4,False,covid_wave,winter_peak
2022-01-18,Azithromycin_500mg,Antibiotic,690,0.8,552.0,False,covid_wave,winter_peak
2022-01-19,Azithromycin_500mg,Antibiotic,724,0.8,579.2,False,covid_wave,winter_peak
2022-01-20,Azithromycin_500mg,Antibiotic,668,0.8,534.4,False,covid_wave,winter_peak
2022-01-21,Azithromycin_500mg,Antibiotic,785,0.8,628.0,False,covid_wave,winter_peak
2022-01-22,Azithromycin_500mg,Antibiotic,554,0.8,443.2,False,covid_wave,winter_peak
2022-01-23,Azithromycin_500mg,Antibiotic,588,0.8,470.4,False,covid_wave,winter_peak
2022-01-24,Azithromycin_500mg,Antibiotic,783,0.8,626.4,False,covid_wave,winter_peak
2022-01-25,Azithromycin_500mg,Antibiotic,760,0.8,608.0,False,covid_wave,winter_peak
2022-01-26,Azithromycin_500mg,Antibiotic,623,0.8,498.4,False,covid_wave,winter_peak
2022-01-27,Azithromycin_500mg,Antibiotic,727,0.8,581.6,False,covid_wave,winter_peak
2022-01-28,Azithromycin_500mg,Antibiotic,750,0.8,600.0,False,covid_wave,winter_peak
2022-01-29,Azithromycin_500mg,Antibiotic,601,0.8,480.8,False,covid_wave,winter_peak
2022-01-30,Azithromycin_500mg,Antibiotic,512,0.8,409.6,False,covid_wave,winter_peak
2022-01-31,Azithromycin_500mg,Antibiotic,665,0.8,532.0,False,covid_wave,winter_peak
2022-02-01,Azithromycin_500mg,Antibiotic,731,0.8,584.8,False,covid_wave,winter_peak
2022-02-02,Azithromycin_500mg,Antibiotic,636,0.8,508.8,False,covid_wave,winter_peak
2022-02-03,Azithromycin_500mg,Antibiotic,661,0.8,528.8,False,covid_wave,winter_peak
2022-02-04,Azithromycin_500mg,Antibiotic,763,0.8,610.4,False,covid_wave,winter_peak
2022-02-05,Azithromycin_500mg,Antibiotic,540,0.8,432.0,False,covid_wave,winter_peak
2022-02-06,Azithromycin_500mg,Antibiotic,510,0.8,408.0,False,covid_wave,winter_peak
2022-02-07,Azithromycin_500mg,Antibiotic,630,0.8,504.0,False,covid_wave,winter_peak
2022-02-08,Azithromycin_500mg,Antibiotic,696,0.8,556.8,False,covid_wave,winter_peak
2022-02-09,Azithromycin_500mg,Antibiotic,606,0.8,484.8,False,covid_wave,winter_peak
2022-02-10,Azithromycin_500mg,Antibiotic,665,0.8,532.0,False,covid_wave,winter_peak
2022-02-11,Azithromycin_500mg,Antibiotic,696,0.8,556.8,False,covid_wave,winter_peak
2022-02-12,Azithromycin_500mg,Antibiotic,599,0.8,479.2,False,covid_wave,winter_peak
2022-02-13,Azithromycin_500mg,Antibiotic,572,0.8,457.6,False,covid_wave,winter_peak
2022-02-14,Azithromycin_500mg,Antibiotic,640,0.8,512.0,False,covid_wave,winter_peak
2022-02-15,Azithromycin_500mg,Antibiotic,743,0.8,594.4,False,covid_wave,winter_peak
2022-02-16,Azithromycin_500mg,Antibiotic,662,0.8,529.6,False,covid_wave,winter_peak
2022-02-17,Azithromycin_500mg,Antibiotic,612,0.8,489.6,False,covid_wave,winter_peak
2022-02-18,Azithromycin_500mg,Antibiotic,670,0.8,536.0,False,covid_wave,winter_peak
2022-02-19,Azithromycin_500mg,Antibiotic,605,0.8,484.0,False,covid_wave,winter_peak
2022-02-20,Azithromycin_500mg,Antibiotic,550,0.8,440.0,False,covid_wave,winter_peak
2022-02-21,Azithromycin_500mg,Antibiotic,680,0.8,544.0,False,covid_wave,winter_peak
2022-02-22,Azithromycin_500mg,Antibiotic,768,0.8,614.4,False,covid_wave,winter_peak
2022-02-23,Azithromycin_500mg,Antibiotic,602,0.8,481.6,False,covid_wave,winter_peak
2022-02-24,Azithromycin_500mg,Antibiotic,610,0.8,488.0,False,covid_wave,winter_peak
2022-02-25,Azithromycin_500mg,Antibiotic,592,0.8,473.6,False,covid_wave,winter_peak
2022-02-26,Azithromycin_500mg,Antibiotic,560,0.8,448.0,False,covid_wave,winter_peak
2022-02-27,Azithromycin_500mg,Antibiotic,551,0.8,440.8,False,covid_wave,winter_peak
2022-02-28,Azithromycin_500mg,Antibiotic,764,0.8,611.2,False,covid_wave,winter_peak
2022-03-01,Azithromycin_500mg,Antibiotic,565,0.8,452.0,False,covid_wave,winter_peak
2022-03-02,Azithromycin_500mg,Antibiotic,536,0.8,428.8,False,covid_wave,winter_peak
2022-03-03,Azithromycin_500mg,Antibiotic,554,0.8,443.2,False,covid_wave,winter_peak
2022-03-04,Azithromycin_500mg,Antibiotic,559,0.8,447.2,False,covid_wave,winter_peak
2022-03-05,Azithromycin_500mg,Antibiotic,384,0.8,307.2,False,covid_wave,winter_peak
2022-03-06,Azithromycin_500mg,Antibiotic,540,0.8,432.0,False,covid_wave,winter_peak
2022-03-07,Azithromycin_500mg,Antibiotic,577,0.8,461.6,False,covid_wave,winter_peak
2022-03-08,Azithromycin_500mg,Antibiotic,564,0.8,451.2,False,covid_wave,winter_peak
2022-03-09,Azithromycin_500mg,Antibiotic,582,0.8,465.6,False,covid_wave,winter_peak
2022-03-10,Azithromycin_500mg,Antibiotic,586,0.8,468.8,False,covid_wave,winter_peak
2022-03-11,Azithromycin_500mg,Antibiotic,548,0.8,438.4,False,covid_wave,winter_peak
2022-03-12,Azithromycin_500mg,Antibiotic,421,0.8,336.8,False,covid_wave,winter_peak
2022-03-13,Azithromycin_500mg,Antibiotic,464,0.8,371.2,False,covid_wave,winter_peak
2022-03-14,Azithromycin_500mg,Antibiotic,572,0.8,457.6,False,covid_wave,winter_peak
2022-03-15,Azithromycin_500mg,Antibiotic,519,0.8,415.2,False,covid_wave,winter_peak
2022-03-16,Azithromycin_500mg,Antibiotic,618,0.8,494.4,False,covid_wave,winter_peak
2022-03-17,Azithromycin_500mg,Antibiotic,568,0.8,454.4,False,covid_wave,winter_peak
2022-03-18,Azithromycin_500mg,Antibiotic,588,0.8,470.4,False,covid_wave,winter_peak
2022-03-19,Azithromycin_500mg,Antibiotic,493,0.8,394.4,False,covid_wave,winter_peak
2022-03-20,Azithromycin_500mg,Antibiotic,444,0.8,355.2,False,covid_wave,winter_peak
2022-03-21,Azithromycin_500mg,Antibiotic,570,0.8,456.0,False,covid_wave,winter_peak
2022-03-22,Azithromycin_500mg,Antibiotic,592,0.8,473.6,False,covid_wave,winter_peak
2022-03-23,Azithromycin_500mg,Antibiotic,523,0.8,418.4,False,covid_wave,winter_peak
2022-03-24,Azithromycin_500mg,Antibiotic,558,0.8,446.4,False,covid_wave,winter_peak
2022-03-25,Azithromycin_500mg,Antibiotic,561,0.8,448.8,False,covid_wave,winter_peak
2022-03-26,Azithromycin_500mg,Antibiotic,410,0.8,328.0,False,covid_wave,winter_peak
2022-03-27,Azithromycin_500mg,Antibiotic,527,0.8,421.6,False,covid_wave,winter_peak
2022-03-28,Azithromycin_500mg,Antibiotic,493,0.8,394.4,False,covid_wave,winter_peak
2022-03-29,Azithromycin_500mg,Antibiotic,498,0.8,398.4,False,covid_wave,winter_peak
2022-03-30,Azithromycin_500mg,Antibiotic,615,0.8,492.0,False,covid_wave,winter_peak
2022-03-31,Azithromycin_500mg,Antibiotic,588,0.8,470.4,False,covid_wave,winter_peak
2022-04-01,Azithromycin_500mg,Antibiotic,167,0.8,133.6,False,none,winter_peak
2022-04-02,Azithromycin_500mg,Antibiotic,152,0.8,121.6,False,none,winter_peak
2022-04-03,Azithromycin_500mg,Antibiotic,162,0.8,129.6,False,none,winter_peak
2022-04-04,Azithromycin_500mg,Antibiotic,181,0.8,144.8,False,none,winter_peak
2022-04-05,Azithromycin_500mg,Antibiotic,220,0.8,176.0,False,none,winter_peak
2022-04-06,Azithromycin_500mg,Antibiotic,157,0.8,125.6,False,none,winter_peak
2022-04-07,Azithromycin_500mg,Antibiotic,192,0.8,153.6,False,none,winter_peak
2022-04-08,Azithromycin_500mg,Antibiotic,199,0.8,159.2,False,none,winter_peak
2022-04-09,Azithromycin_500mg,Antibiotic,156,0.8,124.8,False,none,winter_peak
2022-04-10,Azithromycin_500mg,Antibiotic,143,0.8,114.4,False,none,winter_peak
2022-04-11,Azithromycin_500mg,Antibiotic,178,0.8,142.4,False,none,winter_peak
2022-04-12,Azithromycin_500mg,Antibiotic,188,0.8,150.4,False,none,winter_peak
2022-04-13,Azithromycin_500mg,Antibiotic,194,0.8,155.2,False,none,winter_peak
2022-04-14,Azithromycin_500mg,Antibiotic,191,0.8,152.8,False,none,winter_peak
2022-04-15,Azithromycin_500mg,Antibiotic,197,0.8,157.6,False,none,winter_peak
2022-04-16,Azithromycin_500mg,Antibiotic,133,0.8,106.4,False,none,winter_peak
2022-04-17,Azithromycin_500mg,Antibiotic,143,0.8,114.4,False,none,winter_peak
2022-04-18,Azithromycin_500mg,Antibiotic,168,0.8,134.4,False,none,winter_peak
2022-04-19,Azithromycin_500mg,Antibiotic,177,0.8,141.6,False,none,winter_peak
2022-04-20,Azithromycin_500mg,Antibiotic,197,0.8,157.6,False,none,winter_peak
2022-04-21,Azithromycin_500mg,Antibiotic,184,0.8,147.2,False,none,winter_peak
2022-04-22,Azithromycin_500mg,Antibiotic,220,0.8,176.0,False,none,winter_peak
2022-04-23,Azithromycin_500mg,Antibiotic,148,0.8,118.4,False,none,winter_peak
2022-04-24,Azithromycin_500mg,Antibiotic,146,0.8,116.8,False,none,winter_peak
2022-04-25,Azithromycin_500mg,Antibiotic,184,0.8,147.2,False,none,winter_peak
2022-04-26,Azithromycin_500mg,Antibiotic,173,0.8,138.4,False,none,winter_peak
2022-04-27,Azithromycin_500mg,Antibiotic,182,0.8,145.6,False,none,winter_peak
2022-04-28,Azithromycin_500mg,Antibiotic,199,0.8,159.2,False,none,winter_peak
2022-04-29,Azithromycin_500mg,Antibiotic,184,0.8,147.2,False,none,winter_peak
2022-04-30,Azithromycin_500mg,Antibiotic,136,0.8,108.8,False,none,winter_peak
2022-05-01,Azithromycin_500mg,Antibiotic,128,0.8,102.4,False,none,winter_peak
2022-05-02,Azithromycin_500mg,Antibiotic,166,0.8,132.8,False,none,winter_peak
2022-05-03,Azithromycin_500mg,Antibiotic,173,0.8,138.4,False,none,winter_peak
2022-05-04,Azithromycin_500mg,Antibiotic,189,0.8,151.2,False,none,winter_peak
2022-05-05,Azithromycin_500mg,Antibiotic,154,0.8,123.2,False,none,winter_peak
2022-05-06,Azithromycin_500mg,Antibiotic,168,0.8,134.4,False,none,winter_peak
2022-05-07,Azithromycin_500mg,Antibiotic,139,0.8,111.2,False,none,winter_peak
2022-05-08,Azithromycin_500mg,Antibiotic,117,0.8,93.6,False,none,winter_peak
2022-05-09,Azithromycin_500mg,Antibiotic,161,0.8,128.8,False,none,winter_peak
2022-05-10,Azithromycin_500mg,Antibiotic,163,0.8,130.4,False,none,winter_peak
2022-05-11,Azithromycin_500mg,Antibiotic,162,0.8,129.6,False,none,winter_peak
2022-05-12,Azithromycin_500mg,Antibiotic,175,0.8,140.0,False,none,winter_peak
2022-05-13,Azithromycin_500mg,Antibiotic,170,0.8,136.0,False,none,winter_peak
2022-05-14,Azithromycin_500mg,Antibiotic,132,0.8,105.6,False,none,winter_peak
2022-05-15,Azithromycin_500mg,Antibiotic,143,0.8,114.4,False,none,winter_peak
2022-05-16,Azithromycin_500mg,Antibiotic,197,0.8,157.6,False,none,winter_peak
2022-05-17,Azithromycin_500mg,Antibiotic,195,0.8,156.0,False,none,winter_peak
2022-05-18,Azithromycin_500mg,Antibiotic,146,0.8,116.8,False,none,winter_peak
2022-05-19,Azithromycin_500mg,Antibiotic,181,0.8,144.8,False,none,winter_peak
2022-05-20,Azithromycin_500mg,Antibiotic,170,0.8,136.0,False,none,winter_peak
2022-05-21,Azithromycin_500mg,Antibiotic,140,0.8,112.0,False,none,winter_peak
2022-05-22,Azithromycin_500mg,Antibiotic,133,0.8,106.4,False,none,winter_peak
2022-05-23,Azithromycin_500mg,Antibiotic,174,0.8,139.2,False,none,winter_peak
2022-05-24,Azithromycin_500mg,Antibiotic,175,0.8,140.0,False,none,winter_peak
2022-05-25,Azithromycin_500mg,Antibiotic,165,0.8,132.0,False,none,winter_peak
2022-05-26,Azithromycin_500mg,Antibiotic,160,0.8,128.0,False,none,winter_peak
2022-05-27,Azithromycin_500mg,Antibiotic,167,0.8,133.6,False,none,winter_peak
2022-05-28,Azithromycin_500mg,Antibiotic,140,0.8,112.0,False,none,winter_peak
2022-05-29,Azithromycin_500mg,Antibiotic,144,0.8,115.2,False,none,winter_peak
2022-05-30,Azithromycin_500mg,Antibiotic,185,0.8,148.0,False,none,winter_peak
2022-05-31,Azithromycin_500mg,Antibiotic,166,0.8,132.8,False,none,winter_peak
2022-06-01,Azithromycin_500mg,Antibiotic,167,0.8,133.6,False,none,winter_peak
2022-06-02,Azithromycin_500mg,Antibiotic,175,0.8,140.0,False,none,winter_peak
2022-06-03,Azithromycin_500mg,Antibiotic,178,0.8,142.4,False,none,winter_peak
2022-06-04,Azithromycin_500mg,Antibiotic,129,0.8,103.2,False,none,winter_peak
2022-06-05,Azithromycin_500mg,Antibiotic,128,0.8,102.4,False,none,winter_peak
2022-06-06,Azithromycin_500mg,Antibiotic,165,0.8,132.0,False,none,winter_peak
2022-06-07,Azithromycin_500mg,Antibiotic,148,0.8,118.4,False,none,winter_peak
2022-06-08,Azithromycin_500mg,Antibiotic,160,0.8,128.0,False,none,winter_peak
2022-06-09,Azithromycin_500mg,Antibiotic,173,0.8,138.4,False,none,winter_peak
2022-06-10,Azithromycin_500mg,Antibiotic,171,0.8,136.8,False,none,winter_peak
2022-06-11,Azithromycin_500mg,Antibiotic,127,0.8,101.6,False,none,winter_peak
2022-06-12,Azithromycin_500mg,Antibiotic,132,0.8,105.6,False,none,winter_peak
2022-06-13,Azithromycin_500mg,Antibiotic,152,0.8,121.6,False,none,winter_peak
2022-06-14,Azithromycin_500mg,Antibiotic,172,0.8,137.6,False,none,winter_peak
2022-06-15,Azithromycin_500mg,Antibiotic,162,0.8,129.6,False,none,winter_peak
2022-06-16,Azithromycin_500mg,Antibiotic,160,0.8,128.0,False,none,winter_peak
2022-06-17,Azithromycin_500mg,Antibiotic,158,0.8,126.4,False,none,winter_peak
2022-06-18,Azithromycin_500mg,Antibiotic,129,0.8,103.2,False,none,winter_peak
2022-06-19,Azithromycin_500mg,Antibiotic,125,0.8,100.0,False,none,winter_peak
2022-06-20,Azithromycin_500mg,Antibiotic,172,0.8,137.6,False,none,winter_peak
2022-06-21,Azithromycin_500mg,Antibiotic,158,0.8,126.4,False,none,winter_peak
2022-06-22,Azithromycin_500mg,Antibiotic,184,0.8,147.2,False,none,winter_peak
2022-06-23,Azithromycin_500mg,Antibiotic,182,0.8,145.6,False,none,winter_peak
2022-06-24,Azithromycin_500mg,Antibiotic,152,0.8,121.6,False,none,winter_peak
2022-06-25,Azithromycin_500mg,Antibiotic,131,0.8,104.8,False,none,winter_peak
2022-06-26,Azithromycin_500mg,Antibiotic,124,0.8,99.2,False,none,winter_peak
2022-06-27,Azithromycin_500mg,Antibiotic,159,0.8,127.2,False,none,winter_peak
2022-06-28,Azithromycin_500mg,Antibiotic,190,0.8,152.0,False,none,winter_peak
2022-06-29,Azithromycin_500mg,Antibiotic,159,0.8,127.2,False,none,winter_peak
2022-06-30,Azithromycin_500mg,Antibiotic,168,0.8,134.4,False,none,winter_peak
2022-07-01,Azithromycin_500mg,Antibiotic,175,0.8,140.0,False,none,winter_peak
2022-07-02,Azithromycin_500mg,Antibiotic,123,0.8,98.4,False,none,winter_peak
2022-07-03,Azithromycin_500mg,Antibiotic,124,0.8,99.2,False,none,winter_peak
2022-07-04,Azithromycin_500mg,Antibiotic,151,0.8,120.8,False,none,winter_peak
2022-07-05,Azithromycin_500mg,Antibiotic,156,0.8,124.8,False,none,winter_peak
2022-07-06,Azithromycin_500mg,Antibiotic,129,0.8,103.2,False,none,winter_peak
2022-07-07,Azithromycin_500mg,Antibiotic,175,0.8,140.0,False,none,winter_peak
2022-07-08,Azithromycin_500mg,Antibiotic,195,0.8,156.0,False,none,winter_peak
2022-07-09,Azithromycin_500mg,Antibiotic,136,0.8,108.8,False,none,winter_peak
2022-07-10,Azithromycin_500mg,Antibiotic,119,0.8,95.2,False,none,winter_peak
2022-07-11,Azithromycin_500mg,Antibiotic,159,0.8,127.2,False,none,winter_peak
2022-07-12,Azithromycin_500mg,Antibiotic,162,0.8,129.6,False,none,winter_peak
2022-07-13,Azithromycin_500mg,Antibiotic,154,0.8,123.2,False,none,winter_peak
2022-07-14,Azithromycin_500mg,Antibiotic,179,0.8,143.2,False,none,winter_peak
2022-07-15,Azithromycin_500mg,Antibiotic,179,0.8,143.2,False,none,winter_peak
2022-07-16,Azithromycin_500mg,Antibiotic,121,0.8,96.8,False,none,winter_peak
2022-07-17,Azithromycin_500mg,Antibiotic,142,0.8,113.6,False,none,winter_peak
2022-07-18,Azithromycin_500mg,Antibiotic,189,0.8,151.2,False,none,winter_peak
2022-07-19,Azithromycin_500mg,Antibiotic,194,0.8,155.2,False,none,winter_peak
2022-07-20,Azithromycin_500mg,Antibiotic,207,0.8,165.6,False,none,winter_peak
2022-07-21,Azithromycin_500mg,Antibiotic,156,0.8,124.8,False,none,winter_peak
2022-07-22,Azithromycin_500mg,Antibiotic,206,0.8,164.8,False,none,winter_peak
2022-07-23,Azithromycin_500mg,Antibiotic,130,0.8,104.0,False,none,winter_peak
2022-07-24,Azithromycin_500mg,Antibiotic,128,0.8,102.4,False,none,winter_peak
2022-07-25,Azithromycin_500mg,Antibiotic,173,0.8,138.4,False,none,winter_peak
2022-07-26,Azithromycin_500mg,Antibiotic,160,0.8,128.0,False,none,winter_peak
2022-07-27,Azithromycin_500mg,Antibiotic,174,0.8,139.2,False,none,winter_peak
2022-07-28,Azithromycin_500mg,Antibiotic,150,0.8,120.0,False,none,winter_peak
2022-07-29,Azithromycin_500mg,Antibiotic,165,0.8,132.0,False,none,winter_peak
2022-07-30,Azithromycin_500mg,Antibiotic,148,0.8,118.4,False,none,winter_peak
2022-07-31,Azithromycin_500mg,Antibiotic,133,0.8,106.4,False,none,winter_peak
2022-08-01,Azithromycin_500mg,Antibiotic,176,0.8,140.8,False,none,winter_peak
2022-08-02,Azithromycin_500mg,Antibiotic,181,0.8,144.8,False,none,winter_peak
2022-08-03,Azithromycin_500mg,Antibiotic,191,0.8,152.8,False,none,winter_peak
2022-08-04,Azithromycin_500mg,Antibiotic,151,0.8,120.8,False,none,winter_peak
2022-08-05,Azithromycin_500mg,Antibiotic,183,0.8,146.4,False,none,winter_peak
2022-08-06,Azithromycin_500mg,Antibiotic,136,0.8,108.8,False,none,winter_peak
2022-08-07,Azithromycin_500mg,Antibiotic,141,0.8,112.8,False,none,winter_peak
2022-08-08,Azithromycin_500mg,Antibiotic,189,0.8,151.2,False,none,winter_peak
2022-08-09,Azithromycin_500mg,Antibiotic,158,0.8,126.4,False,none,winter_peak
2022-08-10,Azithromycin_500mg,Antibiotic,160,0.8,128.0,False,none,winter_peak
2022-08-11,Azithromycin_500mg,Antibiotic,148,0.8,118.4,False,none,winter_peak
2022-08-12,Azithromycin_500mg,Antibiotic,167,0.8,133.6,False,none,winter_peak
2022-08-13,Azithromycin_500mg,Antibiotic,154,0.8,123.2,False,none,winter_peak
2022-08-14,Azithromycin_500mg,Antibiotic,138,0.8,110.4,False,none,winter_peak
2022-08-15,Azithromycin_500mg,Antibiotic,156,0.8,124.8,False,none,winter_peak
2022-08-16,Azithromycin_500mg,Antibiotic,168,0.8,134.4,False,none,winter_peak
2022-08-17,Azithromycin_500mg,Antibiotic,154,0.8,123.2,False,none,winter_peak
2022-08-18,Azithromycin_500mg,Antibiotic,159,0.8,127.2,False,none,winter_peak
2022-08-19,Azithromycin_500mg,Antibiotic,180,0.8,144.0,False,none,winter_peak
2022-08-20,Azithromycin_500mg,Antibiotic,126,0.8,100.8,False,none,winter_peak
2022-08-21,Azithromycin_500mg,Antibiotic,152,0.8,121.6,False,none,winter_peak
2022-08-22,Azithromycin_500mg,Antibiotic,174,0.8,139.2,False,none,winter_peak
2022-08-23,Azithromycin_500mg,Antibiotic,176,0.8,140.8,False,none,winter_peak
2022-08-24,Azithromycin_500mg,Antibiotic,171,0.8,136.8,False,none,winter_peak
2022-08-25,Azithromycin_500mg,Antibiotic,186,0.8,148.8,False,none,winter_peak
2022-08-26,Azithromycin_500mg,Antibiotic,186,0.8,148.8,False,none,winter_peak
2022-08-27,Azithromycin_500mg,Antibiotic,144,0.8,115.2,False,none,winter_peak
2022-08-28,Azithromycin_500mg,Antibiotic,146,0.8,116.8,False,none,winter_peak
2022-08-29,Azithromycin_500mg,Antibiotic,172,0.8,137.6,False,none,winter_peak
2022-08-30,Azithromycin_500mg,Antibiotic,183,0.8,146.4,False,none,winter_peak
2022-08-31,Azithromycin_500mg,Antibiotic,170,0.8,136.0,False,none,winter_peak
2022-09-01,Azithromycin_500mg,Antibiotic,196,0.8,156.8,False,none,winter_peak
2022-09-02,Azithromycin_500mg,Antibiotic,192,0.8,153.6,False,none,winter_peak
2022-09-03,Azithromycin_500mg,Antibiotic,151,0.8,120.8,False,none,winter_peak
2022-09-04,Azithromycin_500mg,Antibiotic,148,0.8,118.4,False,none,winter_peak
2022-09-05,Azithromycin_500mg,Antibiotic,203,0.8,162.4,False,none,winter_peak
2022-09-06,Azithromycin_500mg,Antibiotic,217,0.8,173.6,False,none,winter_peak
2022-09-07,Azithromycin_500mg,Antibiotic,214,0.8,171.2,False,none,winter_peak
2022-09-08,Azithromycin_500mg,Antibiotic,176,0.8,140.8,False,none,winter_peak
2022-09-09,Azithromycin_500mg,Antibiotic,216,0.8,172.8,False,none,winter_peak
2022-09-10,Azithromycin_500mg,Antibiotic,152,0.8,121.6,False,none,winter_peak
2022-09-11,Azithromycin_500mg,Antibiotic,164,0.8,131.2,False,none,winter_peak
2022-09-12,Azithromycin_500mg,Antibiotic,182,0.8,145.6,False,none,winter_peak
2022-09-13,Azithromycin_500mg,Antibiotic,198,0.8,158.4,False,none,winter_peak
2022-09-14,Azithromycin_500mg,Antibiotic,201,0.8,160.8,False,none,winter_peak
2022-09-15,Azithromycin_500mg,Antibiotic,173,0.8,138.4,False,none,winter_peak
2022-09-16,Azithromycin_500mg,Antibiotic,206,0.8,164.8,False,none,winter_peak
2022-09-17,Azithromycin_500mg,Antibiotic,173,0.8,138.4,False,none,winter_peak
2022-09-18,Azithromycin_500mg,Antibiotic,155,0.8,124.0,False,none,winter_peak
2022-09-19,Azithromycin_500mg,Antibiotic,218,0.8,174.4,False,none,winter_peak
2022-09-20,Azithromycin_500mg,Antibiotic,193,0.8,154.4,False,none,winter_peak
2022-09-21,Azithromycin_500mg,Antibiotic,210,0.8,168.0,False,none,winter_peak
2022-09-22,Azithromycin_500mg,Antibiotic,161,0.8,128.8,False,none,winter_peak
2022-09-23,Azithromycin_500mg,Antibiotic,234,0.8,187.2,False,none,winter_peak
2022-09-24,Azithromycin_500mg,Antibiotic,176,0.8,140.8,False,none,winter_peak
2022-09-25,Azithromycin_500mg,Antibiotic,153,0.8,122.4,False,none,winter_peak
2022-09-26,Azithromycin_500mg,Antibiotic,165,0.8,132.0,False,none,winter_peak
2022-09-27,Azithromycin_500mg,Antibiotic,201,0.8,160.8,False,none,winter_peak
2022-09-28,Azithromycin_500mg,Antibiotic,174,0.8,139.2,False,none,winter_peak
2022-09-29,Azithromycin_500mg,Antibiotic,204,0.8,163.2,False,none,winter_peak
2022-09-30,Azithromycin_500mg,Antibiotic,203,0.8,162.4,False,none,winter_peak
2022-10-01,Azithromycin_500mg,Antibiotic,160,0.8,128.0,False,none,winter_peak
2022-10-02,Azithromycin_500mg,Antibiotic,189,0.8,151.2,False,none,winter_peak
2022-10-03,Azithromycin_500mg,Antibiotic,231,0.8,184.8,False,none,winter_peak
2022-10-04,Azithromycin_500mg,Antibiotic,234,0.8,187.2,False,none,winter_peak
2022-10-05,Azithromycin_500mg,Antibiotic,218,0.8,174.4,False,none,winter_peak
2022-10-06,Azithromycin_500mg,Antibiotic,193,0.8,154.4,False,none,winter_peak
2022-10-07,Azithromycin_500mg,Antibiotic,235,0.8,188.0,False,none,winter_peak
2022-10-08,Azithromycin_500mg,Antibiotic,170,0.8,136.0,False,none,winter_peak
2022-10-09,Azithromycin_500mg,Antibiotic,154,0.8,123.2,False,none,winter_peak
2022-10-10,Azithromycin_500mg,Antibiotic,241,0.8,192.8,False,none,winter_peak
2022-10-11,Azithromycin_500mg,Antibiotic,254,0.8,203.2,False,none,winter_peak
2022-10-12,Azithromycin_500mg,Antibiotic,217,0.8,173.6,False,none,winter_peak
2022-10-13,Azithromycin_500mg,Antibiotic,255,0.8,204.0,False,none,winter_peak
2022-10-14,Azithromycin_500mg,Antibiotic,219,0.8,175.2,False,none,winter_peak
2022-10-15,Azithromycin_500mg,Antibiotic,168,0.8,134.4,False,none,winter_peak
2022-10-16,Azithromycin_500mg,Antibiotic,165,0.8,132.0,False,none,winter_peak
2022-10-17,Azithromycin_500mg,Antibiotic,246,0.8,196.8,False,none,winter_peak
2022-10-18,Azithromycin_500mg,Antibiotic,204,0.8,163.2,False,none,winter_peak
2022-10-19,Azithromycin_500mg,Antibiotic,231,0.8,184.8,False,none,winter_peak
2022-10-20,Azithromycin_500mg,Antibiotic,208,0.8,166.4,False,none,winter_peak
2022-10-21,Azithromycin_500mg,Antibiotic,210,0.8,168.0,False,none,winter_peak
2022-10-22,Azithromycin_500mg,Antibiotic,188,0.8,150.4,False,none,winter_peak
2022-10-23,Azithromycin_500mg,Antibiotic,168,0.8,134.4,False,none,winter_peak
2022-10-24,Azithromycin_500mg,Antibiotic,211,0.8,168.8,False,none,winter_peak
2022-10-25,Azithromycin_500mg,Antibiotic,238,0.8,190.4,False,none,winter_peak
2022-10-26,Azithromycin_500mg,Antibiotic,246,0.8,196.8,False,none,winter_peak
2022-10-27,Azithromycin_500mg,Antibiotic,229,0.8,183.2,False,none,winter_peak
2022-10-28,Azithromycin_500mg,Antibiotic,207,0.8,165.6,False,none,winter_peak
2022-10-29,Azithromycin_500mg,Antibiotic,167,0.8,133.6,False,none,winter_peak
2022-10-30,Azithromycin_500mg,Antibiotic,176,0.8,140.8,False,none,winter_peak
2022-10-31,Azithromycin_500mg,Antibiotic,224,0.8,179.2,False,none,winter_peak
2022-11-01,Azithromycin_500mg,Antibiotic,239,0.8,191.2,False,none,winter_peak
2022-11-02,Azithromycin_500mg,Antibiotic,275,0.8,220.0,False,none,winter_peak
2022-11-03,Azithromycin_500mg,Antibiotic,262,0.8,209.6,False,none,winter_peak
2022-11-04,Azithromycin_500mg,Antibiotic,224,0.8,179.2,False,none,winter_peak
2022-11-05,Azithromycin_500mg,Antibiotic,192,0.8,153.6,False,none,winter_peak
2022-11-06,Azithromycin_500mg,Antibiotic,200,0.8,160.0,False,none,winter_peak
2022-11-07,Azithromycin_500mg,Antibiotic,259,0.8,207.2,False,none,winter_peak
2022-11-08,Azithromycin_500mg,Antibiotic,300,0.8,240.0,False,none,winter_peak
2022-11-09,Azithromycin_500mg,Antibiotic,265,0.8,212.0,False,none,winter_peak
2022-11-10,Azithromycin_500mg,Antibiotic,243,0.8,194.4,False,none,winter_peak
2022-11-11,Azithromycin_500mg,Antibiotic,265,0.8,212.0,False,none,winter_peak
2022-11-12,Azithromycin_500mg,Antibiotic,202,0.8,161.6,False,none,winter_peak
2022-11-13,Azithromycin_500mg,Antibiotic,213,0.8,170.4,False,none,winter_peak
2022-11-14,Azithromycin_500mg,Antibiotic,272,0.8,217.6,False,none,winter_peak
2022-11-15,Azithromycin_500mg,Antibiotic,286,0.8,228.8,False,none,winter_peak
2022-11-16,Azithromycin_500mg,Antibiotic,260,0.8,208.0,False,none,winter_peak
2022-11-17,Azithromycin_500mg,Antibiotic,295,0.8,236.0,False,none,winter_peak
2022-11-18,Azithromycin_500mg,Antibiotic,279,0.8,223.2,False,none,winter_peak
2022-11-19,Azithromycin_500mg,Antibiotic,196,0.8,156.8,False,none,winter_peak
2022-11-20,Azithromycin_500mg,Antibiotic,245,0.8,196.0,False,none,winter_peak
2022-11-21,Azithromycin_500mg,Antibiotic,267,0.8,213.6,False,none,winter_peak
2022-11-22,Azithromycin_500mg,Antibiotic,243,0.8,194.4,False,none,winter_peak
2022-11-23,Azithromycin_500mg,Antibiotic,295,0.8,236.0,False,none,winter_peak
2022-11-24,Azithromycin_500mg,Antibiotic,304,0.8,243.2,False,none,winter_peak
2022-11-25,Azithromycin_500mg,Antibiotic,260,0.8,208.0,False,none,winter_peak
2022-11-26,Azithromycin_500mg,Antibiotic,200,0.8,160.0,False,none,winter_peak
2022-11-27,Azithromycin_500mg,Antibiotic,205,0.8,164.0,False,none,winter_peak
2022-11-28,Azithromycin_500mg,Antibiotic,276,0.8,220.8,False,none,winter_peak
2022-11-29,Azithromycin_500mg,Antibiotic,288,0.8,230.4,False,none,winter_peak
2022-11-30,Azithromycin_500mg,Antibiotic,273,0.8,218.4,False,none,winter_peak
2022-12-01,Azithromycin_500mg,Antibiotic,305,0.8,244.0,False,none,winter_peak
2022-12-02,Azithromycin_500mg,Antibiotic,339,0.8,271.2,False,none,winter_peak
2022-12-03,Azithromycin_500mg,Antibiotic,236,0.8,188.8,False,none,winter_peak
2022-12-04,Azithromycin_500mg,Antibiotic,262,0.8,209.6,False,none,winter_peak
2022-12-05,Azithromycin_500mg,Antibiotic,296,0.8,236.8,False,none,winter_peak
2022-12-06,Azithromycin_500mg,Antibiotic,313,0.8,250.4,False,none,winter_peak
2022-12-07,Azithromycin_500mg,Antibiotic,300,0.8,240.0,False,none,winter_peak
2022-12-08,Azithromycin_500mg,Antibiotic,302,0.8,241.6,False,none,winter_peak
2022-12-09,Azithromycin_500mg,Antibiotic,294,0.8,235.2,False,none,winter_peak
2022-12-10,Azithromycin_500mg,Antibiotic,268,0.8,214.4,False,none,winter_peak
2022-12-11,Azithromycin_500mg,Antibiotic,228,0.8,182.4,False,none,winter_peak
2022-12-12,Azithromycin_500mg,Antibiotic,285,0.8,228.0,False,none,winter_peak
2022-12-13,Azithromycin_500mg,Antibiotic,355,0.8,284.0,False,none,winter_peak
2022-12-14,Azithromycin_500mg,Antibiotic,327,0.8,261.6,False,none,winter_peak
2022-12-15,Azithromycin_500mg,Antibiotic,245,0.8,196.0,False,none,winter_peak
2022-12-16,Azithromycin_500mg,Antibiotic,290,0.8,232.0,False,none,winter_peak
2022-12-17,Azithromycin_500mg,Antibiotic,207,0.8,165.6,False,none,winter_peak
2022-12-18,Azithromycin_500mg,Antibiotic,224,0.8,179.2,False,none,winter_peak
2022-12-19,Azithromycin_500mg,Antibiotic,227,0.8,181.6,False,none,winter_peak
2022-12-20,Azithromycin_500mg,Antibiotic,300,0.8,240.0,False,none,winter_peak
2022-12-21,Azithromycin_500mg,Antibiotic,276,0.8,220.8,False,none,winter_peak
2022-12-22,Azithromycin_500mg,Antibiotic,305,0.8,244.0,False,none,winter_peak
2022-12-23,Azithromycin_500mg,Antibiotic,264,0.8,211.2,False,none,winter_peak
2022-12-24,Azithromycin_500mg,Antibiotic,244,0.8,195.2,False,none,winter_peak
2022-12-25,Azithromycin_500mg,Antibiotic,235,0.8,188.0,False,none,winter_peak
2022-12-26,Azithromycin_500mg,Antibiotic,340,0.8,272.0,False,none,winter_peak
2022-12-27,Azithromycin_500mg,Antibiotic,338,0.8,270.4,False,none,winter_peak
2022-12-28,Azithromycin_500mg,Antibiotic,323,0.8,258.4,False,none,winter_peak
2022-12-29,Azithromycin_500mg,Antibiotic,296,0.8,236.8,False,none,winter_peak
2022-12-30,Azithromycin_500mg,Antibiotic,352,0.8,281.6,False,none,winter_peak
2022-12-31,Azithromycin_500mg,Antibiotic,212,0.8,169.6,False,none,winter_peak
2023-01-01,Azithromycin_500mg,Antibiotic,208,0.8,166.4,False,none,winter_peak
2023-01-02,Azithromycin_500mg,Antibiotic,292,0.8,233.6,False,none,winter_peak
2023-01-03,Azithromycin_500mg,Antibiotic,347,0.8,277.6,False,none,winter_peak
2023-01-04,Azithromycin_500mg,Antibiotic,289,0.8,231.2,False,none,winter_peak
2023-01-05,Azithromycin_500mg,Antibiotic,289,0.8,231.2,False,none,winter_peak
2023-01-06,Azithromycin_500mg,Antibiotic,260,0.8,208.0,False,none,winter_peak
2023-01-07,Azithromycin_500mg,Antibiotic,252,0.8,201.6,False,none,winter_peak
2023-01-08,Azithromycin_500mg,Antibiotic,252,0.8,201.6,False,none,winter_peak
2023-01-09,Azithromycin_500mg,Antibiotic,312,0.8,249.6,False,none,winter_peak
2023-01-10,Azithromycin_500mg,Antibiotic,279,0.8,223.2,False,none,winter_peak
2023-01-11,Azithromycin_500mg,Antibiotic,277,0.8,221.6,False,none,winter_peak
2023-01-12,Azithromycin_500mg,Antibiotic,263,0.8,210.4,False,none,winter_peak
2023-01-13,Azithromycin_500mg,Antibiotic,296,0.8,236.8,False,none,winter_peak
2023-01-14,Azithromycin_500mg,Antibiotic,215,0.8,172.0,False,none,winter_peak
2023-01-15,Azithromycin_500mg,Antibiotic,212,0.8,169.6,False,none,winter_peak
2023-01-16,Azithromycin_500mg,Antibiotic,284,0.8,227.2,False,none,winter_peak
2023-01-17,Azithromycin_500mg,Antibiotic,283,0.8,226.4,False,none,winter_peak
2023-01-18,Azithromycin_500mg,Antibiotic,281,0.8,224.8,False,none,winter_peak
2023-01-19,Azithromycin_500mg,Antibiotic,305,0.8,244.0,False,none,winter_peak
2023-01-20,Azithromycin_500mg,Antibiotic,296,0.8,236.8,False,none,winter_peak
2023-01-21,Azithromycin_500mg,Antibiotic,229,0.8,183.2,False,none,winter_peak
2023-01-22,Azithromycin_500mg,Antibiotic,239,0.8,191.2,False,none,winter_peak
2023-01-23,Azithromycin_500mg,Antibiotic,271,0.8,216.8,False,none,winter_peak
2023-01-24,Azithromycin_500mg,Antibiotic,297,0.8,237.6,False,none,winter_peak
2023-01-25,Azithromycin_500mg,Antibiotic,298,0.8,238.4,False,none,winter_peak
2023-01-26,Azithromycin_500mg,Antibiotic,259,0.8,207.2,False,none,winter_peak
2023-01-27,Azithromycin_500mg,Antibiotic,318,0.8,254.4,False,none,winter_peak
2023-01-28,Azithromycin_500mg,Antibiotic,219,0.8,175.2,False,none,winter_peak
2023-01-29,Azithromycin_500mg,Antibiotic,237,0.8,189.6,False,none,winter_peak
2023-01-30,Azithromycin_500mg,Antibiotic,322,0.8,257.6,False,none,winter_peak
2023-01-31,Azithromycin_500mg,Antibiotic,317,0.8,253.6,False,none,winter_peak
2023-02-01,Azithromycin_500mg,Antibiotic,285,0.8,228.0,False,none,winter_peak
2023-02-02,Azithromycin_500mg,Antibiotic,276,0.8,220.8,False,none,winter_peak
2023-02-03,Azithromycin_500mg,Antibiotic,306,0.8,244.8,False,none,winter_peak
2023-02-04,Azithromycin_500mg,Antibiotic,240,0.8,192.0,False,none,winter_peak
2023-02-05,Azithromycin_500mg,Antibiotic,216,0.8,172.8,False,none,winter_peak
2023-02-06,Azithromycin_500mg,Antibiotic,266,0.8,212.8,False,none,winter_peak
2023-02-07,Azithromycin_500mg,Antibiotic,237,0.8,189.6,False,none,winter_peak
2023-02-08,Azithromycin_500mg,Antibiotic,288,0.8,230.4,False,none,winter_peak
2023-02-09,Azithromycin_500mg,Antibiotic,283,0.8,226.4,False,none,winter_peak
2023-02-10,Azithromycin_500mg,Antibiotic,310,0.8,248.0,False,none,winter_peak
2023-02-11,Azithromycin_500mg,Antibiotic,234,0.8,187.2,False,none,winter_peak
2023-02-12,Azithromycin_500mg,Antibiotic,252,0.8,201.6,False,none,winter_peak
2023-02-13,Azithromycin_500mg,Antibiotic,269,0.8,215.2,False,none,winter_peak
2023-02-14,Azithromycin_500mg,Antibiotic,311,0.8,248.8,False,none,winter_peak
2023-02-15,Azithromycin_500mg,Antibiotic,273,0.8,218.4,False,none,winter_peak
2023-02-16,Azithromycin_500mg,Antibiotic,302,0.8,241.6,False,none,winter_peak
2023-02-17,Azithromycin_500mg,Antibiotic,251,0.8,200.8,False,none,winter_peak
2023-02-18,Azithromycin_500mg,Antibiotic,232,0.8,185.6,False,none,winter_peak
2023-02-19,Azithromycin_500mg,Antibiotic,192,0.8,153.6,False,none,winter_peak
2023-02-20,Azithromycin_500mg,Antibiotic,279,0.8,223.2,False,none,winter_peak
2023-02-21,Azithromycin_500mg,Antibiotic,295,0.8,236.0,False,none,winter_peak
2023-02-22,Azithromycin_500mg,Antibiotic,273,0.8,218.4,False,none,winter_peak
2023-02-23,Azithromycin_500mg,Antibiotic,261,0.8,208.8,False,none,winter_peak
2023-02-24,Azithromycin_500mg,Antibiotic,304,0.8,243.2,False,none,winter_peak
2023-02-25,Azithromycin_500mg,Antibiotic,226,0.8,180.8,False,none,winter_peak
2023-02-26,Azithromycin_500mg,Antibiotic,219,0.8,175.2,False,none,winter_peak
2023-02-27,Azithromycin_500mg,Antibiotic,286,0.8,228.8,False,none,winter_peak
2023-02-28,Azithromycin_500mg,Antibiotic,345,0.8,276.0,False,none,winter_peak
2023-03-01,Azithromycin_500mg,Antibiotic,254,0.8,203.2,False,none,winter_peak
2023-03-02,Azithromycin_500mg,Antibiotic,254,0.8,203.2,False,none,winter_peak
2023-03-03,Azithromycin_500mg,Antibiotic,240,0.8,192.0,False,none,winter_peak
2023-03-04,Azithromycin_500mg,Antibiotic,188,0.8,150.4,False,none,winter_peak
2023-03-05,Azithromycin_500mg,Antibiotic,150,0.8,120.0,False,none,winter_peak
2023-03-06,Azithromycin_500mg,Antibiotic,220,0.8,176.0,False,none,winter_peak
2023-03-07,Azithromycin_500mg,Antibiotic,224,0.8,179.2,False,none,winter_peak
2023-03-08,Azithromycin_500mg,Antibiotic,198,0.8,158.4,False,none,winter_peak
2023-03-09,Azithromycin_500mg,Antibiotic,211,0.8,168.8,False,none,winter_peak
2023-03-10,Azithromycin_500mg,Antibiotic,196,0.8,156.8,False,none,winter_peak
2023-03-11,Azithromycin_500mg,Antibiotic,185,0.8,148.0,False,none,winter_peak
2023-03-12,Azithromycin_500mg,Antibiotic,198,0.8,158.4,False,none,winter_peak
2023-03-13,Azithromycin_500mg,Antibiotic,253,0.8,202.4,False,none,winter_peak
2023-03-14,Azithromycin_500mg,Antibiotic,240,0.8,192.0,False,none,winter_peak
2023-03-15,Azithromycin_500mg,Antibiotic,215,0.8,172.0,False,none,winter_peak
2023-03-16,Azithromycin_500mg,Antibiotic,197,0.8,157.6,False,none,winter_peak
2023-03-17,Azithromycin_500mg,Antibiotic,200,0.8,160.0,False,none,winter_peak
2023-03-18,Azithromycin_500mg,Antibiotic,167,0.8,133.6,False,none,winter_peak
2023-03-19,Azithromycin_500mg,Antibiotic,172,0.8,137.6,False,none,winter_peak
2023-03-20,Azithromycin_500mg,Antibiotic,230,0.8,184.0,False,none,winter_peak
2023-03-21,Azithromycin_500mg,Antibiotic,214,0.8,171.2,False,none,winter_peak
2023-03-22,Azithromycin_500mg,Antibiotic,239,0.8,191.2,False,none,winter_peak
2023-03-23,Azithromycin_500mg,Antibiotic,229,0.8,183.2,False,none,winter_peak
2023-03-24,Azithromycin_500mg,Antibiotic,233,0.8,186.4,False,none,winter_peak
2023-03-25,Azithromycin_500mg,Antibiotic,203,0.8,162.4,False,none,winter_peak
2023-03-26,Azithromycin_500mg,Antibiotic,168,0.8,134.4,False,none,winter_peak
2023-03-27,Azithromycin_500mg,Antibiotic,241,0.8,192.8,False,none,winter_peak
2023-03-28,Azithromycin_500mg,Antibiotic,233,0.8,186.4,False,none,winter_peak
2023-03-29,Azithromycin_500mg,Antibiotic,227,0.8,181.6,False,none,winter_peak
2023-03-30,Azithromycin_500mg,Antibiotic,250,0.8,200.0,False,none,winter_peak
2023-03-31,Azithromycin_500mg,Antibiotic,250,0.8,200.0,False,none,winter_peak
2023-04-01,Azithromycin_500mg,Antibiotic,140,0.8,112.0,False,none,winter_peak
2023-04-02,Azithromycin_500mg,Antibiotic,150,0.8,120.0,False,none,winter_peak
2023-04-03,Azithromycin_500mg,Antibiotic,195,0.8,156.0,False,none,winter_peak
2023-04-04,Azithromycin_500mg,Antibiotic,187,0.8,149.6,False,none,winter_peak
2023-04-05,Azithromycin_500mg,Antibiotic,200,0.8,160.0,False,none,winter_peak
2023-04-06,Azithromycin_500mg,Antibiotic,195,0.8,156.0,False,none,winter_peak
2023-04-07,Azithromycin_500mg,Antibiotic,219,0.8,175.2,False,none,winter_peak
2023-04-08,Azithromycin_500mg,Antibiotic,133,0.8,106.4,False,none,winter_peak
2023-04-09,Azithromycin_500mg,Antibiotic,151,0.8,120.8,False,none,winter_peak
2023-04-10,Azithromycin_500mg,Antibiotic,177,0.8,141.6,False,none,winter_peak
2023-04-11,Azithromycin_500mg,Antibiotic,200,0.8,160.0,False,none,winter_peak
2023-04-12,Azithromycin_500mg,Antibiotic,166,0.8,132.8,False,none,winter_peak
2023-04-13,Azithromycin_500mg,Antibiotic,196,0.8,156.8,False,none,winter_peak
2023-04-14,Azithromycin_500mg,Antibiotic,181,0.8,144.8,False,none,winter_peak
2023-04-15,Azithromycin_500mg,Antibiotic,144,0.8,115.2,False,none,winter_peak
2023-04-16,Azithromycin_500mg,Antibiotic,135,0.8,108.0,False,none,winter_peak
2023-04-17,Azithromycin_500mg,Antibiotic,184,0.8,147.2,False,none,winter_peak
2023-04-18,Azithromycin_500mg,Antibiotic,208,0.8,166.4,False,none,winter_peak
2023-04-19,Azithromycin_500mg,Antibiotic,191,0.8,152.8,False,none,winter_peak
2023-04-20,Azithromycin_500mg,Antibiotic,201,0.8,160.8,False,none,winter_peak
2023-04-21,Azithromycin_500mg,Antibiotic,217,0.8,173.6,False,none,winter_peak
2023-04-22,Azithromycin_500mg,Antibiotic,156,0.8,124.8,False,none,winter_peak
2023-04-23,Azithromycin_500mg,Antibiotic,146,0.8,116.8,False,none,winter_peak
2023-04-24,Azithromycin_500mg,Antibiotic,198,0.8,158.4,False,none,winter_peak
2023-04-25,Azithromycin_500mg,Antibiotic,183,0.8,146.4,False,none,winter_peak
2023-04-26,Azithromycin_500mg,Antibiotic,184,0.8,147.2,False,none,winter_peak
2023-04-27,Azithromycin_500mg,Antibiotic,168,0.8,134.4,False,none,winter_peak
2023-04-28,Azithromycin_500mg,Antibiotic,206,0.8,164.8,False,none,winter_peak
2023-04-29,Azithromycin_500mg,Antibiotic,148,0.8,118.4,False,none,winter_peak
2023-04-30,Azithromycin_500mg,Antibiotic,155,0.8,124.0,False,none,winter_peak
2023-05-01,Azithromycin_500mg,Antibiotic,166,0.8,132.8,False,none,winter_peak
2023-05-02,Azithromycin_500mg,Antibiotic,187,0.8,149.6,False,none,winter_peak
2023-05-03,Azithromycin_500mg,Antibiotic,170,0.8,136.0,False,none,winter_peak
2023-05-04,Azithromycin_500mg,Antibiotic,179,0.8,143.2,False,none,winter_peak
2023-05-05,Azithromycin_500mg,Antibiotic,194,0.8,155.2,False,none,winter_peak
2023-05-06,Azithromycin_500mg,Antibiotic,153,0.8,122.4,False,none,winter_peak
2023-05-07,Azithromycin_500mg,Antibiotic,144,0.8,115.2,False,none,winter_peak
2023-05-08,Azithromycin_500mg,Antibiotic,155,0.8,124.0,False,none,winter_peak
2023-05-09,Azithromycin_500mg,Antibiotic,224,0.8,179.2,False,none,winter_peak
2023-05-10,Azithromycin_500mg,Antibiotic,206,0.8,164.8,False,none,winter_peak
2023-05-11,Azithromycin_500mg,Antibiotic,192,0.8,153.6,False,none,winter_peak
2023-05-12,Azithromycin_500mg,Antibiotic,170,0.8,136.0,False,none,winter_peak
2023-05-13,Azithromycin_500mg,Antibiotic,143,0.8,114.4,False,none,winter_peak
2023-05-14,Azithromycin_500mg,Antibiotic,138,0.8,110.4,False,none,winter_peak
2023-05-15,Azithromycin_500mg,Antibiotic,199,0.8,159.2,False,none,winter_peak
2023-05-16,Azithromycin_500mg,Antibiotic,185,0.8,148.0,False,none,winter_peak
2023-05-17,Azithromycin_500mg,Antibiotic,170,0.8,136.0,False,none,winter_peak
2023-05-18,Azithromycin_500mg,Antibiotic,174,0.8,139.2,False,none,winter_peak
2023-05-19,Azithromycin_500mg,Antibiotic,198,0.8,158.4,False,none,winter_peak
2023-05-20,Azithromycin_500mg,Antibiotic,164,0.8,131.2,False,none,winter_peak
2023-05-21,Azithromycin_500mg,Antibiotic,162,0.8,129.6,False,none,winter_peak
2023-05-22,Azithromycin_500mg,Antibiotic,192,0.8,153.6,False,none,winter_peak
2023-05-23,Azithromycin_500mg,Antibiotic,178,0.8,142.4,False,none,winter_peak
2023-05-24,Azithromycin_500mg,Antibiotic,134,0.8,107.2,False,none,winter_peak
2023-05-25,Azithromycin_500mg,Antibiotic,186,0.8,148.8,False,none,winter_peak
2023-05-26,Azithromycin_500mg,Antibiotic,181,0.8,144.8,False,none,winter_peak
2023-05-27,Azithromycin_500mg,Antibiotic,146,0.8,116.8,False,none,winter_peak
2023-05-28,Azithromycin_500mg,Antibiotic,145,0.8,116.0,False,none,winter_peak
2023-05-29,Azithromycin_500mg,Antibiotic,162,0.8,129.6,False,none,winter_peak
2023-05-30,Azithromycin_500mg,Antibiotic,190,0.8,152.0,False,none,winter_peak
2023-05-31,Azithromycin_500mg,Antibiotic,191,0.8,152.8,False,none,winter_peak
2023-06-01,Azithromycin_500mg,Antibiotic,180,0.8,144.0,False,none,winter_peak
2023-06-02,Azithromycin_500mg,Antibiotic,184,0.8,147.2,False,none,winter_peak
2023-06-03,Azithromycin_500mg,Antibiotic,143,0.8,114.4,False,none,winter_peak
2023-06-04,Azithromycin_500mg,Antibiotic,132,0.8,105.6,False,none,winter_peak
2023-06-05,Azithromycin_500mg,Antibiotic,170,0.8,136.0,False,none,winter_peak
2023-06-06,Azithromycin_500mg,Antibiotic,172,0.8,137.6,False,none,winter_peak
2023-06-07,Azithromycin_500mg,Antibiotic,172,0.8,137.6,False,none,winter_peak
2023-06-08,Azithromycin_500mg,Antibiotic,185,0.8,148.0,False,none,winter_peak
2023-06-09,Azithromycin_500mg,Antibiotic,180,0.8,144.0,False,none,winter_peak
2023-06-10,Azithromycin_500mg,Antibiotic,160,0.8,128.0,False,none,winter_peak
2023-06-11,Azithromycin_500mg,Antibiotic,160,0.8,128.0,False,none,winter_peak
2023-06-12,Azithromycin_500mg,Antibiotic,172,0.8,137.6,False,none,winter_peak
2023-06-13,Azithromycin_500mg,Antibiotic,118,0.8,94.4,False,none,winter_peak
2023-06-14,Azithromycin_500mg,Antibiotic,188,0.8,150.4,False,none,winter_peak
2023-06-15,Azithromycin_500mg,Antibiotic,164,0.8,131.2,False,none,winter_peak
2023-06-16,Azithromycin_500mg,Antibiotic,160,0.8,128.0,False,none,winter_peak
2023-06-17,Azithromycin_500mg,Antibiotic,132,0.8,105.6,False,none,winter_peak
2023-06-18,Azithromycin_500mg,Antibiotic,132,0.8,105.6,False,none,winter_peak
2023-06-19,Azithromycin_500mg,Antibiotic,180,0.8,144.0,False,none,winter_peak
2023-06-20,Azithromycin_500mg,Antibiotic,150,0.8,120.0,False,none,winter_peak
2023-06-21,Azithromycin_500mg,Antibiotic,156,0.8,124.8,False,none,winter_peak
2023-06-22,Azithromycin_500mg,Antibiotic,176,0.8,140.8,False,none,winter_peak
2023-06-23,Azithromycin_500mg,Antibiotic,180,0.8,144.0,False,none,winter_peak
2023-06-24,Azithromycin_500mg,Antibiotic,144,0.8,115.2,False,none,winter_peak
2023-06-25,Azithromycin_500mg,Antibiotic,128,0.8,102.4,False,none,winter_peak
2023-06-26,Azithromycin_500mg,Antibiotic,158,0.8,126.4,False,none,winter_peak
2023-06-27,Azithromycin_500mg,Antibiotic,164,0.8,131.2,False,none,winter_peak
2023-06-28,Azithromycin_500mg,Antibiotic,175,0.8,140.0,False,none,winter_peak
2023-06-29,Azithromycin_500mg,Antibiotic,192,0.8,153.6,False,none,winter_peak
2023-06-30,Azithromycin_500mg,Antibiotic,143,0.8,114.4,False,none,winter_peak
2023-07-01,Azithromycin_500mg,Antibiotic,138,0.8,110.4,False,none,winter_peak
2023-07-02,Azithromycin_500mg,Antibiotic,125,0.8,100.0,False,none,winter_peak
2023-07-03,Azithromycin_500mg,Antibiotic,153,0.8,122.4,False,none,winter_peak
2023-07-04,Azithromycin_500mg,Antibiotic,189,0.8,151.2,False,none,winter_peak
2023-07-05,Azithromycin_500mg,Antibiotic,184,0.8,147.2,False,none,winter_peak
2023-07-06,Azithromycin_500mg,Antibiotic,182,0.8,145.6,False,none,winter_peak
2023-07-07,Azithromycin_500mg,Antibiotic,189,0.8,151.2,False,none,winter_peak
2023-07-08,Azithromycin_500mg,Antibiotic,135,0.8,108.0,False,none,winter_peak
2023-07-09,Azithromycin_500mg,Antibiotic,136,0.8,108.8,False,none,winter_peak
2023-07-10,Azithromycin_500mg,Antibiotic,207,0.8,165.6,False,none,winter_peak
2023-07-11,Azithromycin_500mg,Antibiotic,173,0.8,138.4,False,none,winter_peak
2023-07-12,Azithromycin_500mg,Antibiotic,186,0.8,148.8,False,none,winter_peak
2023-07-13,Azithromycin_500mg,Antibiotic,176,0.8,140.8,False,none,winter_peak
2023-07-14,Azithromycin_500mg,Antibiotic,150,0.8,120.0,False,none,winter_peak
2023-07-15,Azithromycin_500mg,Antibiotic,117,0.8,93.6,False,none,winter_peak
2023-07-16,Azithromycin_500mg,Antibiotic,134,0.8,107.2,False,none,winter_peak
2023-07-17,Azithromycin_500mg,Antibiotic,191,0.8,152.8,False,none,winter_peak
2023-07-18,Azithromycin_500mg,Antibiotic,187,0.8,149.6,False,none,winter_peak
2023-07-19,Azithromycin_500mg,Antibiotic,189,0.8,151.2,False,none,winter_peak
2023-07-20,Azithromycin_500mg,Antibiotic,162,0.8,129.6,False,none,winter_peak
2023-07-21,Azithromycin_500mg,Antibiotic,199,0.8,159.2,False,none,winter_peak
2023-07-22,Azithromycin_500mg,Antibiotic,130,0.8,104.0,False,none,winter_peak
2023-07-23,Azithromycin_500mg,Antibiotic,143,0.8,114.4,False,none,winter_peak
2023-07-24,Azithromycin_500mg,Antibiotic,176,0.8,140.8,False,none,winter_peak
2023-07-25,Azithromycin_500mg,Antibiotic,174,0.8,139.2,False,none,winter_peak
2023-07-26,Azithromycin_500mg,Antibiotic,195,0.8,156.0,False,none,winter_peak
2023-07-27,Azithromycin_500mg,Antibiotic,166,0.8,132.8,False,none,winter_peak
2023-07-28,Azithromycin_500mg,Antibiotic,157,0.8,125.6,False,none,winter_peak
2023-07-29,Azithromycin_500mg,Antibiotic,141,0.8,112.8,False,none,winter_peak
2023-07-30,Azithromycin_500mg,Antibiotic,136,0.8,108.8,False,none,winter_peak
2023-07-31,Azithromycin_500mg,Antibiotic,224,0.8,179.2,False,none,winter_peak
2023-08-01,Azithromycin_500mg,Antibiotic,135,0.8,108.0,False,supply_shortage,winter_peak
2023-08-02,Azithromycin_500mg,Antibiotic,124,0.8,99.2,False,supply_shortage,winter_peak
2023-08-03,Azithromycin_500mg,Antibiotic,117,0.8,93.6,False,supply_shortage,winter_peak
2023-08-04,Azithromycin_500mg,Antibiotic,109,0.8,87.2,False,supply_shortage,winter_peak
2023-08-05,Azithromycin_500mg,Antibiotic,93,0.8,74.4,False,supply_shortage,winter_peak
2023-08-06,Azithromycin_500mg,Antibiotic,103,0.8,82.4,False,supply_shortage,winter_peak
2023-08-07,Azithromycin_500mg,Antibiotic,143,0.8,114.4,False,supply_shortage,winter_peak
2023-08-08,Azithromycin_500mg,Antibiotic,140,0.8,112.0,False,supply_shortage,winter_peak
2023-08-09,Azithromycin_500mg,Antibiotic,130,0.8,104.0,False,supply_shortage,winter_peak
2023-08-10,Azithromycin_500mg,Antibiotic,125,0.8,100.0,False,supply_shortage,winter_peak
2023-08-11,Azithromycin_500mg,Antibiotic,131,0.8,104.8,False,supply_shortage,winter_peak
2023-08-12,Azithromycin_500mg,Antibiotic,98,0.8,78.4,False,supply_shortage,winter_peak
2023-08-13,Azithromycin_500mg,Antibiotic,116,0.8,92.8,False,supply_shortage,winter_peak
2023-08-14,Azithromycin_500mg,Antibiotic,126,0.8,100.8,False,supply_shortage,winter_peak
2023-08-15,Azithromycin_500mg,Antibiotic,127,0.8,101.6,False,supply_shortage,winter_peak
2023-08-16,Azithromycin_500mg,Antibiotic,105,0.8,84.0,False,supply_shortage,winter_peak
2023-08-17,Azithromycin_500mg,Antibiotic,126,0.8,100.8,False,supply_shortage,winter_peak
2023-08-18,Azithromycin_500mg,Antibiotic,137,0.8,109.6,False,supply_shortage,winter_peak
2023-08-19,Azithromycin_500mg,Antibiotic,93,0.8,74.4,False,supply_shortage,winter_peak
2023-08-20,Azithromycin_500mg,Antibiotic,96,0.8,76.8,False,supply_shortage,winter_peak
2023-08-21,Azithromycin_500mg,Antibiotic,136,0.8,108.8,False,supply_shortage,winter_peak
2023-08-22,Azithromycin_500mg,Antibiotic,113,0.8,90.4,False,supply_shortage,winter_peak
2023-08-23,Azithromycin_500mg,Antibiotic,139,0.8,111.2,False,supply_shortage,winter_peak
2023-08-24,Azithromycin_500mg,Antibiotic,123,0.8,98.4,False,supply_shortage,winter_peak
2023-08-25,Azithromycin_500mg,Antibiotic,124,0.8,99.2,False,supply_shortage,winter_peak
2023-08-26,Azithromycin_500mg,Antibiotic,93,0.8,74.4,False,supply_shortage,winter_peak
2023-08-27,Azithromycin_500mg,Antibiotic,105,0.8,84.0,False,supply_shortage,winter_peak
2023-08-28,Azithromycin_500mg,Antibiotic,154,0.8,123.2,False,supply_shortage,winter_peak
2023-08-29,Azithromycin_500mg,Antibiotic,136,0.8,108.8,False,supply_shortage,winter_peak
2023-08-30,Azithromycin_500mg,Antibiotic,119,0.8,95.2,False,supply_shortage,winter_peak
2023-08-31,Azithromycin_500mg,Antibiotic,140,0.8,112.0,False,supply_shortage,winter_peak
2023-09-01,Azithromycin_500mg,Antibiotic,140,0.8,112.0,False,supply_shortage,winter_peak
2023-09-02,Azithromycin_500mg,Antibiotic,127,0.8,101.6,False,supply_shortage,winter_peak
2023-09-03,Azithromycin_500mg,Antibiotic,122,0.8,97.6,False,supply_shortage,winter_peak
2023-09-04,Azithromycin_500mg,Antibiotic,110,0.8,88.0,False,supply_shortage,winter_peak
2023-09-05,Azithromycin_500mg,Antibiotic,132,0.8,105.6,False,supply_shortage,winter_peak
2023-09-06,Azithromycin_500mg,Antibiotic,155,0.8,124.0,False,supply_shortage,winter_peak
2023-09-07,Azithromycin_500mg,Antibiotic,145,0.8,116.0,False,supply_shortage,winter_peak
2023-09-08,Azithromycin_500mg,Antibiotic,132,0.8,105.6,False,supply_shortage,winter_peak
2023-09-09,Azithromycin_500mg,Antibiotic,108,0.8,86.4,False,supply_shortage,winter_peak
2023-09-10,Azithromycin_500mg,Antibiotic,97,0.8,77.6,False,supply_shortage,winter_peak
2023-09-11,Azithromycin_500mg,Antibiotic,143,0.8,114.4,False,supply_shortage,winter_peak
2023-09-12,Azithromycin_500mg,Antibiotic,169,0.8,135.2,False,supply_shortage,winter_peak
2023-09-13,Azithromycin_500mg,Antibiotic,153,0.8,122.4,False,supply_shortage,winter_peak
2023-09-14,Azithromycin_500mg,Antibiotic,169,0.8,135.2,False,supply_shortage,winter_peak
2023-09-15,Azithromycin_500mg,Antibiotic,154,0.8,123.2,False,supply_shortage,winter_peak
2023-09-16,Azithromycin_500mg,Antibiotic,178,0.8,142.4,False,none,winter_peak
2023-09-17,Azithromycin_500mg,Antibiotic,190,0.8,152.0,False,none,winter_peak
2023-09-18,Azithromycin_500mg,Antibiotic,212,0.8,169.6,False,none,winter_peak
2023-09-19,Azithromycin_500mg,Antibiotic,203,0.8,162.4,False,none,winter_peak
2023-09-20,Azithromycin_500mg,Antibiotic,223,0.8,178.4,False,none,winter_peak
2023-09-21,Azithromycin_500mg,Antibiotic,230,0.8,184.0,False,none,winter_peak
2023-09-22,Azithromycin_500mg,Antibiotic,198,0.8,158.4,False,none,winter_peak
2023-09-23,Azithromycin_500mg,Antibiotic,155,0.8,124.0,False,none,winter_peak
2023-09-24,Azithromycin_500mg,Antibiotic,166,0.8,132.8,False,none,winter_peak
2023-09-25,Azithromycin_500mg,Antibiotic,220,0.8,176.0,False,none,winter_peak
2023-09-26,Azithromycin_500mg,Antibiotic,219,0.8,175.2,False,none,winter_peak
2023-09-27,Azithromycin_500mg,Antibiotic,182,0.8,145.6,False,none,winter_peak
2023-09-28,Azithromycin_500mg,Antibiotic,238,0.8,190.4,False,none,winter_peak
2023-09-29,Azithromycin_500mg,Antibiotic,195,0.8,156.0,False,none,winter_peak
2023-09-30,Azithromycin_500mg,Antibiotic,161,0.8,128.8,False,none,winter_peak
2023-10-01,Azithromycin_500mg,Antibiotic,168,0.8,134.4,False,none,winter_peak
2023-10-02,Azithromycin_500mg,Antibiotic,277,0.8,221.6,False,none,winter_peak
2023-10-03,Azithromycin_500mg,Antibiotic,232,0.8,185.6,False,none,winter_peak
2023-10-04,Azithromycin_500mg,Antibiotic,212,0.8,169.6,False,none,winter_peak
2023-10-05,Azithromycin_500mg,Antibiotic,244,0.8,195.2,False,none,winter_peak
2023-10-06,Azithromycin_500mg,Antibiotic,242,0.8,193.6,False,none,winter_peak
2023-10-07,Azithromycin_500mg,Antibiotic,180,0.8,144.0,False,none,winter_peak
2023-10-08,Azithromycin_500mg,Antibiotic,194,0.8,155.2,False,none,winter_peak
2023-10-09,Azithromycin_500mg,Antibiotic,213,0.8,170.4,False,none,winter_peak
2023-10-10,Azithromycin_500mg,Antibiotic,219,0.8,175.2,False,none,winter_peak
2023-10-11,Azithromycin_500mg,Antibiotic,191,0.8,152.8,False,none,winter_peak
2023-10-12,Azithromycin_500mg,Antibiotic,204,0.8,163.2,False,none,winter_peak
2023-10-13,Azithromycin_500mg,Antibiotic,261,0.8,208.8,False,none,winter_peak
2023-10-14,Azithromycin_500mg,Antibiotic,206,0.8,164.8,False,none,winter_peak
2023-10-15,Azithromycin_500mg,Antibiotic,183,0.8,146.4,False,none,winter_peak
2023-10-16,Azithromycin_500mg,Antibiotic,259,0.8,207.2,False,none,winter_peak
2023-10-17,Azithromycin_500mg,Antibiotic,225,0.8,180.0,False,none,winter_peak
2023-10-18,Azithromycin_500mg,Antibiotic,224,0.8,179.2,False,none,winter_peak
2023-10-19,Azithromycin_500mg,Antibiotic,229,0.8,183.2,False,none,winter_peak
2023-10-20,Azithromycin_500mg,Antibiotic,226,0.8,180.8,False,none,winter_peak
2023-10-21,Azithromycin_500mg,Antibiotic,179,0.8,143.2,False,none,winter_peak
2023-10-22,Azithromycin_500mg,Antibiotic,199,0.8,159.2,False,none,winter_peak
2023-10-23,Azithromycin_500mg,Antibiotic,231,0.8,184.8,False,none,winter_peak
2023-10-24,Azithromycin_500mg,Antibiotic,242,0.8,193.6,False,none,winter_peak
2023-10-25,Azithromycin_500mg,Antibiotic,247,0.8,197.6,False,none,winter_peak
2023-10-26,Azithromycin_500mg,Antibiotic,236,0.8,188.8,False,none,winter_peak
2023-10-27,Azithromycin_500mg,Antibiotic,211,0.8,168.8,False,none,winter_peak
2023-10-28,Azithromycin_500mg,Antibiotic,163,0.8,130.4,False,none,winter_peak
2023-10-29,Azithromycin_500mg,Antibiotic,184,0.8,147.2,False,none,winter_peak
2023-10-30,Azithromycin_500mg,Antibiotic,226,0.8,180.8,False,none,winter_peak
2023-10-31,Azithromycin_500mg,Antibiotic,230,0.8,184.0,False,none,winter_peak
2023-11-01,Azithromycin_500mg,Antibiotic,272,0.8,217.6,False,none,winter_peak
2023-11-02,Azithromycin_500mg,Antibiotic,329,0.8,263.2,False,none,winter_peak
2023-11-03,Azithromycin_500mg,Antibiotic,243,0.8,194.4,False,none,winter_peak
2023-11-04,Azithromycin_500mg,Antibiotic,183,0.8,146.4,False,none,winter_peak
2023-11-05,Azithromycin_500mg,Antibiotic,224,0.8,179.2,False,none,winter_peak
2023-11-06,Azithromycin_500mg,Antibiotic,264,0.8,211.2,False,none,winter_peak
2023-11-07,Azithromycin_500mg,Antibiotic,280,0.8,224.0,False,none,winter_peak
2023-11-08,Azithromycin_500mg,Antibiotic,285,0.8,228.0,False,none,winter_peak
2023-11-09,Azithromycin_500mg,Antibiotic,301,0.8,240.8,False,none,winter_peak
2023-11-10,Azithromycin_500mg,Antibiotic,240,0.8,192.0,False,none,winter_peak
2023-11-11,Azithromycin_500mg,Antibiotic,208,0.8,166.4,False,none,winter_peak
2023-11-12,Azithromycin_500mg,Antibiotic,225,0.8,180.0,False,none,winter_peak
2023-11-13,Azithromycin_500mg,Antibiotic,290,0.8,232.0,False,none,winter_peak
2023-11-14,Azithromycin_500mg,Antibiotic,321,0.8,256.8,False,none,winter_peak
2023-11-15,Azithromycin_500mg,Antibiotic,294,0.8,235.2,False,none,winter_peak
2023-11-16,Azithromycin_500mg,Antibiotic,272,0.8,217.6,False,none,winter_peak
2023-11-17,Azithromycin_500mg,Antibiotic,253,0.8,202.4,False,none,winter_peak
2023-11-18,Azithromycin_500mg,Antibiotic,208,0.8,166.4,False,none,winter_peak
2023-11-19,Azithromycin_500mg,Antibiotic,208,0.8,166.4,False,none,winter_peak
2023-11-20,Azithromycin_500mg,Antibiotic,287,0.8,229.6,False,none,winter_peak
2023-11-21,Azithromycin_500mg,Antibiotic,279,0.8,223.2,False,none,winter_peak
2023-11-22,Azithromycin_500mg,Antibiotic,244,0.8,195.2,False,none,winter_peak
2023-11-23,Azithromycin_500mg,Antibiotic,264,0.8,211.2,False,none,winter_peak
2023-11-24,Azithromycin_500mg,Antibiotic,292,0.8,233.6,False,none,winter_peak
2023-11-25,Azithromycin_500mg,Antibiotic,224,0.8,179.2,False,none,winter_peak
2023-11-26,Azithromycin_500mg,Antibiotic,228,0.8,182.4,False,none,winter_peak
2023-11-27,Azithromycin_500mg,Antibiotic,282,0.8,225.6,False,none,winter_peak
2023-11-28,Azithromycin_500mg,Antibiotic,309,0.8,247.2,False,none,winter_peak
2023-11-29,Azithromycin_500mg,Antibiotic,279,0.8,223.2,False,none,winter_peak
2023-11-30,Azithromycin_500mg,Antibiotic,265,0.8,212.0,False,none,winter_peak
2023-12-01,Azithromycin_500mg,Antibiotic,294,0.8,235.2,False,none,winter_peak
2023-12-02,Azithromycin_500mg,Antibiotic,259,0.8,207.2,False,none,winter_peak
2023-12-03,Azithromycin_500mg,Antibiotic,204,0.8,163.2,False,none,winter_peak
2023-12-04,Azithromycin_500mg,Antibiotic,313,0.8,250.4,False,none,winter_peak
2023-12-05,Azithromycin_500mg,Antibiotic,312,0.8,249.6,False,none,winter_peak
2023-12-06,Azithromycin_500mg,Antibiotic,283,0.8,226.4,False,none,winter_peak
2023-12-07,Azithromycin_500mg,Antibiotic,294,0.8,235.2,False,none,winter_peak
2023-12-08,Azithromycin_500mg,Antibiotic,338,0.8,270.4,False,none,winter_peak
2023-12-09,Azithromycin_500mg,Antibiotic,258,0.8,206.4,False,none,winter_peak
2023-12-10,Azithromycin_500mg,Antibiotic,256,0.8,204.8,False,none,winter_peak
2023-12-11,Azithromycin_500mg,Antibiotic,325,0.8,260.0,False,none,winter_peak
2023-12-12,Azithromycin_500mg,Antibiotic,320,0.8,256.0,False,none,winter_peak
2023-12-13,Azithromycin_500mg,Antibiotic,349,0.8,279.2,False,none,winter_peak
2023-12-14,Azithromycin_500mg,Antibiotic,321,0.8,256.8,False,none,winter_peak
2023-12-15,Azithromycin_500mg,Antibiotic,281,0.8,224.8,False,none,winter_peak
2023-12-16,Azithromycin_500mg,Antibiotic,287,0.8,229.6,False,none,winter_peak
2023-12-17,Azithromycin_500mg,Antibiotic,261,0.8,208.8,False,none,winter_peak
2023-12-18,Azithromycin_500mg,Antibiotic,303,0.8,242.4,False,none,winter_peak
2023-12-19,Azithromycin_500mg,Antibiotic,286,0.8,228.8,False,none,winter_peak
2023-12-20,Azithromycin_500mg,Antibiotic,328,0.8,262.4,False,none,winter_peak
2023-12-21,Azithromycin_500mg,Antibiotic,315,0.8,252.0,False,none,winter_peak
2023-12-22,Azithromycin_500mg,Antibiotic,358,0.8,286.4,False,none,winter_peak
2023-12-23,Azithromycin_500mg,Antibiotic,247,0.8,197.6,False,none,winter_peak
2023-12-24,Azithromycin_500mg,Antibiotic,237,0.8,189.6,False,none,winter_peak
2023-12-25,Azithromycin_500mg,Antibiotic,341,0.8,272.8,False,none,winter_peak
2023-12-26,Azithromycin_500mg,Antibiotic,342,0.8,273.6,False,none,winter_peak
2023-12-27,Azithromycin_500mg,Antibiotic,323,0.8,258.4,False,none,winter_peak
2023-12-28,Azithromycin_500mg,Antibiotic,336,0.8,268.8,False,none,winter_peak
2023-12-29,Azithromycin_500mg,Antibiotic,317,0.8,253.6,False,none,winter_peak
2023-12-30,Azithromycin_500mg,Antibiotic,259,0.8,207.2,False,none,winter_peak
2023-12-31,Azithromycin_500mg,Antibiotic,278,0.8,222.4,False,none,winter_peak
2024-01-01,Azithromycin_500mg,Antibiotic,323,0.8,258.4,False,none,winter_peak
2024-01-02,Azithromycin_500mg,Antibiotic,303,0.8,242.4,False,none,winter_peak
2024-01-03,Azithromycin_500mg,Antibiotic,341,0.8,272.8,False,none,winter_peak
2024-01-04,Azithromycin_500mg,Antibiotic,249,0.8,199.2,False,none,winter_peak
2024-01-05,Azithromycin_500mg,Antibiotic,358,0.8,286.4,False,none,winter_peak
2024-01-06,Azithromycin_500mg,Antibiotic,212,0.8,169.6,False,none,winter_peak
2024-01-07,Azithromycin_500mg,Antibiotic,233,0.8,186.4,False,none,winter_peak
2024-01-08,Azithromycin_500mg,Antibiotic,307,0.8,245.6,False,none,winter_peak
2024-01-09,Azithromycin_500mg,Antibiotic,304,0.8,243.2,False,none,winter_peak
2024-01-10,Azithromycin_500mg,Antibiotic,333,0.8,266.4,False,none,winter_peak
2024-01-11,Azithromycin_500mg,Antibiotic,282,0.8,225.6,False,none,winter_peak
2024-01-12,Azithromycin_500mg,Antibiotic,314,0.8,251.2,False,none,winter_peak
2024-01-13,Azithromycin_500mg,Antibiotic,235,0.8,188.0,False,none,winter_peak
2024-01-14,Azithromycin_500mg,Antibiotic,252,0.8,201.6,False,none,winter_peak
2024-01-15,Azithromycin_500mg,Antibiotic,306,0.8,244.8,False,none,winter_peak
2024-01-16,Azithromycin_500mg,Antibiotic,310,0.8,248.0,False,none,winter_peak
2024-01-17,Azithromycin_500mg,Antibiotic,295,0.8,236.0,False,none,winter_peak
2024-01-18,Azithromycin_500mg,Antibiotic,296,0.8,236.8,False,none,winter_peak
2024-01-19,Azithromycin_500mg,Antibiotic,315,0.8,252.0,False,none,winter_peak
2024-01-20,Azithromycin_500mg,Antibiotic,265,0.8,212.0,False,none,winter_peak
2024-01-21,Azithromycin_500mg,Antibiotic,234,0.8,187.2,False,none,winter_peak
2024-01-22,Azithromycin_500mg,Antibiotic,287,0.8,229.6,False,none,winter_peak
2024-01-23,Azithromycin_500mg,Antibiotic,324,0.8,259.2,False,none,winter_peak
2024-01-24,Azithromycin_500mg,Antibiotic,308,0.8,246.4,False,none,winter_peak
2024-01-25,Azithromycin_500mg,Antibiotic,329,0.8,263.2,False,none,winter_peak
2024-01-26,Azithromycin_500mg,Antibiotic,286,0.8,228.8,False,none,winter_peak
2024-01-27,Azithromycin_500mg,Antibiotic,212,0.8,169.6,False,none,winter_peak
2024-01-28,Azithromycin_500mg,Antibiotic,236,0.8,188.8,False,none,winter_peak
2024-01-29,Azithromycin_500mg,Antibiotic,290,0.8,232.0,False,none,winter_peak
2024-01-30,Azithromycin_500mg,Antibiotic,307,0.8,245.6,False,none,winter_peak
2024-01-31,Azithromycin_500mg,Antibiotic,293,0.8,234.4,False,none,winter_peak
2024-02-01,Azithromycin_500mg,Antibiotic,315,0.8,252.0,False,none,winter_peak
2024-02-02,Azithromycin_500mg,Antibiotic,291,0.8,232.8,False,none,winter_peak
2024-02-03,Azithromycin_500mg,Antibiotic,240,0.8,192.0,False,none,winter_peak
2024-02-04,Azithromycin_500mg,Antibiotic,241,0.8,192.8,False,none,winter_peak
2024-02-05,Azithromycin_500mg,Antibiotic,302,0.8,241.6,False,none,winter_peak
2024-02-06,Azithromycin_500mg,Antibiotic,297,0.8,237.6,False,none,winter_peak
2024-02-07,Azithromycin_500mg,Antibiotic,310,0.8,248.0,False,none,winter_peak
2024-02-08,Azithromycin_500mg,Antibiotic,279,0.8,223.2,False,none,winter_peak
2024-02-09,Azithromycin_500mg,Antibiotic,331,0.8,264.8,False,none,winter_peak
2024-02-10,Azithromycin_500mg,Antibiotic,233,0.8,186.4,False,none,winter_peak
2024-02-11,Azithromycin_500mg,Antibiotic,213,0.8,170.4,False,none,winter_peak
2024-02-12,Azithromycin_500mg,Antibiotic,303,0.8,242.4,False,none,winter_peak
2024-02-13,Azithromycin_500mg,Antibiotic,278,0.8,222.4,False,none,winter_peak
2024-02-14,Azithromycin_500mg,Antibiotic,314,0.8,251.2,False,none,winter_peak
2024-02-15,Azithromycin_500mg,Antibiotic,351,0.8,280.8,False,none,winter_peak
2024-02-16,Azithromycin_500mg,Antibiotic,279,0.8,223.2,False,none,winter_peak
2024-02-17,Azithromycin_500mg,Antibiotic,244,0.8,195.2,False,none,winter_peak
2024-02-18,Azithromycin_500mg,Antibiotic,204,0.8,163.2,False,none,winter_peak
2024-02-19,Azithromycin_500mg,Antibiotic,309,0.8,247.2,False,none,winter_peak
2024-02-20,Azithromycin_500mg,Antibiotic,277,0.8,221.6,False,none,winter_peak
2024-02-21,Azithromycin_500mg,Antibiotic,283,0.8,226.4,False,none,winter_peak
2024-02-22,Azithromycin_500mg,Antibiotic,272,0.8,217.6,False,none,winter_peak
2024-02-23,Azithromycin_500mg,Antibiotic,316,0.8,252.8,False,none,winter_peak
2024-02-24,Azithromycin_500mg,Antibiotic,258,0.8,206.4,False,none,winter_peak
2024-02-25,Azithromycin_500mg,Antibiotic,239,0.8,191.2,False,none,winter_peak
2024-02-26,Azithromycin_500mg,Antibiotic,278,0.8,222.4,False,none,winter_peak
2024-02-27,Azithromycin_500mg,Antibiotic,337,0.8,269.6,False,none,winter_peak
2024-02-28,Azithromycin_500mg,Antibiotic,281,0.8,224.8,False,none,winter_peak
2024-02-29,Azithromycin_500mg,Antibiotic,247,0.8,197.6,False,none,winter_peak
2024-03-01,Azithromycin_500mg,Antibiotic,252,0.8,201.6,False,none,winter_peak
2024-03-02,Azithromycin_500mg,Antibiotic,177,0.8,141.6,False,none,winter_peak
2024-03-03,Azithromycin_500mg,Antibiotic,210,0.8,168.0,False,none,winter_peak
2024-03-04,Azithromycin_500mg,Antibiotic,236,0.8,188.8,False,none,winter_peak
2024-03-05,Azithromycin_500mg,Antibiotic,255,0.8,204.0,False,none,winter_peak
2024-03-06,Azithromycin_500mg,Antibiotic,271,0.8,216.8,False,none,winter_peak
2024-03-07,Azithromycin_500mg,Antibiotic,220,0.8,176.0,False,none,winter_peak
2024-03-08,Azithromycin_500mg,Antibiotic,232,0.8,185.6,False,none,winter_peak
2024-03-09,Azithromycin_500mg,Antibiotic,193,0.8,154.4,False,none,winter_peak
2024-03-10,Azithromycin_500mg,Antibiotic,219,0.8,175.2,False,none,winter_peak
2024-03-11,Azithromycin_500mg,Antibiotic,231,0.8,184.8,False,none,winter_peak
2024-03-12,Azithromycin_500mg,Antibiotic,232,0.8,185.6,False,none,winter_peak
2024-03-13,Azithromycin_500mg,Antibiotic,253,0.8,202.4,False,none,winter_peak
2024-03-14,Azithromycin_500mg,Antibiotic,232,0.8,185.6,False,none,winter_peak
2024-03-15,Azithromycin_500mg,Antibiotic,247,0.8,197.6,False,none,winter_peak
2024-03-16,Azithromycin_500mg,Antibiotic,170,0.8,136.0,False,none,winter_peak
2024-03-17,Azithromycin_500mg,Antibiotic,229,0.8,183.2,False,none,winter_peak
2024-03-18,Azithromycin_500mg,Antibiotic,217,0.8,173.6,False,none,winter_peak
2024-03-19,Azithromycin_500mg,Antibiotic,238,0.8,190.4,False,none,winter_peak
2024-03-20,Azithromycin_500mg,Antibiotic,243,0.8,194.4,False,none,winter_peak
2024-03-21,Azithromycin_500mg,Antibiotic,281,0.8,224.8,False,none,winter_peak
2024-03-22,Azithromycin_500mg,Antibiotic,218,0.8,174.4,False,none,winter_peak
2024-03-23,Azithromycin_500mg,Antibiotic,226,0.8,180.8,False,none,winter_peak
2024-03-24,Azithromycin_500mg,Antibiotic,207,0.8,165.6,False,none,winter_peak
2024-03-25,Azithromycin_500mg,Antibiotic,252,0.8,201.6,False,none,winter_peak
2024-03-26,Azithromycin_500mg,Antibiotic,225,0.8,180.0,False,none,winter_peak
2024-03-27,Azithromycin_500mg,Antibiotic,255,0.8,204.0,False,none,winter_peak
2024-03-28,Azithromycin_500mg,Antibiotic,230,0.8,184.0,False,none,winter_peak
2024-03-29,Azithromycin_500mg,Antibiotic,269,0.8,215.2,False,none,winter_peak
2024-03-30,Azithromycin_500mg,Antibiotic,180,0.8,144.0,False,none,winter_peak
2024-03-31,Azithromycin_500mg,Antibiotic,193,0.8,154.4,False,none,winter_peak
2024-04-01,Azithromycin_500mg,Antibiotic,191,0.8,152.8,False,none,winter_peak
2024-04-02,Azithromycin_500mg,Antibiotic,184,0.8,147.2,False,none,winter_peak
2024-04-03,Azithromycin_500mg,Antibiotic,212,0.8,169.6,False,none,winter_peak
2024-04-04,Azithromycin_500mg,Antibiotic,208,0.8,166.4,False,none,winter_peak
2024-04-05,Azithromycin_500mg,Antibiotic,219,0.8,175.2,False,none,winter_peak
2024-04-06,Azithromycin_500mg,Antibiotic,136,0.8,108.8,False,none,winter_peak
2024-04-07,Azithromycin_500mg,Antibiotic,173,0.8,138.4,False,none,winter_peak
2024-04-08,Azithromycin_500mg,Antibiotic,240,0.8,192.0,False,none,winter_peak
2024-04-09,Azithromycin_500mg,Antibiotic,193,0.8,154.4,False,none,winter_peak
2024-04-10,Azithromycin_500mg,Antibiotic,230,0.8,184.0,False,none,winter_peak
2024-04-11,Azithromycin_500mg,Antibiotic,196,0.8,156.8,False,none,winter_peak
2024-04-12,Azithromycin_500mg,Antibiotic,178,0.8,142.4,False,none,winter_peak
2024-04-13,Azithromycin_500mg,Antibiotic,156,0.8,124.8,False,none,winter_peak
2024-04-14,Azithromycin_500mg,Antibiotic,173,0.8,138.4,False,none,winter_peak
2024-04-15,Azithromycin_500mg,Antibiotic,187,0.8,149.6,False,none,winter_peak
2024-04-16,Azithromycin_500mg,Antibiotic,190,0.8,152.0,False,none,winter_peak
2024-04-17,Azithromycin_500mg,Antibiotic,210,0.8,168.0,False,none,winter_peak
2024-04-18,Azithromycin_500mg,Antibiotic,200,0.8,160.0,False,none,winter_peak
2024-04-19,Azithromycin_500mg,Antibiotic,210,0.8,168.0,False,none,winter_peak
2024-04-20,Azithromycin_500mg,Antibiotic,163,0.8,130.4,False,none,winter_peak
2024-04-21,Azithromycin_500mg,Antibiotic,166,0.8,132.8,False,none,winter_peak
2024-04-22,Azithromycin_500mg,Antibiotic,193,0.8,154.4,False,none,winter_peak
2024-04-23,Azithromycin_500mg,Antibiotic,204,0.8,163.2,False,none,winter_peak
2024-04-24,Azithromycin_500mg,Antibiotic,185,0.8,148.0,False,none,winter_peak
2024-04-25,Azithromycin_500mg,Antibiotic,221,0.8,176.8,False,none,winter_peak
2024-04-26,Azithromycin_500mg,Antibiotic,190,0.8,152.0,False,none,winter_peak
2024-04-27,Azithromycin_500mg,Antibiotic,175,0.8,140.0,False,none,winter_peak
2024-04-28,Azithromycin_500mg,Antibiotic,157,0.8,125.6,False,none,winter_peak
2024-04-29,Azithromycin_500mg,Antibiotic,204,0.8,163.2,False,none,winter_peak
2024-04-30,Azithromycin_500mg,Antibiotic,193,0.8,154.4,False,none,winter_peak
2024-05-01,Azithromycin_500mg,Antibiotic,174,0.8,139.2,False,none,winter_peak
2024-05-02,Azithromycin_500mg,Antibiotic,163,0.8,130.4,False,none,winter_peak
2024-05-03,Azithromycin_500mg,Antibiotic,173,0.8,138.4,False,none,winter_peak
2024-05-04,Azithromycin_500mg,Antibiotic,147,0.8,117.6,False,none,winter_peak
2024-05-05,Azithromycin_500mg,Antibiotic,154,0.8,123.2,False,none,winter_peak
2024-05-06,Azithromycin_500mg,Antibiotic,205,0.8,164.0,False,none,winter_peak
2024-05-07,Azithromycin_500mg,Antibiotic,183,0.8,146.4,False,none,winter_peak
2024-05-08,Azithromycin_500mg,Antibiotic,176,0.8,140.8,False,none,winter_peak
2024-05-09,Azithromycin_500mg,Antibiotic,168,0.8,134.4,False,none,winter_peak
2024-05-10,Azithromycin_500mg,Antibiotic,197,0.8,157.6,False,none,winter_peak
2024-05-11,Azithromycin_500mg,Antibiotic,168,0.8,134.4,False,none,winter_peak
2024-05-12,Azithromycin_500mg,Antibiotic,167,0.8,133.6,False,none,winter_peak
2024-05-13,Azithromycin_500mg,Antibiotic,200,0.8,160.0,False,none,winter_peak
2024-05-14,Azithromycin_500mg,Antibiotic,199,0.8,159.2,False,none,winter_peak
2024-05-15,Azithromycin_500mg,Antibiotic,215,0.8,172.0,False,none,winter_peak
2024-05-16,Azithromycin_500mg,Antibiotic,195,0.8,156.0,False,none,winter_peak
2024-05-17,Azithromycin_500mg,Antibiotic,200,0.8,160.0,False,none,winter_peak
2024-05-18,Azithromycin_500mg,Antibiotic,148,0.8,118.4,False,none,winter_peak
2024-05-19,Azithromycin_500mg,Antibiotic,135,0.8,108.0,False,none,winter_peak
2024-05-20,Azithromycin_500mg,Antibiotic,179,0.8,143.2,False,none,winter_peak
2024-05-21,Azithromycin_500mg,Antibiotic,190,0.8,152.0,False,none,winter_peak
2024-05-22,Azithromycin_500mg,Antibiotic,191,0.8,152.8,False,none,winter_peak
2024-05-23,Azithromycin_500mg,Antibiotic,219,0.8,175.2,False,none,winter_peak
2024-05-24,Azithromycin_500mg,Antibiotic,191,0.8,152.8,False,none,winter_peak
2024-05-25,Azithromycin_500mg,Antibiotic,166,0.8,132.8,False,none,winter_peak
2024-05-26,Azithromycin_500mg,Antibiotic,146,0.8,116.8,False,none,winter_peak
2024-05-27,Azithromycin_500mg,Antibiotic,185,0.8,148.0,False,none,winter_peak
2024-05-28,Azithromycin_500mg,Antibiotic,170,0.8,136.0,False,none,winter_peak
2024-05-29,Azithromycin_500mg,Antibiotic,179,0.8,143.2,False,none,winter_peak
2024-05-30,Azithromycin_500mg,Antibiotic,198,0.8,158.4,False,none,winter_peak
2024-05-31,Azithromycin_500mg,Antibiotic,190,0.8,152.0,False,none,winter_peak
2024-06-01,Azithromycin_500mg,Antibiotic,153,0.8,122.4,False,none,winter_peak
2024-06-02,Azithromycin_500mg,Antibiotic,144,0.8,115.2,False,none,winter_peak
2024-06-03,Azithromycin_500mg,Antibiotic,174,0.8,139.2,False,none,winter_peak
2024-06-04,Azithromycin_500mg,Antibiotic,210,0.8,168.0,False,none,winter_peak
2024-06-05,Azithromycin_500mg,Antibiotic,178,0.8,142.4,False,none,winter_peak
2024-06-06,Azithromycin_500mg,Antibiotic,196,0.8,156.8,False,none,winter_peak
2024-06-07,Azithromycin_500mg,Antibiotic,173,0.8,138.4,False,none,winter_peak
2024-06-08,Azithromycin_500mg,Antibiotic,151,0.8,120.8,False,none,winter_peak
2024-06-09,Azithromycin_500mg,Antibiotic,153,0.8,122.4,False,none,winter_peak
2024-06-10,Azithromycin_500mg,Antibiotic,182,0.8,145.6,False,none,winter_peak
2024-06-11,Azithromycin_500mg,Antibiotic,145,0.8,116.0,False,none,winter_peak
2024-06-12,Azithromycin_500mg,Antibiotic,179,0.8,143.2,False,none,winter_peak
2024-06-13,Azithromycin_500mg,Antibiotic,197,0.8,157.6,False,none,winter_peak
2024-06-14,Azithromycin_500mg,Antibiotic,187,0.8,149.6,False,none,winter_peak
2024-06-15,Azithromycin_500mg,Antibiotic,148,0.8,118.4,False,none,winter_peak
2024-06-16,Azithromycin_500mg,Antibiotic,123,0.8,98.4,False,none,winter_peak
2024-06-17,Azithromycin_500mg,Antibiotic,169,0.8,135.2,False,none,winter_peak
2024-06-18,Azithromycin_500mg,Antibiotic,185,0.8,148.0,False,none,winter_peak
2024-06-19,Azithromycin_500mg,Antibiotic,185,0.8,148.0,False,none,winter_peak
2024-06-20,Azithromycin_500mg,Antibiotic,197,0.8,157.6,False,none,winter_peak
2024-06-21,Azithromycin_500mg,Antibiotic,177,0.8,141.6,False,none,winter_peak
2024-06-22,Azithromycin_500mg,Antibiotic,148,0.8,118.4,False,none,winter_peak
2024-06-23,Azithromycin_500mg,Antibiotic,144,0.8,115.2,False,none,winter_peak
2024-06-24,Azithromycin_500mg,Antibiotic,165,0.8,132.0,False,none,winter_peak
2024-06-25,Azithromycin_500mg,Antibiotic,147,0.8,117.6,False,none,winter_peak
2024-06-26,Azithromycin_500mg,Antibiotic,186,0.8,148.8,False,none,winter_peak
2024-06-27,Azithromycin_500mg,Antibiotic,182,0.8,145.6,False,none,winter_peak
2024-06-28,Azithromycin_500mg,Antibiotic,171,0.8,136.8,False,none,winter_peak
2024-06-29,Azithromycin_500mg,Antibiotic,124,0.8,99.2,False,none,winter_peak
2024-06-30,Azithromycin_500mg,Antibiotic,151,0.8,120.8,False,none,winter_peak
2024-07-01,Azithromycin_500mg,Antibiotic,180,0.8,144.0,False,none,winter_peak
2024-07-02,Azithromycin_500mg,Antibiotic,192,0.8,153.6,False,none,winter_peak
2024-07-03,Azithromycin_500mg,Antibiotic,212,0.8,169.6,False,none,winter_peak
2024-07-04,Azithromycin_500mg,Antibiotic,152,0.8,121.6,False,none,winter_peak
2024-07-05,Azithromycin_500mg,Antibiotic,174,0.8,139.2,False,none,winter_peak
2024-07-06,Azithromycin_500mg,Antibiotic,144,0.8,115.2,False,none,winter_peak
2024-07-07,Azithromycin_500mg,Antibiotic,164,0.8,131.2,False,none,winter_peak
2024-07-08,Azithromycin_500mg,Antibiotic,160,0.8,128.0,False,none,winter_peak
2024-07-09,Azithromycin_500mg,Antibiotic,213,0.8,170.4,False,none,winter_peak
2024-07-10,Azithromycin_500mg,Antibiotic,186,0.8,148.8,False,none,winter_peak
2024-07-11,Azithromycin_500mg,Antibiotic,183,0.8,146.4,False,none,winter_peak
2024-07-12,Azithromycin_500mg,Antibiotic,181,0.8,144.8,False,none,winter_peak
2024-07-13,Azithromycin_500mg,Antibiotic,142,0.8,113.6,False,none,winter_peak
2024-07-14,Azithromycin_500mg,Antibiotic,160,0.8,128.0,False,none,winter_peak
2024-07-15,Azithromycin_500mg,Antibiotic,169,0.8,135.2,False,none,winter_peak
2024-07-16,Azithromycin_500mg,Antibiotic,189,0.8,151.2,False,none,winter_peak
2024-07-17,Azithromycin_500mg,Antibiotic,179,0.8,143.2,False,none,winter_peak
2024-07-18,Azithromycin_500mg,Antibiotic,173,0.8,138.4,False,none,winter_peak
2024-07-19,Azithromycin_500mg,Antibiotic,223,0.8,178.4,False,none,winter_peak
2024-07-20,Azithromycin_500mg,Antibiotic,152,0.8,121.6,False,none,winter_peak
2024-07-21,Azithromycin_500mg,Antibiotic,155,0.8,124.0,False,none,winter_peak
2024-07-22,Azithromycin_500mg,Antibiotic,201,0.8,160.8,False,none,winter_peak
2024-07-23,Azithromycin_500mg,Antibiotic,163,0.8,130.4,False,none,winter_peak
2024-07-24,Azithromycin_500mg,Antibiotic,210,0.8,168.0,False,none,winter_peak
2024-07-25,Azithromycin_500mg,Antibiotic,147,0.8,117.6,False,none,winter_peak
2024-07-26,Azithromycin_500mg,Antibiotic,173,0.8,138.4,False,none,winter_peak
2024-07-27,Azithromycin_500mg,Antibiotic,142,0.8,113.6,False,none,winter_peak
2024-07-28,Azithromycin_500mg,Antibiotic,154,0.8,123.2,False,none,winter_peak
2024-07-29,Azithromycin_500mg,Antibiotic,188,0.8,150.4,False,none,winter_peak
2024-07-30,Azithromycin_500mg,Antibiotic,182,0.8,145.6,False,none,winter_peak
2024-07-31,Azithromycin_500mg,Antibiotic,184,0.8,147.2,False,none,winter_peak
2024-08-01,Azithromycin_500mg,Antibiotic,176,0.8,140.8,False,none,winter_peak
2024-08-02,Azithromycin_500mg,Antibiotic,168,0.8,134.4,False,none,winter_peak
2024-08-03,Azithromycin_500mg,Antibiotic,162,0.8,129.6,False,none,winter_peak
2024-08-04,Azithromycin_500mg,Antibiotic,161,0.8,128.8,False,none,winter_peak
2024-08-05,Azithromycin_500mg,Antibiotic,216,0.8,172.8,False,none,winter_peak
2024-08-06,Azithromycin_500mg,Antibiotic,179,0.8,143.2,False,none,winter_peak
2024-08-07,Azithromycin_500mg,Antibiotic,202,0.8,161.6,False,none,winter_peak
2024-08-08,Azithromycin_500mg,Antibiotic,187,0.8,149.6,False,none,winter_peak
2024-08-09,Azithromycin_500mg,Antibiotic,210,0.8,168.0,False,none,winter_peak
2024-08-10,Azithromycin_500mg,Antibiotic,165,0.8,132.0,False,none,winter_peak
2024-08-11,Azithromycin_500mg,Antibiotic,156,0.8,124.8,False,none,winter_peak
2024-08-12,Azithromycin_500mg,Antibiotic,186,0.8,148.8,False,none,winter_peak
2024-08-13,Azithromycin_500mg,Antibiotic,207,0.8,165.6,False,none,winter_peak
2024-08-14,Azithromycin_500mg,Antibiotic,202,0.8,161.6,False,none,winter_peak
2024-08-15,Azithromycin_500mg,Antibiotic,181,0.8,144.8,False,none,winter_peak
2024-08-16,Azithromycin_500mg,Antibiotic,171,0.8,136.8,False,none,winter_peak
2024-08-17,Azithromycin_500mg,Antibiotic,149,0.8,119.2,False,none,winter_peak
2024-08-18,Azithromycin_500mg,Antibiotic,172,0.8,137.6,False,none,winter_peak
2024-08-19,Azithromycin_500mg,Antibiotic,210,0.8,168.0,False,none,winter_peak
2024-08-20,Azithromycin_500mg,Antibiotic,175,0.8,140.0,False,none,winter_peak
2024-08-21,Azithromycin_500mg,Antibiotic,174,0.8,139.2,False,none,winter_peak
2024-08-22,Azithromycin_500mg,Antibiotic,212,0.8,169.6,False,none,winter_peak
2024-08-23,Azithromycin_500mg,Antibiotic,174,0.8,139.2,False,none,winter_peak
2024-08-24,Azithromycin_500mg,Antibiotic,160,0.8,128.0,False,none,winter_peak
2024-08-25,Azithromycin_500mg,Antibiotic,146,0.8,116.8,False,none,winter_peak
2024-08-26,Azithromycin_500mg,Antibiotic,217,0.8,173.6,False,none,winter_peak
2024-08-27,Azithromycin_500mg,Antibiotic,180,0.8,144.0,False,none,winter_peak
2024-08-28,Azithromycin_500mg,Antibiotic,210,0.8,168.0,False,none,winter_peak
2024-08-29,Azithromycin_500mg,Antibiotic,195,0.8,156.0,False,none,winter_peak
2024-08-30,Azithromycin_500mg,Antibiotic,196,0.8,156.8,False,none,winter_peak
2024-08-31,Azithromycin_500mg,Antibiotic,129,0.8,103.2,False,none,winter_peak
2024-09-01,Azithromycin_500mg,Antibiotic,141,0.8,112.8,False,none,winter_peak
2024-09-02,Azithromycin_500mg,Antibiotic,211,0.8,168.8,False,none,winter_peak
2024-09-03,Azithromycin_500mg,Antibiotic,219,0.8,175.2,False,none,winter_peak
2024-09-04,Azithromycin_500mg,Antibiotic,196,0.8,156.8,False,none,winter_peak
2024-09-05,Azithromycin_500mg,Antibiotic,196,0.8,156.8,False,none,winter_peak
2024-09-06,Azithromycin_500mg,Antibiotic,225,0.8,180.0,False,none,winter_peak
2024-09-07,Azithromycin_500mg,Antibiotic,180,0.8,144.0,False,none,winter_peak
2024-09-08,Azithromycin_500mg,Antibiotic,170,0.8,136.0,False,none,winter_peak
2024-09-09,Azithromycin_500mg,Antibiotic,229,0.8,183.2,False,none,winter_peak
2024-09-10,Azithromycin_500mg,Antibiotic,195,0.8,156.0,False,none,winter_peak
2024-09-11,Azithromycin_500mg,Antibiotic,209,0.8,167.2,False,none,winter_peak
2024-09-12,Azithromycin_500mg,Antibiotic,244,0.8,195.2,False,none,winter_peak
2024-09-13,Azithromycin_500mg,Antibiotic,216,0.8,172.8,False,none,winter_peak
2024-09-14,Azithromycin_500mg,Antibiotic,173,0.8,138.4,False,none,winter_peak
2024-09-15,Azithromycin_500mg,Antibiotic,204,0.8,163.2,False,none,winter_peak
2024-09-16,Azithromycin_500mg,Antibiotic,191,0.8,152.8,False,none,winter_peak
2024-09-17,Azithromycin_500mg,Antibiotic,229,0.8,183.2,False,none,winter_peak
2024-09-18,Azithromycin_500mg,Antibiotic,244,0.8,195.2,False,none,winter_peak
2024-09-19,Azithromycin_500mg,Antibiotic,210,0.8,168.0,False,none,winter_peak
2024-09-20,Azithromycin_500mg,Antibiotic,230,0.8,184.0,False,none,winter_peak
2024-09-21,Azithromycin_500mg,Antibiotic,158,0.8,126.4,False,none,winter_peak
2024-09-22,Azithromycin_500mg,Antibiotic,163,0.8,130.4,False,none,winter_peak
2024-09-23,Azithromycin_500mg,Antibiotic,222,0.8,177.6,False,none,winter_peak
2024-09-24,Azithromycin_500mg,Antibiotic,229,0.8,183.2,False,none,winter_peak
2024-09-25,Azithromycin_500mg,Antibiotic,235,0.8,188.0,False,none,winter_peak
2024-09-26,Azithromycin_500mg,Antibiotic,243,0.8,194.4,False,none,winter_peak
2024-09-27,Azithromycin_500mg,Antibiotic,214,0.8,171.2,False,none,winter_peak
2024-09-28,Azithromycin_500mg,Antibiotic,188,0.8,150.4,False,none,winter_peak
2024-09-29,Azithromycin_500mg,Antibiotic,168,0.8,134.4,False,none,winter_peak
2024-09-30,Azithromycin_500mg,Antibiotic,231,0.8,184.8,False,none,winter_peak
2024-10-01,Azithromycin_500mg,Antibiotic,242,0.8,193.6,False,none,winter_peak
2024-10-02,Azithromycin_500mg,Antibiotic,247,0.8,197.6,False,none,winter_peak
2024-10-03,Azithromycin_500mg,Antibiotic,247,0.8,197.6,False,none,winter_peak
2024-10-04,Azithromycin_500mg,Antibiotic,208,0.8,166.4,False,none,winter_peak
2024-10-05,Azithromycin_500mg,Antibiotic,173,0.8,138.4,False,none,winter_peak
2024-10-06,Azithromycin_500mg,Antibiotic,192,0.8,153.6,False,none,winter_peak
2024-10-07,Azithromycin_500mg,Antibiotic,206,0.8,164.8,False,none,winter_peak
2024-10-08,Azithromycin_500mg,Antibiotic,254,0.8,203.2,False,none,winter_peak
2024-10-09,Azithromycin_500mg,Antibiotic,255,0.8,204.0,False,none,winter_peak
2024-10-10,Azithromycin_500mg,Antibiotic,245,0.8,196.0,False,none,winter_peak
2024-10-11,Azithromycin_500mg,Antibiotic,217,0.8,173.6,False,none,winter_peak
2024-10-12,Azithromycin_500mg,Antibiotic,212,0.8,169.6,False,none,winter_peak
2024-10-13,Azithromycin_500mg,Antibiotic,222,0.8,177.6,False,none,winter_peak
2024-10-14,Azithromycin_500mg,Antibiotic,242,0.8,193.6,False,none,winter_peak
2024-10-15,Azithromycin_500mg,Antibiotic,249,0.8,199.2,False,none,winter_peak
2024-10-16,Azithromycin_500mg,Antibiotic,243,0.8,194.4,False,none,winter_peak
2024-10-17,Azithromycin_500mg,Antibiotic,249,0.8,199.2,False,none,winter_peak
2024-10-18,Azithromycin_500mg,Antibiotic,237,0.8,189.6,False,none,winter_peak
2024-10-19,Azithromycin_500mg,Antibiotic,190,0.8,152.0,False,none,winter_peak
2024-10-20,Azithromycin_500mg,Antibiotic,204,0.8,163.2,False,none,winter_peak
2024-10-21,Azithromycin_500mg,Antibiotic,284,0.8,227.2,False,none,winter_peak
2024-10-22,Azithromycin_500mg,Antibiotic,212,0.8,169.6,False,none,winter_peak
2024-10-23,Azithromycin_500mg,Antibiotic,237,0.8,189.6,False,none,winter_peak
2024-10-24,Azithromycin_500mg,Antibiotic,216,0.8,172.8,False,none,winter_peak
2024-10-25,Azithromycin_500mg,Antibiotic,270,0.8,216.0,False,none,winter_peak
2024-10-26,Azithromycin_500mg,Antibiotic,182,0.8,145.6,False,none,winter_peak
2024-10-27,Azithromycin_500mg,Antibiotic,168,0.8,134.4,False,none,winter_peak
2024-10-28,Azithromycin_500mg,Antibiotic,251,0.8,200.8,False,none,winter_peak
2024-10-29,Azithromycin_500mg,Antibiotic,273,0.8,218.4,False,none,winter_peak
2024-10-30,Azithromycin_500mg,Antibiotic,252,0.8,201.6,False,none,winter_peak
2024-10-31,Azithromycin_500mg,Antibiotic,243,0.8,194.4,False,none,winter_peak
2024-11-01,Azithromycin_500mg,Antibiotic,530,0.8,424.0,False,flu_outbreak,winter_peak
2024-11-02,Azithromycin_500mg,Antibiotic,457,0.8,365.6,False,flu_outbreak,winter_peak
2024-11-03,Azithromycin_500mg,Antibiotic,381,0.8,304.8,False,flu_outbreak,winter_peak
2024-11-04,Azithromycin_500mg,Antibiotic,509,0.8,407.2,False,flu_outbreak,winter_peak
2024-11-05,Azithromycin_500mg,Antibiotic,495,0.8,396.0,False,flu_outbreak,winter_peak
2024-11-06,Azithromycin_500mg,Antibiotic,466,0.8,372.8,False,flu_outbreak,winter_peak
2024-11-07,Azithromycin_500mg,Antibiotic,500,0.8,400.0,False,flu_outbreak,winter_peak
2024-11-08,Azithromycin_500mg,Antibiotic,559,0.8,447.2,False,flu_outbreak,winter_peak
2024-11-09,Azithromycin_500mg,Antibiotic,429,0.8,343.2,False,flu_outbreak,winter_peak
2024-11-10,Azithromycin_500mg,Antibiotic,432,0.8,345.6,False,flu_outbreak,winter_peak
2024-11-11,Azithromycin_500mg,Antibiotic,520,0.8,416.0,False,flu_outbreak,winter_peak
2024-11-12,Azithromycin_500mg,Antibiotic,536,0.8,428.8,False,flu_outbreak,winter_peak
2024-11-13,Azithromycin_500mg,Antibiotic,481,0.8,384.8,False,flu_outbreak,winter_peak
2024-11-14,Azithromycin_500mg,Antibiotic,501,0.8,400.8,False,flu_outbreak,winter_peak
2024-11-15,Azithromycin_500mg,Antibiotic,522,0.8,417.6,False,flu_outbreak,winter_peak
2024-11-16,Azithromycin_500mg,Antibiotic,420,0.8,336.0,False,flu_outbreak,winter_peak
2024-11-17,Azithromycin_500mg,Antibiotic,421,0.8,336.8,False,flu_outbreak,winter_peak
2024-11-18,Azithromycin_500mg,Antibiotic,509,0.8,407.2,False,flu_outbreak,winter_peak
2024-11-19,Azithromycin_500mg,Antibiotic,499,0.8,399.2,False,flu_outbreak,winter_peak
2024-11-20,Azithromycin_500mg,Antibiotic,645,0.8,516.0,False,flu_outbreak,winter_peak
2024-11-21,Azithromycin_500mg,Antibiotic,552,0.8,441.6,False,flu_outbreak,winter_peak
2024-11-22,Azithromycin_500mg,Antibiotic,532,0.8,425.6,False,flu_outbreak,winter_peak
2024-11-23,Azithromycin_500mg,Antibiotic,404,0.8,323.2,False,flu_outbreak,winter_peak
2024-11-24,Azithromycin_500mg,Antibiotic,396,0.8,316.8,False,flu_outbreak,winter_peak
2024-11-25,Azithromycin_500mg,Antibiotic,509,0.8,407.2,False,flu_outbreak,winter_peak
2024-11-26,Azithromycin_500mg,Antibiotic,527,0.8,421.6,False,flu_outbreak,winter_peak
2024-11-27,Azithromycin_500mg,Antibiotic,437,0.8,349.6,False,flu_outbreak,winter_peak
2024-11-28,Azithromycin_500mg,Antibiotic,450,0.8,360.0,False,flu_outbreak,winter_peak
2024-11-29,Azithromycin_500mg,Antibiotic,489,0.8,391.2,False,flu_outbreak,winter_peak
2024-11-30,Azithromycin_500mg,Antibiotic,419,0.8,335.2,False,flu_outbreak,winter_peak
2024-12-01,Azithromycin_500mg,Antibiotic,468,0.8,374.4,False,flu_outbreak,winter_peak
2024-12-02,Azithromycin_500mg,Antibiotic,668,0.8,534.4,False,flu_outbreak,winter_peak
2024-12-03,Azithromycin_500mg,Antibiotic,527,0.8,421.6,False,flu_outbreak,winter_peak
2024-12-04,Azithromycin_500mg,Antibiotic,562,0.8,449.6,False,flu_outbreak,winter_peak
2024-12-05,Azithromycin_500mg,Antibiotic,671,0.8,536.8,False,flu_outbreak,winter_peak
2024-12-06,Azithromycin_500mg,Antibiotic,604,0.8,483.2,False,flu_outbreak,winter_peak
2024-12-07,Azithromycin_500mg,Antibiotic,512,0.8,409.6,False,flu_outbreak,winter_peak
2024-12-08,Azithromycin_500mg,Antibiotic,556,0.8,444.8,False,flu_outbreak,winter_peak
2024-12-09,Azithromycin_500mg,Antibiotic,565,0.8,452.0,False,flu_outbreak,winter_peak
2024-12-10,Azithromycin_500mg,Antibiotic,594,0.8,475.2,False,flu_outbreak,winter_peak
2024-12-11,Azithromycin_500mg,Antibiotic,585,0.8,468.0,False,flu_outbreak,winter_peak
2024-12-12,Azithromycin_500mg,Antibiotic,505,0.8,404.0,False,flu_outbreak,winter_peak
2024-12-13,Azithromycin_500mg,Antibiotic,584,0.8,467.2,False,flu_outbreak,winter_peak
2024-12-14,Azithromycin_500mg,Antibiotic,512,0.8,409.6,False,flu_outbreak,winter_peak
2024-12-15,Azithromycin_500mg,Antibiotic,500,0.8,400.0,False,flu_outbreak,winter_peak
2024-12-16,Azithromycin_500mg,Antibiotic,628,0.8,502.4,False,flu_outbreak,winter_peak
2024-12-17,Azithromycin_500mg,Antibiotic,581,0.8,464.8,False,flu_outbreak,winter_peak
2024-12-18,Azithromycin_500mg,Antibiotic,567,0.8,453.6,False,flu_outbreak,winter_peak
2024-12-19,Azithromycin_500mg,Antibiotic,660,0.8,528.0,False,flu_outbreak,winter_peak
2024-12-20,Azithromycin_500mg,Antibiotic,575,0.8,460.0,False,flu_outbreak,winter_peak
2024-12-21,Azithromycin_500mg,Antibiotic,490,0.8,392.0,False,flu_outbreak,winter_peak
2024-12-22,Azithromycin_500mg,Antibiotic,485,0.8,388.0,False,flu_outbreak,winter_peak
2024-12-23,Azithromycin_500mg,Antibiotic,669,0.8,535.2,False,flu_outbreak,winter_peak
2024-12-24,Azithromycin_500mg,Antibiotic,646,0.8,516.8,False,flu_outbreak,winter_peak
2024-12-25,Azithromycin_500mg,Antibiotic,537,0.8,429.6,False,flu_outbreak,winter_peak
2024-12-26,Azithromycin_500mg,Antibiotic,542,0.8,433.6,False,flu_outbreak,winter_peak
2024-12-27,Azithromycin_500mg,Antibiotic,627,0.8,501.6,False,flu_outbreak,winter_peak
2024-12-28,Azithromycin_500mg,Antibiotic,476,0.8,380.8,False,flu_outbreak,winter_peak
2024-12-29,Azithromycin_500mg,Antibiotic,462,0.8,369.6,False,flu_outbreak,winter_peak
2024-12-30,Azithromycin_500mg,Antibiotic,648,0.8,518.4,False,flu_outbreak,winter_peak
2024-12-31,Azithromycin_500mg,Antibiotic,609,0.8,487.2,False,flu_outbreak,winter_peak
2022-01-01,Amlodipine_5mg,Cardiovascular,524,0.12,62.88,False,covid_wave,stable
2022-01-02,Amlodipine_5mg,Cardiovascular,554,0.12,66.48,False,covid_wave,stable
2022-01-03,Amlodipine_5mg,Cardiovascular,633,0.12,75.96,False,covid_wave,stable
2022-01-04,Amlodipine_5mg,Cardiovascular,734,0.12,88.08,False,covid_wave,stable
2022-01-05,Amlodipine_5mg,Cardiovascular,611,0.12,73.32,False,covid_wave,stable
2022-01-06,Amlodipine_5mg,Cardiovascular,687,0.12,82.44,False,covid_wave,stable
2022-01-07,Amlodipine_5mg,Cardiovascular,727,0.12,87.24,False,covid_wave,stable
2022-01-08,Amlodipine_5mg,Cardiovascular,464,0.12,55.68,False,covid_wave,stable
2022-01-09,Amlodipine_5mg,Cardiovascular,508,0.12,60.96,False,covid_wave,stable
2022-01-10,Amlodipine_5mg,Cardiovascular,713,0.12,85.56,False,covid_wave,stable
2022-01-11,Amlodipine_5mg,Cardiovascular,713,0.12,85.56,False,covid_wave,stable
2022-01-12,Amlodipine_5mg,Cardiovascular,644,0.12,77.28,False,covid_wave,stable
2022-01-13,Amlodipine_5mg,Cardiovascular,615,0.12,73.8,False,covid_wave,stable
2022-01-14,Amlodipine_5mg,Cardiovascular,703,0.12,84.36,False,covid_wave,stable
2022-01-15,Amlodipine_5mg,Cardiovascular,572,0.12,68.64,False,covid_wave,stable
2022-01-16,Amlodipine_5mg,Cardiovascular,473,0.12,56.76,False,covid_wave,stable
2022-01-17,Amlodipine_5mg,Cardiovascular,590,0.12,70.8,False,covid_wave,stable
2022-01-18,Amlodipine_5mg,Cardiovascular,665,0.12,79.8,False,covid_wave,stable
2022-01-19,Amlodipine_5mg,Cardiovascular,687,0.12,82.44,False,covid_wave,stable
2022-01-20,Amlodipine_5mg,Cardiovascular,638,0.12,76.56,False,covid_wave,stable
2022-01-21,Amlodipine_5mg,Cardiovascular,689,0.12,82.68,False,covid_wave,stable
2022-01-22,Amlodipine_5mg,Cardiovascular,493,0.12,59.16,False,covid_wave,stable
2022-01-23,Amlodipine_5mg,Cardiovascular,434,0.12,52.08,False,covid_wave,stable
2022-01-24,Amlodipine_5mg,Cardiovascular,632,0.12,75.84,False,covid_wave,stable
2022-01-25,Amlodipine_5mg,Cardiovascular,657,0.12,78.84,False,covid_wave,stable
2022-01-26,Amlodipine_5mg,Cardiovascular,640,0.12,76.8,False,covid_wave,stable
2022-01-27,Amlodipine_5mg,Cardiovascular,594,0.12,71.28,False,covid_wave,stable
2022-01-28,Amlodipine_5mg,Cardiovascular,559,0.12,67.08,False,covid_wave,stable
2022-01-29,Amlodipine_5mg,Cardiovascular,502,0.12,60.24,False,covid_wave,stable
2022-01-30,Amlodipine_5mg,Cardiovascular,561,0.12,67.32,False,covid_wave,stable
2022-01-31,Amlodipine_5mg,Cardiovascular,721,0.12,86.52,False,covid_wave,stable
2022-02-01,Amlodipine_5mg,Cardiovascular,717,0.12,86.04,False,covid_wave,stable
2022-02-02,Amlodipine_5mg,Cardiovascular,612,0.12,73.44,False,covid_wave,stable
2022-02-03,Amlodipine_5mg,Cardiovascular,594,0.12,71.28,False,covid_wave,stable
2022-02-04,Amlodipine_5mg,Cardiovascular,681,0.12,81.72,False,covid_wave,stable
2022-02-05,Amlodipine_5mg,Cardiovascular,550,0.12,66.0,False,covid_wave,stable
2022-02-06,Amlodipine_5mg,Cardiovascular,540,0.12,64.8,False,covid_wave,stable
2022-02-07,Amlodipine_5mg,Cardiovascular,550,0.12,66.0,False,covid_wave,stable
2022-02-08,Amlodipine_5mg,Cardiovascular,610,0.12,73.2,False,covid_wave,stable
2022-02-09,Amlodipine_5mg,Cardiovascular,654,0.12,78.48,False,covid_wave,stable
2022-02-10,Amlodipine_5mg,Cardiovascular,681,0.12,81.72,False,covid_wave,stable
2022-02-11,Amlodipine_5mg,Cardiovascular,696,0.12,83.52,False,covid_wave,stable
2022-02-12,Amlodipine_5mg,Cardiovascular,530,0.12,63.6,False,covid_wave,stable
2022-02-13,Amlodipine_5mg,Cardiovascular,538,0.12,64.56,False,covid_wave,stable
2022-02-14,Amlodipine_5mg,Cardiovascular,660,0.12,79.2,False,covid_wave,stable
2022-02-15,Amlodipine_5mg,Cardiovascular,692,0.12,83.04,False,covid_wave,stable
2022-02-16,Amlodipine_5mg,Cardiovascular,673,0.12,80.76,False,covid_wave,stable
2022-02-17,Amlodipine_5mg,Cardiovascular,660,0.12,79.2,False,covid_wave,stable
2022-02-18,Amlodipine_5mg,Cardiovascular,642,0.12,77.04,False,covid_wave,stable
2022-02-19,Amlodipine_5mg,Cardiovascular,528,0.12,63.36,False,covid_wave,stable
2022-02-20,Amlodipine_5mg,Cardiovascular,545,0.12,65.4,False,covid_wave,stable
2022-02-21,Amlodipine_5mg,Cardiovascular,671,0.12,80.52,False,covid_wave,stable
2022-02-22,Amlodipine_5mg,Cardiovascular,677,0.12,81.24,False,covid_wave,stable
2022-02-23,Amlodipine_5mg,Cardiovascular,727,0.12,87.24,False,covid_wave,stable
2022-02-24,Amlodipine_5mg,Cardiovascular,671,0.12,80.52,False,covid_wave,stable
2022-02-25,Amlodipine_5mg,Cardiovascular,623,0.12,74.76,False,covid_wave,stable
2022-02-26,Amlodipine_5mg,Cardiovascular,562,0.12,67.44,False,covid_wave,stable
2022-02-27,Amlodipine_5mg,Cardiovascular,468,0.12,56.16,False,covid_wave,stable
2022-02-28,Amlodipine_5mg,Cardiovascular,600,0.12,72.0,False,covid_wave,stable
2022-03-01,Amlodipine_5mg,Cardiovascular,675,0.12,81.0,False,covid_wave,stable
2022-03-02,Amlodipine_5mg,Cardiovascular,685,0.12,82.2,False,covid_wave,stable
2022-03-03,Amlodipine_5mg,Cardiovascular,592,0.12,71.04,False,covid_wave,stable
2022-03-04,Amlodipine_5mg,Cardiovascular,637,0.12,76.44,False,covid_wave,stable
2022-03-05,Amlodipine_5mg,Cardiovascular,500,0.12,60.0,False,covid_wave,stable
2022-03-06,Amlodipine_5mg,Cardiovascular,505,0.12,60.6,False,covid_wave,stable
2022-03-07,Amlodipine_5mg,Cardiovascular,708,0.12,84.96,False,covid_wave,stable
2022-03-08,Amlodipine_5mg,Cardiovascular,695,0.12,83.4,False,covid_wave,stable
2022-03-09,Amlodipine_5mg,Cardiovascular,657,0.12,78.84,False,covid_wave,stable
2022-03-10,Amlodipine_5mg,Cardiovascular,629,0.12,75.48,False,covid_wave,stable
2022-03-11,Amlodipine_5mg,Cardiovascular,587,0.12,70.44,False,covid_wave,stable
2022-03-12,Amlodipine_5mg,Cardiovascular,586,0.12,70.32,False,covid_wave,stable
2022-03-13,Amlodipine_5mg,Cardiovascular,552,0.12,66.24,False,covid_wave,stable
2022-03-14,Amlodipine_5mg,Cardiovascular,621,0.12,74.52,False,covid_wave,stable
2022-03-15,Amlodipine_5mg,Cardiovascular,696,0.12,83.52,False,covid_wave,stable
2022-03-16,Amlodipine_5mg,Cardiovascular,655,0.12,78.6,False,covid_wave,stable
2022-03-17,Amlodipine_5mg,Cardiovascular,644,0.12,77.28,False,covid_wave,stable
2022-03-18,Amlodipine_5mg,Cardiovascular,682,0.12,81.84,False,covid_wave,stable
2022-03-19,Amlodipine_5mg,Cardiovascular,496,0.12,59.52,False,covid_wave,stable
2022-03-20,Amlodipine_5mg,Cardiovascular,512,0.12,61.44,False,covid_wave,stable
2022-03-21,Amlodipine_5mg,Cardiovascular,665,0.12,79.8,False,covid_wave,stable
2022-03-22,Amlodipine_5mg,Cardiovascular,633,0.12,75.96,False,covid_wave,stable
2022-03-23,Amlodipine_5mg,Cardiovascular,695,0.12,83.4,False,covid_wave,stable
2022-03-24,Amlodipine_5mg,Cardiovascular,758,0.12,90.96,False,covid_wave,stable
2022-03-25,Amlodipine_5mg,Cardiovascular,620,0.12,74.4,False,covid_wave,stable
2022-03-26,Amlodipine_5mg,Cardiovascular,457,0.12,54.84,False,covid_wave,stable
2022-03-27,Amlodipine_5mg,Cardiovascular,443,0.12,53.16,False,covid_wave,stable
2022-03-28,Amlodipine_5mg,Cardiovascular,652,0.12,78.24,False,covid_wave,stable
2022-03-29,Amlodipine_5mg,Cardiovascular,625,0.12,75.0,False,covid_wave,stable
2022-03-30,Amlodipine_5mg,Cardiovascular,671,0.12,80.52,False,covid_wave,stable
2022-03-31,Amlodipine_5mg,Cardiovascular,667,0.12,80.04,False,covid_wave,stable
2022-04-01,Amlodipine_5mg,Cardiovascular,397,0.12,47.64,False,none,stable
2022-04-02,Amlodipine_5mg,Cardiovascular,311,0.12,37.32,False,none,stable
2022-04-03,Amlodipine_5mg,Cardiovascular,372,0.12,44.64,False,none,stable
2022-04-04,Amlodipine_5mg,Cardiovascular,460,0.12,55.2,False,none,stable
2022-04-05,Amlodipine_5mg,Cardiovascular,440,0.12,52.8,False,none,stable
2022-04-06,Amlodipine_5mg,Cardiovascular,395,0.12,47.4,False,none,stable
2022-04-07,Amlodipine_5mg,Cardiovascular,473,0.12,56.76,False,none,stable
2022-04-08,Amlodipine_5mg,Cardiovascular,502,0.12,60.24,False,none,stable
2022-04-09,Amlodipine_5mg,Cardiovascular,372,0.12,44.64,False,none,stable
2022-04-10,Amlodipine_5mg,Cardiovascular,340,0.12,40.8,False,none,stable
2022-04-11,Amlodipine_5mg,Cardiovascular,457,0.12,54.84,False,none,stable
2022-04-12,Amlodipine_5mg,Cardiovascular,406,0.12,48.72,False,none,stable
2022-04-13,Amlodipine_5mg,Cardiovascular,494,0.12,59.28,False,none,stable
2022-04-14,Amlodipine_5mg,Cardiovascular,459,0.12,55.08,False,none,stable
2022-04-15,Amlodipine_5mg,Cardiovascular,391,0.12,46.92,False,none,stable
2022-04-16,Amlodipine_5mg,Cardiovascular,356,0.12,42.72,False,none,stable
2022-04-17,Amlodipine_5mg,Cardiovascular,378,0.12,45.36,False,none,stable
2022-04-18,Amlodipine_5mg,Cardiovascular,444,0.12,53.28,False,none,stable
2022-04-19,Amlodipine_5mg,Cardiovascular,446,0.12,53.52,False,none,stable
2022-04-20,Amlodipine_5mg,Cardiovascular,411,0.12,49.32,False,none,stable
2022-04-21,Amlodipine_5mg,Cardiovascular,477,0.12,57.24,False,none,stable
2022-04-22,Amlodipine_5mg,Cardiovascular,433,0.12,51.96,False,none,stable
2022-04-23,Amlodipine_5mg,Cardiovascular,302,0.12,36.24,False,none,stable
2022-04-24,Amlodipine_5mg,Cardiovascular,354,0.12,42.48,False,none,stable
2022-04-25,Amlodipine_5mg,Cardiovascular,492,0.12,59.04,False,none,stable
2022-04-26,Amlodipine_5mg,Cardiovascular,442,0.12,53.04,False,none,stable
2022-04-27,Amlodipine_5mg,Cardiovascular,520,0.12,62.4,False,none,stable
2022-04-28,Amlodipine_5mg,Cardiovascular,472,0.12,56.64,False,none,stable
2022-04-29,Amlodipine_5mg,Cardiovascular,469,0.12,56.28,False,none,stable
2022-04-30,Amlodipine_5mg,Cardiovascular,361,0.12,43.32,False,none,stable
2022-05-01,Amlodipine_5mg,Cardiovascular,363,0.12,43.56,False,none,stable
2022-05-02,Amlodipine_5mg,Cardiovascular,447,0.12,53.64,False,none,stable
2022-05-03,Amlodipine_5mg,Cardiovascular,446,0.12,53.52,False,none,stable
2022-05-04,Amlodipine_5mg,Cardiovascular,477,0.12,57.24,False,none,stable
2022-05-05,Amlodipine_5mg,Cardiovascular,423,0.12,50.76,False,none,stable
2022-05-06,Amlodipine_5mg,Cardiovascular,418,0.12,50.16,False,none,stable
2022-05-07,Amlodipine_5mg,Cardiovascular,332,0.12,39.84,False,none,stable
2022-05-08,Amlodipine_5mg,Cardiovascular,425,0.12,51.0,False,none,stable
2022-05-09,Amlodipine_5mg,Cardiovascular,477,0.12,57.24,False,none,stable
2022-05-10,Amlodipine_5mg,Cardiovascular,469,0.12,56.28,False,none,stable
2022-05-11,Amlodipine_5mg,Cardiovascular,419,0.12,50.28,False,none,stable
2022-05-12,Amlodipine_5mg,Cardiovascular,480,0.12,57.6,False,none,stable
2022-05-13,Amlodipine_5mg,Cardiovascular,453,0.12,54.36,False,none,stable
2022-05-14,Amlodipine_5mg,Cardiovascular,372,0.12,44.64,False,none,stable
2022-05-15,Amlodipine_5mg,Cardiovascular,337,0.12,40.44,False,none,stable
2022-05-16,Amlodipine_5mg,Cardiovascular,464,0.12,55.68,False,none,stable
2022-05-17,Amlodipine_5mg,Cardiovascular,442,0.12,53.04,False,none,stable
2022-05-18,Amlodipine_5mg,Cardiovascular,430,0.12,51.6,False,none,stable
2022-05-19,Amlodipine_5mg,Cardiovascular,485,0.12,58.2,False,none,stable
2022-05-20,Amlodipine_5mg,Cardiovascular,402,0.12,48.24,False,none,stable
2022-05-21,Amlodipine_5mg,Cardiovascular,383,0.12,45.96,False,none,stable
2022-05-22,Amlodipine_5mg,Cardiovascular,386,0.12,46.32,False,none,stable
2022-05-23,Amlodipine_5mg,Cardiovascular,426,0.12,51.12,False,none,stable
2022-05-24,Amlodipine_5mg,Cardiovascular,428,0.12,51.36,False,none,stable
2022-05-25,Amlodipine_5mg,Cardiovascular,450,0.12,54.0,False,none,stable
2022-05-26,Amlodipine_5mg,Cardiovascular,469,0.12,56.28,False,none,stable
2022-05-27,Amlodipine_5mg,Cardiovascular,453,0.12,54.36,False,none,stable
2022-05-28,Amlodipine_5mg,Cardiovascular,379,0.12,45.48,False,none,stable
2022-05-29,Amlodipine_5mg,Cardiovascular,418,0.12,50.16,False,none,stable
2022-05-30,Amlodipine_5mg,Cardiovascular,440,0.12,52.8,False,none,stable
2022-05-31,Amlodipine_5mg,Cardiovascular,396,0.12,47.52,False,none,stable
2022-06-01,Amlodipine_5mg,Cardiovascular,489,0.12,58.68,False,none,stable
2022-06-02,Amlodipine_5mg,Cardiovascular,521,0.12,62.52,False,none,stable
2022-06-03,Amlodipine_5mg,Cardiovascular,473,0.12,56.76,False,none,stable
2022-06-04,Amlodipine_5mg,Cardiovascular,335,0.12,40.2,False,none,stable
2022-06-05,Amlodipine_5mg,Cardiovascular,363,0.12,43.56,False,none,stable
2022-06-06,Amlodipine_5mg,Cardiovascular,418,0.12,50.16,False,none,stable
2022-06-07,Amlodipine_5mg,Cardiovascular,483,0.12,57.96,False,none,stable
2022-06-08,Amlodipine_5mg,Cardiovascular,410,0.12,49.2,False,none,stable
2022-06-09,Amlodipine_5mg,Cardiovascular,448,0.12,53.76,False,none,stable
2022-06-10,Amlodipine_5mg,Cardiovascular,422,0.12,50.64,False,none,stable
2022-06-11,Amlodipine_5mg,Cardiovascular,371,0.12,44.52,False,none,stable
2022-06-12,Amlodipine_5mg,Cardiovascular,356,0.12,42.72,False,none,stable
2022-06-13,Amlodipine_5mg,Cardiovascular,466,0.12,55.92,False,none,stable
2022-06-14,Amlodipine_5mg,Cardiovascular,460,0.12,55.2,False,none,stable
2022-06-15,Amlodipine_5mg,Cardiovascular,423,0.12,50.76,False,none,stable
2022-06-16,Amlodipine_5mg,Cardiovascular,483,0.12,57.96,False,none,stable
2022-06-17,Amlodipine_5mg,Cardiovascular,458,0.12,54.96,False,none,stable
2022-06-18,Amlodipine_5mg,Cardiovascular,338,0.12,40.56,False,none,stable
2022-06-19,Amlodipine_5mg,Cardiovascular,433,0.12,51.96,False,none,stable
2022-06-20,Amlodipine_5mg,Cardiovascular,478,0.12,57.36,False,none,stable
2022-06-21,Amlodipine_5mg,Cardiovascular,454,0.12,54.48,False,none,stable
2022-06-22,Amlodipine_5mg,Cardiovascular,512,0.12,61.44,False,none,stable
2022-06-23,Amlodipine_5mg,Cardiovascular,528,0.12,63.36,False,none,stable
2022-06-24,Amlodipine_5mg,Cardiovascular,455,0.12,54.6,False,none,stable
2022-06-25,Amlodipine_5mg,Cardiovascular,378,0.12,45.36,False,none,stable
2022-06-26,Amlodipine_5mg,Cardiovascular,339,0.12,40.68,False,none,stable
2022-06-27,Amlodipine_5mg,Cardiovascular,455,0.12,54.6,False,none,stable
2022-06-28,Amlodipine_5mg,Cardiovascular,453,0.12,54.36,False,none,stable
2022-06-29,Amlodipine_5mg,Cardiovascular,467,0.12,56.04,False,none,stable
2022-06-30,Amlodipine_5mg,Cardiovascular,473,0.12,56.76,False,none,stable
2022-07-01,Amlodipine_5mg,Cardiovascular,481,0.12,57.72,False,none,stable
2022-07-02,Amlodipine_5mg,Cardiovascular,375,0.12,45.0,False,none,stable
2022-07-03,Amlodipine_5mg,Cardiovascular,332,0.12,39.84,False,none,stable
2022-07-04,Amlodipine_5mg,Cardiovascular,426,0.12,51.12,False,none,stable
2022-07-05,Amlodipine_5mg,Cardiovascular,441,0.12,52.92,False,none,stable
2022-07-06,Amlodipine_5mg,Cardiovascular,451,0.12,54.12,False,none,stable
2022-07-07,Amlodipine_5mg,Cardiovascular,500,0.12,60.0,False,none,stable
2022-07-08,Amlodipine_5mg,Cardiovascular,418,0.12,50.16,False,none,stable
2022-07-09,Amlodipine_5mg,Cardiovascular,358,0.12,42.96,False,none,stable
2022-07-10,Amlodipine_5mg,Cardiovascular,396,0.12,47.52,False,none,stable
2022-07-11,Amlodipine_5mg,Cardiovascular,450,0.12,54.0,False,none,stable
2022-07-12,Amlodipine_5mg,Cardiovascular,478,0.12,57.36,False,none,stable
2022-07-13,Amlodipine_5mg,Cardiovascular,456,0.12,54.72,False,none,stable
2022-07-14,Amlodipine_5mg,Cardiovascular,471,0.12,56.52,False,none,stable
2022-07-15,Amlodipine_5mg,Cardiovascular,453,0.12,54.36,False,none,stable
2022-07-16,Amlodipine_5mg,Cardiovascular,388,0.12,46.56,False,none,stable
2022-07-17,Amlodipine_5mg,Cardiovascular,324,0.12,38.88,False,none,stable
2022-07-18,Amlodipine_5mg,Cardiovascular,448,0.12,53.76,False,none,stable
2022-07-19,Amlodipine_5mg,Cardiovascular,473,0.12,56.76,False,none,stable
2022-07-20,Amlodipine_5mg,Cardiovascular,482,0.12,57.84,False,none,stable
2022-07-21,Amlodipine_5mg,Cardiovascular,517,0.12,62.04,False,none,stable
2022-07-22,Amlodipine_5mg,Cardiovascular,447,0.12,53.64,False,none,stable
2022-07-23,Amlodipine_5mg,Cardiovascular,413,0.12,49.56,False,none,stable
2022-07-24,Amlodipine_5mg,Cardiovascular,350,0.12,42.0,False,none,stable
2022-07-25,Amlodipine_5mg,Cardiovascular,511,0.12,61.32,False,none,stable
2022-07-26,Amlodipine_5mg,Cardiovascular,492,0.12,59.04,False,none,stable
2022-07-27,Amlodipine_5mg,Cardiovascular,428,0.12,51.36,False,none,stable
2022-07-28,Amlodipine_5mg,Cardiovascular,474,0.12,56.88,False,none,stable
2022-07-29,Amlodipine_5mg,Cardiovascular,460,0.12,55.2,False,none,stable
2022-07-30,Amlodipine_5mg,Cardiovascular,388,0.12,46.56,False,none,stable
2022-07-31,Amlodipine_5mg,Cardiovascular,363,0.12,43.56,False,none,stable
2022-08-01,Amlodipine_5mg,Cardiovascular,451,0.12,54.12,False,none,stable
2022-08-02,Amlodipine_5mg,Cardiovascular,513,0.12,61.56,False,none,stable
2022-08-03,Amlodipine_5mg,Cardiovascular,459,0.12,55.08,False,none,stable
2022-08-04,Amlodipine_5mg,Cardiovascular,493,0.12,59.16,False,none,stable
2022-08-05,Amlodipine_5mg,Cardiovascular,454,0.12,54.48,False,none,stable
2022-08-06,Amlodipine_5mg,Cardiovascular,420,0.12,50.4,False,none,stable
2022-08-07,Amlodipine_5mg,Cardiovascular,350,0.12,42.0,False,none,stable
2022-08-08,Amlodipine_5mg,Cardiovascular,440,0.12,52.8,False,none,stable
2022-08-09,Amlodipine_5mg,Cardiovascular,520,0.12,62.4,False,none,stable
2022-08-10,Amlodipine_5mg,Cardiovascular,447,0.12,53.64,False,none,stable
2022-08-11,Amlodipine_5mg,Cardiovascular,523,0.12,62.76,False,none,stable
2022-08-12,Amlodipine_5mg,Cardiovascular,496,0.12,59.52,False,none,stable
2022-08-13,Amlodipine_5mg,Cardiovascular,366,0.12,43.92,False,none,stable
2022-08-14,Amlodipine_5mg,Cardiovascular,316,0.12,37.92,False,none,stable
2022-08-15,Amlodipine_5mg,Cardiovascular,463,0.12,55.56,False,none,stable
2022-08-16,Amlodipine_5mg,Cardiovascular,467,0.12,56.04,False,none,stable
2022-08-17,Amlodipine_5mg,Cardiovascular,507,0.12,60.84,False,none,stable
2022-08-18,Amlodipine_5mg,Cardiovascular,523,0.12,62.76,False,none,stable
2022-08-19,Amlodipine_5mg,Cardiovascular,438,0.12,52.56,False,none,stable
2022-08-20,Amlodipine_5mg,Cardiovascular,394,0.12,47.28,False,none,stable
2022-08-21,Amlodipine_5mg,Cardiovascular,393,0.12,47.16,False,none,stable
2022-08-22,Amlodipine_5mg,Cardiovascular,504,0.12,60.48,False,none,stable
2022-08-23,Amlodipine_5mg,Cardiovascular,482,0.12,57.84,False,none,stable
2022-08-24,Amlodipine_5mg,Cardiovascular,392,0.12,47.04,False,none,stable
2022-08-25,Amlodipine_5mg,Cardiovascular,458,0.12,54.96,False,none,stable
2022-08-26,Amlodipine_5mg,Cardiovascular,421,0.12,50.52,False,none,stable
2022-08-27,Amlodipine_5mg,Cardiovascular,365,0.12,43.8,False,none,stable
2022-08-28,Amlodipine_5mg,Cardiovascular,400,0.12,48.0,False,none,stable
2022-08-29,Amlodipine_5mg,Cardiovascular,476,0.12,57.12,False,none,stable
2022-08-30,Amlodipine_5mg,Cardiovascular,507,0.12,60.84,False,none,stable
2022-08-31,Amlodipine_5mg,Cardiovascular,477,0.12,57.24,False,none,stable
2022-09-01,Amlodipine_5mg,Cardiovascular,416,0.12,49.92,False,none,stable
2022-09-02,Amlodipine_5mg,Cardiovascular,371,0.12,44.52,False,none,stable
2022-09-03,Amlodipine_5mg,Cardiovascular,376,0.12,45.12,False,none,stable
2022-09-04,Amlodipine_5mg,Cardiovascular,365,0.12,43.8,False,none,stable
2022-09-05,Amlodipine_5mg,Cardiovascular,428,0.12,51.36,False,none,stable
2022-09-06,Amlodipine_5mg,Cardiovascular,401,0.12,48.12,False,none,stable
2022-09-07,Amlodipine_5mg,Cardiovascular,437,0.12,52.44,False,none,stable
2022-09-08,Amlodipine_5mg,Cardiovascular,458,0.12,54.96,False,none,stable
2022-09-09,Amlodipine_5mg,Cardiovascular,490,0.12,58.8,False,none,stable
2022-09-10,Amlodipine_5mg,Cardiovascular,377,0.12,45.24,False,none,stable
2022-09-11,Amlodipine_5mg,Cardiovascular,420,0.12,50.4,False,none,stable
2022-09-12,Amlodipine_5mg,Cardiovascular,427,0.12,51.24,False,none,stable
2022-09-13,Amlodipine_5mg,Cardiovascular,498,0.12,59.76,False,none,stable
2022-09-14,Amlodipine_5mg,Cardiovascular,467,0.12,56.04,False,none,stable
2022-09-15,Amlodipine_5mg,Cardiovascular,491,0.12,58.92,False,none,stable
2022-09-16,Amlodipine_5mg,Cardiovascular,449,0.12,53.88,False,none,stable
2022-09-17,Amlodipine_5mg,Cardiovascular,404,0.12,48.48,False,none,stable
2022-09-18,Amlodipine_5mg,Cardiovascular,381,0.12,45.72,False,none,stable
2022-09-19,Amlodipine_5mg,Cardiovascular,440,0.12,52.8,False,none,stable
2022-09-20,Amlodipine_5mg,Cardiovascular,465,0.12,55.8,False,none,stable
2022-09-21,Amlodipine_5mg,Cardiovascular,457,0.12,54.84,False,none,stable
2022-09-22,Amlodipine_5mg,Cardiovascular,484,0.12,58.08,False,none,stable
2022-09-23,Amlodipine_5mg,Cardiovascular,422,0.12,50.64,False,none,stable
2022-09-24,Amlodipine_5mg,Cardiovascular,372,0.12,44.64,False,none,stable
2022-09-25,Amlodipine_5mg,Cardiovascular,384,0.12,46.08,False,none,stable
2022-09-26,Amlodipine_5mg,Cardiovascular,467,0.12,56.04,False,none,stable
2022-09-27,Amlodipine_5mg,Cardiovascular,516,0.12,61.92,False,none,stable
2022-09-28,Amlodipine_5mg,Cardiovascular,495,0.12,59.4,False,none,stable
2022-09-29,Amlodipine_5mg,Cardiovascular,466,0.12,55.92,False,none,stable
2022-09-30,Amlodipine_5mg,Cardiovascular,474,0.12,56.88,False,none,stable
2022-10-01,Amlodipine_5mg,Cardiovascular,381,0.12,45.72,False,none,stable
2022-10-02,Amlodipine_5mg,Cardiovascular,384,0.12,46.08,False,none,stable
2022-10-03,Amlodipine_5mg,Cardiovascular,398,0.12,47.76,False,none,stable
2022-10-04,Amlodipine_5mg,Cardiovascular,455,0.12,54.6,False,none,stable
2022-10-05,Amlodipine_5mg,Cardiovascular,411,0.12,49.32,False,none,stable
2022-10-06,Amlodipine_5mg,Cardiovascular,514,0.12,61.68,False,none,stable
2022-10-07,Amlodipine_5mg,Cardiovascular,464,0.12,55.68,False,none,stable
2022-10-08,Amlodipine_5mg,Cardiovascular,368,0.12,44.16,False,none,stable
2022-10-09,Amlodipine_5mg,Cardiovascular,400,0.12,48.0,False,none,stable
2022-10-10,Amlodipine_5mg,Cardiovascular,483,0.12,57.96,False,none,stable
2022-10-11,Amlodipine_5mg,Cardiovascular,425,0.12,51.0,False,none,stable
2022-10-12,Amlodipine_5mg,Cardiovascular,464,0.12,55.68,False,none,stable
2022-10-13,Amlodipine_5mg,Cardiovascular,455,0.12,54.6,False,none,stable
2022-10-14,Amlodipine_5mg,Cardiovascular,402,0.12,48.24,False,none,stable
2022-10-15,Amlodipine_5mg,Cardiovascular,352,0.12,42.24,False,none,stable
2022-10-16,Amlodipine_5mg,Cardiovascular,368,0.12,44.16,False,none,stable
2022-10-17,Amlodipine_5mg,Cardiovascular,463,0.12,55.56,False,none,stable
2022-10-18,Amlodipine_5mg,Cardiovascular,412,0.12,49.44,False,none,stable
2022-10-19,Amlodipine_5mg,Cardiovascular,511,0.12,61.32,False,none,stable
2022-10-20,Amlodipine_5mg,Cardiovascular,464,0.12,55.68,False,none,stable
2022-10-21,Amlodipine_5mg,Cardiovascular,469,0.12,56.28,False,none,stable
2022-10-22,Amlodipine_5mg,Cardiovascular,386,0.12,46.32,False,none,stable
2022-10-23,Amlodipine_5mg,Cardiovascular,350,0.12,42.0,False,none,stable
2022-10-24,Amlodipine_5mg,Cardiovascular,485,0.12,58.2,False,none,stable
2022-10-25,Amlodipine_5mg,Cardiovascular,454,0.12,54.48,False,none,stable
2022-10-26,Amlodipine_5mg,Cardiovascular,434,0.12,52.08,False,none,stable
2022-10-27,Amlodipine_5mg,Cardiovascular,489,0.12,58.68,False,none,stable
2022-10-28,Amlodipine_5mg,Cardiovascular,524,0.12,62.88,False,none,stable
2022-10-29,Amlodipine_5mg,Cardiovascular,396,0.12,47.52,False,none,stable
2022-10-30,Amlodipine_5mg,Cardiovascular,402,0.12,48.24,False,none,stable
2022-10-31,Amlodipine_5mg,Cardiovascular,449,0.12,53.88,False,none,stable
2022-11-01,Amlodipine_5mg,Cardiovascular,408,0.12,48.96,False,none,stable
2022-11-02,Amlodipine_5mg,Cardiovascular,524,0.12,62.88,False,none,stable
2022-11-03,Amlodipine_5mg,Cardiovascular,545,0.12,65.4,False,none,stable
2022-11-04,Amlodipine_5mg,Cardiovascular,526,0.12,63.12,False,none,stable
2022-11-05,Amlodipine_5mg,Cardiovascular,364,0.12,43.68,False,none,stable
2022-11-06,Amlodipine_5mg,Cardiovascular,340,0.12,40.8,False,none,stable
2022-11-07,Amlodipine_5mg,Cardiovascular,429,0.12,51.48,False,none,stable
2022-11-08,Amlodipine_5mg,Cardiovascular,405,0.12,48.6,False,none,stable
2022-11-09,Amlodipine_5mg,Cardiovascular,465,0.12,55.8,False,none,stable
2022-11-10,Amlodipine_5mg,Cardiovascular,529,0.12,63.48,False,none,stable
2022-11-11,Amlodipine_5mg,Cardiovascular,464,0.12,55.68,False,none,stable
2022-11-12,Amlodipine_5mg,Cardiovascular,384,0.12,46.08,False,none,stable
2022-11-13,Amlodipine_5mg,Cardiovascular,416,0.12,49.92,False,none,stable
2022-11-14,Amlodipine_5mg,Cardiovascular,454,0.12,54.48,False,none,stable
2022-11-15,Amlodipine_5mg,Cardiovascular,546,0.12,65.52,False,none,stable
2022-11-16,Amlodipine_5mg,Cardiovascular,544,0.12,65.28,False,none,stable
2022-11-17,Amlodipine_5mg,Cardiovascular,464,0.12,55.68,False,none,stable
2022-11-18,Amlodipine_5mg,Cardiovascular,448,0.12,53.76,False,none,stable
2022-11-19,Amlodipine_5mg,Cardiovascular,396,0.12,47.52,False,none,stable
2022-11-20,Amlodipine_5mg,Cardiovascular,364,0.12,43.68,False,none,stable
2022-11-21,Amlodipine_5mg,Cardiovascular,426,0.12,51.12,False,none,stable
2022-11-22,Amlodipine_5mg,Cardiovascular,518,0.12,62.16,False,none,stable
2022-11-23,Amlodipine_5mg,Cardiovascular,515,0.12,61.8,False,none,stable
2022-11-24,Amlodipine_5mg,Cardiovascular,476,0.12,57.12,False,none,stable
2022-11-25,Amlodipine_5mg,Cardiovascular,422,0.12,50.64,False,none,stable
2022-11-26,Amlodipine_5mg,Cardiovascular,339,0.12,40.68,False,none,stable
2022-11-27,Amlodipine_5mg,Cardiovascular,379,0.12,45.48,False,none,stable
2022-11-28,Amlodipine_5mg,Cardiovascular,451,0.12,54.12,False,none,stable
2022-11-29,Amlodipine_5mg,Cardiovascular,457,0.12,54.84,False,none,stable
2022-11-30,Amlodipine_5mg,Cardiovascular,508,0.12,60.96,False,none,stable
2022-12-01,Amlodipine_5mg,Cardiovascular,498,0.12,59.76,False,none,stable
2022-12-02,Amlodipine_5mg,Cardiovascular,522,0.12,62.64,False,none,stable
2022-12-03,Amlodipine_5mg,Cardiovascular,346,0.12,41.52,False,none,stable
2022-12-04,Amlodipine_5mg,Cardiovascular,365,0.12,43.8,False,none,stable
2022-12-05,Amlodipine_5mg,Cardiovascular,499,0.12,59.88,False,none,stable
2022-12-06,Amlodipine_5mg,Cardiovascular,487,0.12,58.44,False,none,stable
2022-12-07,Amlodipine_5mg,Cardiovascular,528,0.12,63.36,False,none,stable
2022-12-08,Amlodipine_5mg,Cardiovascular,486,0.12,58.32,False,none,stable
2022-12-09,Amlodipine_5mg,Cardiovascular,540,0.12,64.8,False,none,stable
2022-12-10,Amlodipine_5mg,Cardiovascular,392,0.12,47.04,False,none,stable
2022-12-11,Amlodipine_5mg,Cardiovascular,408,0.12,48.96,False,none,stable
2022-12-12,Amlodipine_5mg,Cardiovascular,459,0.12,55.08,False,none,stable
2022-12-13,Amlodipine_5mg,Cardiovascular,471,0.12,56.52,False,none,stable
2022-12-14,Amlodipine_5mg,Cardiovascular,505,0.12,60.6,False,none,stable
2022-12-15,Amlodipine_5mg,Cardiovascular,532,0.12,63.84,False,none,stable
2022-12-16,Amlodipine_5mg,Cardiovascular,499,0.12,59.88,False,none,stable
2022-12-17,Amlodipine_5mg,Cardiovascular,374,0.12,44.88,False,none,stable
2022-12-18,Amlodipine_5mg,Cardiovascular,418,0.12,50.16,False,none,stable
2022-12-19,Amlodipine_5mg,Cardiovascular,388,0.12,46.56,False,none,stable
2022-12-20,Amlodipine_5mg,Cardiovascular,418,0.12,50.16,False,none,stable
2022-12-21,Amlodipine_5mg,Cardiovascular,497,0.12,59.64,False,none,stable
2022-12-22,Amlodipine_5mg,Cardiovascular,472,0.12,56.64,False,none,stable
2022-12-23,Amlodipine_5mg,Cardiovascular,494,0.12,59.28,False,none,stable
2022-12-24,Amlodipine_5mg,Cardiovascular,379,0.12,45.48,False,none,stable
2022-12-25,Amlodipine_5mg,Cardiovascular,394,0.12,47.28,False,none,stable
2022-12-26,Amlodipine_5mg,Cardiovascular,441,0.12,52.92,False,none,stable
2022-12-27,Amlodipine_5mg,Cardiovascular,493,0.12,59.16,False,none,stable
2022-12-28,Amlodipine_5mg,Cardiovascular,509,0.12,61.08,False,none,stable
2022-12-29,Amlodipine_5mg,Cardiovascular,518,0.12,62.16,False,none,stable
2022-12-30,Amlodipine_5mg,Cardiovascular,548,0.12,65.76,False,none,stable
2022-12-31,Amlodipine_5mg,Cardiovascular,384,0.12,46.08,False,none,stable
2023-01-01,Amlodipine_5mg,Cardiovascular,385,0.12,46.2,False,none,stable
2023-01-02,Amlodipine_5mg,Cardiovascular,414,0.12,49.68,False,none,stable
2023-01-03,Amlodipine_5mg,Cardiovascular,452,0.12,54.24,False,none,stable
2023-01-04,Amlodipine_5mg,Cardiovascular,465,0.12,55.8,False,none,stable
2023-01-05,Amlodipine_5mg,Cardiovascular,512,0.12,61.44,False,none,stable
2023-01-06,Amlodipine_5mg,Cardiovascular,449,0.12,53.88,False,none,stable
2023-01-07,Amlodipine_5mg,Cardiovascular,401,0.12,48.12,False,none,stable
2023-01-08,Amlodipine_5mg,Cardiovascular,377,0.12,45.24,False,none,stable
2023-01-09,Amlodipine_5mg,Cardiovascular,466,0.12,55.92,False,none,stable
2023-01-10,Amlodipine_5mg,Cardiovascular,482,0.12,57.84,False,none,stable
2023-01-11,Amlodipine_5mg,Cardiovascular,458,0.12,54.96,False,none,stable
2023-01-12,Amlodipine_5mg,Cardiovascular,456,0.12,54.72,False,none,stable
2023-01-13,Amlodipine_5mg,Cardiovascular,408,0.12,48.96,False,none,stable
2023-01-14,Amlodipine_5mg,Cardiovascular,370,0.12,44.4,False,none,stable
2023-01-15,Amlodipine_5mg,Cardiovascular,364,0.12,43.68,False,none,stable
2023-01-16,Amlodipine_5mg,Cardiovascular,453,0.12,54.36,False,none,stable
2023-01-17,Amlodipine_5mg,Cardiovascular,489,0.12,58.68,False,none,stable
2023-01-18,Amlodipine_5mg,Cardiovascular,498,0.12,59.76,False,none,stable
2023-01-19,Amlodipine_5mg,Cardiovascular,482,0.12,57.84,False,none,stable
2023-01-20,Amlodipine_5mg,Cardiovascular,511,0.12,61.32,False,none,stable
2023-01-21,Amlodipine_5mg,Cardiovascular,396,0.12,47.52,False,none,stable
2023-01-22,Amlodipine_5mg,Cardiovascular,369,0.12,44.28,False,none,stable
2023-01-23,Amlodipine_5mg,Cardiovascular,456,0.12,54.72,False,none,stable
2023-01-24,Amlodipine_5mg,Cardiovascular,485,0.12,58.2,False,none,stable
2023-01-25,Amlodipine_5mg,Cardiovascular,495,0.12,59.4,False,none,stable
2023-01-26,Amlodipine_5mg,Cardiovascular,527,0.12,63.24,False,none,stable
2023-01-27,Amlodipine_5mg,Cardiovascular,519,0.12,62.28,False,none,stable
2023-01-28,Amlodipine_5mg,Cardiovascular,362,0.12,43.44,False,none,stable
2023-01-29,Amlodipine_5mg,Cardiovascular,376,0.12,45.12,False,none,stable
2023-01-30,Amlodipine_5mg,Cardiovascular,499,0.12,59.88,False,none,stable
2023-01-31,Amlodipine_5mg,Cardiovascular,514,0.12,61.68,False,none,stable
2023-02-01,Amlodipine_5mg,Cardiovascular,510,0.12,61.2,False,none,stable
2023-02-02,Amlodipine_5mg,Cardiovascular,472,0.12,56.64,False,none,stable
2023-02-03,Amlodipine_5mg,Cardiovascular,426,0.12,51.12,False,none,stable
2023-02-04,Amlodipine_5mg,Cardiovascular,348,0.12,41.76,False,none,stable
2023-02-05,Amlodipine_5mg,Cardiovascular,388,0.12,46.56,False,none,stable
2023-02-06,Amlodipine_5mg,Cardiovascular,487,0.12,58.44,False,none,stable
2023-02-07,Amlodipine_5mg,Cardiovascular,433,0.12,51.96,False,none,stable
2023-02-08,Amlodipine_5mg,Cardiovascular,476,0.12,57.12,False,none,stable
2023-02-09,Amlodipine_5mg,Cardiovascular,498,0.12,59.76,False,none,stable
2023-02-10,Amlodipine_5mg,Cardiovascular,431,0.12,51.72,False,none,stable
2023-02-11,Amlodipine_5mg,Cardiovascular,413,0.12,49.56,False,none,stable
2023-02-12,Amlodipine_5mg,Cardiovascular,368,0.12,44.16,False,none,stable
2023-02-13,Amlodipine_5mg,Cardiovascular,522,0.12,62.64,False,none,stable
2023-02-14,Amlodipine_5mg,Cardiovascular,454,0.12,54.48,False,none,stable
2023-02-15,Amlodipine_5mg,Cardiovascular,436,0.12,52.32,False,none,stable
2023-02-16,Amlodipine_5mg,Cardiovascular,457,0.12,54.84,False,none,stable
2023-02-17,Amlodipine_5mg,Cardiovascular,471,0.12,56.52,False,none,stable
2023-02-18,Amlodipine_5mg,Cardiovascular,368,0.12,44.16,False,none,stable
2023-02-19,Amlodipine_5mg,Cardiovascular,373,0.12,44.76,False,none,stable
2023-02-20,Amlodipine_5mg,Cardiovascular,488,0.12,58.56,False,none,stable
2023-02-21,Amlodipine_5mg,Cardiovascular,469,0.12,56.28,False,none,stable
2023-02-22,Amlodipine_5mg,Cardiovascular,473,0.12,56.76,False,none,stable
2023-02-23,Amlodipine_5mg,Cardiovascular,410,0.12,49.2,False,none,stable
2023-02-24,Amlodipine_5mg,Cardiovascular,490,0.12,58.8,False,none,stable
2023-02-25,Amlodipine_5mg,Cardiovascular,377,0.12,45.24,False,none,stable
2023-02-26,Amlodipine_5mg,Cardiovascular,429,0.12,51.48,False,none,stable
2023-02-27,Amlodipine_5mg,Cardiovascular,440,0.12,52.8,False,none,stable
2023-02-28,Amlodipine_5mg,Cardiovascular,407,0.12,48.84,False,none,stable
2023-03-01,Amlodipine_5mg,Cardiovascular,499,0.12,59.88,False,none,stable
2023-03-02,Amlodipine_5mg,Cardiovascular,489,0.12,58.68,False,none,stable
2023-03-03,Amlodipine_5mg,Cardiovascular,437,0.12,52.44,False,none,stable
2023-03-04,Amlodipine_5mg,Cardiovascular,334,0.12,40.08,False,none,stable
2023-03-05,Amlodipine_5mg,Cardiovascular,427,0.12,51.24,False,none,stable
2023-03-06,Amlodipine_5mg,Cardiovascular,530,0.12,63.6,False,none,stable
2023-03-07,Amlodipine_5mg,Cardiovascular,381,0.12,45.72,False,none,stable
2023-03-08,Amlodipine_5mg,Cardiovascular,459,0.12,55.08,False,none,stable
2023-03-09,Amlodipine_5mg,Cardiovascular,540,0.12,64.8,False,none,stable
2023-03-10,Amlodipine_5mg,Cardiovascular,458,0.12,54.96,False,none,stable
2023-03-11,Amlodipine_5mg,Cardiovascular,366,0.12,43.92,False,none,stable
2023-03-12,Amlodipine_5mg,Cardiovascular,372,0.12,44.64,False,none,stable
2023-03-13,Amlodipine_5mg,Cardiovascular,434,0.12,52.08,False,none,stable
2023-03-14,Amlodipine_5mg,Cardiovascular,411,0.12,49.32,False,none,stable
2023-03-15,Amlodipine_5mg,Cardiovascular,517,0.12,62.04,False,none,stable
2023-03-16,Amlodipine_5mg,Cardiovascular,406,0.12,48.72,False,none,stable
2023-03-17,Amlodipine_5mg,Cardiovascular,486,0.12,58.32,False,none,stable
2023-03-18,Amlodipine_5mg,Cardiovascular,408,0.12,48.96,False,none,stable
2023-03-19,Amlodipine_5mg,Cardiovascular,336,0.12,40.32,False,none,stable
2023-03-20,Amlodipine_5mg,Cardiovascular,442,0.12,53.04,False,none,stable
2023-03-21,Amlodipine_5mg,Cardiovascular,523,0.12,62.76,False,none,stable
2023-03-22,Amlodipine_5mg,Cardiovascular,497,0.12,59.64,False,none,stable
2023-03-23,Amlodipine_5mg,Cardiovascular,453,0.12,54.36,False,none,stable
2023-03-24,Amlodipine_5mg,Cardiovascular,523,0.12,62.76,False,none,stable
2023-03-25,Amlodipine_5mg,Cardiovascular,418,0.12,50.16,False,none,stable
2023-03-26,Amlodipine_5mg,Cardiovascular,389,0.12,46.68,False,none,stable
2023-03-27,Amlodipine_5mg,Cardiovascular,443,0.12,53.16,False,none,stable
2023-03-28,Amlodipine_5mg,Cardiovascular,461,0.12,55.32,False,none,stable
2023-03-29,Amlodipine_5mg,Cardiovascular,488,0.12,58.56,False,none,stable
2023-03-30,Amlodipine_5mg,Cardiovascular,470,0.12,56.4,False,none,stable
2023-03-31,Amlodipine_5mg,Cardiovascular,513,0.12,61.56,False,none,stable
2023-04-01,Amlodipine_5mg,Cardiovascular,335,0.12,40.2,False,none,stable
2023-04-02,Amlodipine_5mg,Cardiovascular,336,0.12,40.32,False,none,stable
2023-04-03,Amlodipine_5mg,Cardiovascular,485,0.12,58.2,False,none,stable
2023-04-04,Amlodipine_5mg,Cardiovascular,459,0.12,55.08,False,none,stable
2023-04-05,Amlodipine_5mg,Cardiovascular,454,0.12,54.48,False,none,stable
2023-04-06,Amlodipine_5mg,Cardiovascular,410,0.12,49.2,False,none,stable
2023-04-07,Amlodipine_5mg,Cardiovascular,479,0.12,57.48,False,none,stable
2023-04-08,Amlodipine_5mg,Cardiovascular,380,0.12,45.6,False,none,stable
2023-04-09,Amlodipine_5mg,Cardiovascular,402,0.12,48.24,False,none,stable
2023-04-10,Amlodipine_5mg,Cardiovascular,481,0.12,57.72,False,none,stable
2023-04-11,Amlodipine_5mg,Cardiovascular,473,0.12,56.76,False,none,stable
2023-04-12,Amlodipine_5mg,Cardiovascular,523,0.12,62.76,False,none,stable
2023-04-13,Amlodipine_5mg,Cardiovascular,428,0.12,51.36,False,none,stable
2023-04-14,Amlodipine_5mg,Cardiovascular,499,0.12,59.88,False,none,stable
2023-04-15,Amlodipine_5mg,Cardiovascular,331,0.12,39.72,False,none,stable
2023-04-16,Amlodipine_5mg,Cardiovascular,356,0.12,42.72,False,none,stable
2023-04-17,Amlodipine_5mg,Cardiovascular,432,0.12,51.84,False,none,stable
2023-04-18,Amlodipine_5mg,Cardiovascular,509,0.12,61.08,False,none,stable
2023-04-19,Amlodipine_5mg,Cardiovascular,476,0.12,57.12,False,none,stable
2023-04-20,Amlodipine_5mg,Cardiovascular,478,0.12,57.36,False,none,stable
2023-04-21,Amlodipine_5mg,Cardiovascular,436,0.12,52.32,False,none,stable
2023-04-22,Amlodipine_5mg,Cardiovascular,373,0.12,44.76,False,none,stable
2023-04-23,Amlodipine_5mg,Cardiovascular,360,0.12,43.2,False,none,stable
2023-04-24,Amlodipine_5mg,Cardiovascular,494,0.12,59.28,False,none,stable
2023-04-25,Amlodipine_5mg,Cardiovascular,441,0.12,52.92,False,none,stable
2023-04-26,Amlodipine_5mg,Cardiovascular,530,0.12,63.6,False,none,stable
2023-04-27,Amlodipine_5mg,Cardiovascular,415,0.12,49.8,False,none,stable
2023-04-28,Amlodipine_5mg,Cardiovascular,448,0.12,53.76,False,none,stable
2023-04-29,Amlodipine_5mg,Cardiovascular,435,0.12,52.2,False,none,stable
2023-04-30,Amlodipine_5mg,Cardiovascular,370,0.12,44.4,False,none,stable
2023-05-01,Amlodipine_5mg,Cardiovascular,429,0.12,51.48,False,none,stable
2023-05-02,Amlodipine_5mg,Cardiovascular,488,0.12,58.56,False,none,stable
2023-05-03,Amlodipine_5mg,Cardiovascular,461,0.12,55.32,False,none,stable
2023-05-04,Amlodipine_5mg,Cardiovascular,447,0.12,53.64,False,none,stable
2023-05-05,Amlodipine_5mg,Cardiovascular,438,0.12,52.56,False,none,stable
2023-05-06,Amlodipine_5mg,Cardiovascular,468,0.12,56.16,False,none,stable
2023-05-07,Amlodipine_5mg,Cardiovascular,376,0.12,45.12,False,none,stable
2023-05-08,Amlodipine_5mg,Cardiovascular,406,0.12,48.72,False,none,stable
2023-05-09,Amlodipine_5mg,Cardiovascular,537,0.12,64.44,False,none,stable
2023-05-10,Amlodipine_5mg,Cardiovascular,503,0.12,60.36,False,none,stable
2023-05-11,Amlodipine_5mg,Cardiovascular,451,0.12,54.12,False,none,stable
2023-05-12,Amlodipine_5mg,Cardiovascular,444,0.12,53.28,False,none,stable
2023-05-13,Amlodipine_5mg,Cardiovascular,404,0.12,48.48,False,none,stable
2023-05-14,Amlodipine_5mg,Cardiovascular,376,0.12,45.12,False,none,stable
2023-05-15,Amlodipine_5mg,Cardiovascular,406,0.12,48.72,False,none,stable
2023-05-16,Amlodipine_5mg,Cardiovascular,549,0.12,65.88,False,none,stable
2023-05-17,Amlodipine_5mg,Cardiovascular,464,0.12,55.68,False,none,stable
2023-05-18,Amlodipine_5mg,Cardiovascular,538,0.12,64.56,False,none,stable
2023-05-19,Amlodipine_5mg,Cardiovascular,530,0.12,63.6,False,none,stable
2023-05-20,Amlodipine_5mg,Cardiovascular,353,0.12,42.36,False,none,stable
2023-05-21,Amlodipine_5mg,Cardiovascular,416,0.12,49.92,False,none,stable
2023-05-22,Amlodipine_5mg,Cardiovascular,456,0.12,54.72,False,none,stable
2023-05-23,Amlodipine_5mg,Cardiovascular,409,0.12,49.08,False,none,stable
2023-05-24,Amlodipine_5mg,Cardiovascular,464,0.12,55.68,False,none,stable
2023-05-25,Amlodipine_5mg,Cardiovascular,496,0.12,59.52,False,none,stable
2023-05-26,Amlodipine_5mg,Cardiovascular,463,0.12,55.56,False,none,stable
2023-05-27,Amlodipine_5mg,Cardiovascular,375,0.12,45.0,False,none,stable
2023-05-28,Amlodipine_5mg,Cardiovascular,420,0.12,50.4,False,none,stable
2023-05-29,Amlodipine_5mg,Cardiovascular,485,0.12,58.2,False,none,stable
2023-05-30,Amlodipine_5mg,Cardiovascular,449,0.12,53.88,False,none,stable
2023-05-31,Amlodipine_5mg,Cardiovascular,508,0.12,60.96,False,none,stable
2023-06-01,Amlodipine_5mg,Cardiovascular,489,0.12,58.68,False,none,stable
2023-06-02,Amlodipine_5mg,Cardiovascular,384,0.12,46.08,False,none,stable
2023-06-03,Amlodipine_5mg,Cardiovascular,398,0.12,47.76,False,none,stable
2023-06-04,Amlodipine_5mg,Cardiovascular,397,0.12,47.64,False,none,stable
2023-06-05,Amlodipine_5mg,Cardiovascular,482,0.12,57.84,False,none,stable
2023-06-06,Amlodipine_5mg,Cardiovascular,516,0.12,61.92,False,none,stable
2023-06-07,Amlodipine_5mg,Cardiovascular,456,0.12,54.72,False,none,stable
2023-06-08,Amlodipine_5mg,Cardiovascular,495,0.12,59.4,False,none,stable
2023-06-09,Amlodipine_5mg,Cardiovascular,421,0.12,50.52,False,none,stable
2023-06-10,Amlodipine_5mg,Cardiovascular,398,0.12,47.76,False,none,stable
2023-06-11,Amlodipine_5mg,Cardiovascular,445,0.12,53.4,False,none,stable
2023-06-12,Amlodipine_5mg,Cardiovascular,444,0.12,53.28,False,none,stable
2023-06-13,Amlodipine_5mg,Cardiovascular,453,0.12,54.36,False,none,stable
2023-06-14,Amlodipine_5mg,Cardiovascular,455,0.12,54.6,False,none,stable
2023-06-15,Amlodipine_5mg,Cardiovascular,487,0.12,58.44,False,none,stable
2023-06-16,Amlodipine_5mg,Cardiovascular,441,0.12,52.92,False,none,stable
2023-06-17,Amlodipine_5mg,Cardiovascular,399,0.12,47.88,False,none,stable
2023-06-18,Amlodipine_5mg,Cardiovascular,412,0.12,49.44,False,none,stable
2023-06-19,Amlodipine_5mg,Cardiovascular,503,0.12,60.36,False,none,stable
2023-06-20,Amlodipine_5mg,Cardiovascular,414,0.12,49.68,False,none,stable
2023-06-21,Amlodipine_5mg,Cardiovascular,521,0.12,62.52,False,none,stable
2023-06-22,Amlodipine_5mg,Cardiovascular,519,0.12,62.28,False,none,stable
2023-06-23,Amlodipine_5mg,Cardiovascular,515,0.12,61.8,False,none,stable
2023-06-24,Amlodipine_5mg,Cardiovascular,397,0.12,47.64,False,none,stable
2023-06-25,Amlodipine_5mg,Cardiovascular,392,0.12,47.04,False,none,stable
2023-06-26,Amlodipine_5mg,Cardiovascular,523,0.12,62.76,False,none,stable
2023-06-27,Amlodipine_5mg,Cardiovascular,557,0.12,66.84,False,none,stable
2023-06-28,Amlodipine_5mg,Cardiovascular,446,0.12,53.52,False,none,stable
2023-06-29,Amlodipine_5mg,Cardiovascular,525,0.12,63.0,False,none,stable
2023-06-30,Amlodipine_5mg,Cardiovascular,480,0.12,57.6,False,none,stable
2023-07-01,Amlodipine_5mg,Cardiovascular,382,0.12,45.84,False,none,stable
2023-07-02,Amlodipine_5mg,Cardiovascular,339,0.12,40.68,False,none,stable
2023-07-03,Amlodipine_5mg,Cardiovascular,472,0.12,56.64,False,none,stable
2023-07-04,Amlodipine_5mg,Cardiovascular,445,0.12,53.4,False,none,stable
2023-07-05,Amlodipine_5mg,Cardiovascular,465,0.12,55.8,False,none,stable
2023-07-06,Amlodipine_5mg,Cardiovascular,441,0.12,52.92,False,none,stable
2023-07-07,Amlodipine_5mg,Cardiovascular,466,0.12,55.92,False,none,stable
2023-07-08,Amlodipine_5mg,Cardiovascular,374,0.12,44.88,False,none,stable
2023-07-09,Amlodipine_5mg,Cardiovascular,389,0.12,46.68,False,none,stable
2023-07-10,Amlodipine_5mg,Cardiovascular,421,0.12,50.52,False,none,stable
2023-07-11,Amlodipine_5mg,Cardiovascular,428,0.12,51.36,False,none,stable
2023-07-12,Amlodipine_5mg,Cardiovascular,498,0.12,59.76,False,none,stable
2023-07-13,Amlodipine_5mg,Cardiovascular,453,0.12,54.36,False,none,stable
2023-07-14,Amlodipine_5mg,Cardiovascular,526,0.12,63.12,False,none,stable
2023-07-15,Amlodipine_5mg,Cardiovascular,394,0.12,47.28,False,none,stable
2023-07-16,Amlodipine_5mg,Cardiovascular,406,0.12,48.72,False,none,stable
2023-07-17,Amlodipine_5mg,Cardiovascular,539,0.12,64.68,False,none,stable
2023-07-18,Amlodipine_5mg,Cardiovascular,472,0.12,56.64,False,none,stable
2023-07-19,Amlodipine_5mg,Cardiovascular,462,0.12,55.44,False,none,stable
2023-07-20,Amlodipine_5mg,Cardiovascular,518,0.12,62.16,False,none,stable
2023-07-21,Amlodipine_5mg,Cardiovascular,504,0.12,60.48,False,none,stable
2023-07-22,Amlodipine_5mg,Cardiovascular,381,0.12,45.72,False,none,stable
2023-07-23,Amlodipine_5mg,Cardiovascular,431,0.12,51.72,False,none,stable
2023-07-24,Amlodipine_5mg,Cardiovascular,476,0.12,57.12,False,none,stable
2023-07-25,Amlodipine_5mg,Cardiovascular,486,0.12,58.32,False,none,stable
2023-07-26,Amlodipine_5mg,Cardiovascular,486,0.12,58.32,False,none,stable
2023-07-27,Amlodipine_5mg,Cardiovascular,448,0.12,53.76,False,none,stable
2023-07-28,Amlodipine_5mg,Cardiovascular,488,0.12,58.56,False,none,stable
2023-07-29,Amlodipine_5mg,Cardiovascular,431,0.12,51.72,False,none,stable
2023-07-30,Amlodipine_5mg,Cardiovascular,401,0.12,48.12,False,none,stable
2023-07-31,Amlodipine_5mg,Cardiovascular,486,0.12,58.32,False,none,stable
2023-08-01,Amlodipine_5mg,Cardiovascular,436,0.12,52.32,False,supply_shortage,stable
2023-08-02,Amlodipine_5mg,Cardiovascular,453,0.12,54.36,False,supply_shortage,stable
2023-08-03,Amlodipine_5mg,Cardiovascular,468,0.12,56.16,False,supply_shortage,stable
2023-08-04,Amlodipine_5mg,Cardiovascular,463,0.12,55.56,False,supply_shortage,stable
2023-08-05,Amlodipine_5mg,Cardiovascular,344,0.12,41.28,False,supply_shortage,stable
2023-08-06,Amlodipine_5mg,Cardiovascular,362,0.12,43.44,False,supply_shortage,stable
2023-08-07,Amlodipine_5mg,Cardiovascular,459,0.12,55.08,False,supply_shortage,stable
2023-08-08,Amlodipine_5mg,Cardiovascular,406,0.12,48.72,False,supply_shortage,stable
2023-08-09,Amlodipine_5mg,Cardiovascular,448,0.12,53.76,False,supply_shortage,stable
2023-08-10,Amlodipine_5mg,Cardiovascular,365,0.12,43.8,False,supply_shortage,stable
2023-08-11,Amlodipine_5mg,Cardiovascular,459,0.12,55.08,False,supply_shortage,stable
2023-08-12,Amlodipine_5mg,Cardiovascular,372,0.12,44.64,False,supply_shortage,stable
2023-08-13,Amlodipine_5mg,Cardiovascular,375,0.12,45.0,False,supply_shortage,stable
2023-08-14,Amlodipine_5mg,Cardiovascular,428,0.12,51.36,False,supply_shortage,stable
2023-08-15,Amlodipine_5mg,Cardiovascular,453,0.12,54.36,False,supply_shortage,stable
2023-08-16,Amlodipine_5mg,Cardiovascular,493,0.12,59.16,False,supply_shortage,stable
2023-08-17,Amlodipine_5mg,Cardiovascular,492,0.12,59.04,False,supply_shortage,stable
2023-08-18,Amlodipine_5mg,Cardiovascular,441,0.12,52.92,False,supply_shortage,stable
2023-08-19,Amlodipine_5mg,Cardiovascular,357,0.12,42.84,False,supply_shortage,stable
2023-08-20,Amlodipine_5mg,Cardiovascular,385,0.12,46.2,False,supply_shortage,stable
2023-08-21,Amlodipine_5mg,Cardiovascular,389,0.12,46.68,False,supply_shortage,stable
2023-08-22,Amlodipine_5mg,Cardiovascular,431,0.12,51.72,False,supply_shortage,stable
2023-08-23,Amlodipine_5mg,Cardiovascular,490,0.12,58.8,False,supply_shortage,stable
2023-08-24,Amlodipine_5mg,Cardiovascular,477,0.12,57.24,False,supply_shortage,stable
2023-08-25,Amlodipine_5mg,Cardiovascular,456,0.12,54.72,False,supply_shortage,stable
2023-08-26,Amlodipine_5mg,Cardiovascular,311,0.12,37.32,False,supply_shortage,stable
2023-08-27,Amlodipine_5mg,Cardiovascular,352,0.12,42.24,False,supply_shortage,stable
2023-08-28,Amlodipine_5mg,Cardiovascular,422,0.12,50.64,False,supply_shortage,stable
2023-08-29,Amlodipine_5mg,Cardiovascular,455,0.12,54.6,False,supply_shortage,stable
2023-08-30,Amlodipine_5mg,Cardiovascular,414,0.12,49.68,False,supply_shortage,stable
2023-08-31,Amlodipine_5mg,Cardiovascular,407,0.12,48.84,False,supply_shortage,stable
2023-09-01,Amlodipine_5mg,Cardiovascular,370,0.12,44.4,False,supply_shortage,stable
2023-09-02,Amlodipine_5mg,Cardiovascular,389,0.12,46.68,False,supply_shortage,stable
2023-09-03,Amlodipine_5mg,Cardiovascular,343,0.12,41.16,False,supply_shortage,stable
2023-09-04,Amlodipine_5mg,Cardiovascular,449,0.12,53.88,False,supply_shortage,stable
2023-09-05,Amlodipine_5mg,Cardiovascular,443,0.12,53.16,False,supply_shortage,stable
2023-09-06,Amlodipine_5mg,Cardiovascular,405,0.12,48.6,False,supply_shortage,stable
2023-09-07,Amlodipine_5mg,Cardiovascular,399,0.12,47.88,False,supply_shortage,stable
2023-09-08,Amlodipine_5mg,Cardiovascular,408,0.12,48.96,False,supply_shortage,stable
2023-09-09,Amlodipine_5mg,Cardiovascular,334,0.12,40.08,False,supply_shortage,stable
2023-09-10,Amlodipine_5mg,Cardiovascular,365,0.12,43.8,False,supply_shortage,stable
2023-09-11,Amlodipine_5mg,Cardiovascular,415,0.12,49.8,False,supply_shortage,stable
2023-09-12,Amlodipine_5mg,Cardiovascular,506,0.12,60.72,False,supply_shortage,stable
2023-09-13,Amlodipine_5mg,Cardiovascular,480,0.12,57.6,False,supply_shortage,stable
2023-09-14,Amlodipine_5mg,Cardiovascular,473,0.12,56.76,False,supply_shortage,stable
2023-09-15,Amlodipine_5mg,Cardiovascular,440,0.12,52.8,False,supply_shortage,stable
2023-09-16,Amlodipine_5mg,Cardiovascular,437,0.12,52.44,False,none,stable
2023-09-17,Amlodipine_5mg,Cardiovascular,383,0.12,45.96,False,none,stable
2023-09-18,Amlodipine_5mg,Cardiovascular,487,0.12,58.44,False,none,stable
2023-09-19,Amlodipine_5mg,Cardiovascular,495,0.12,59.4,False,none,stable
2023-09-20,Amlodipine_5mg,Cardiovascular,516,0.12,61.92,False,none,stable
2023-09-21,Amlodipine_5mg,Cardiovascular,513,0.12,61.56,False,none,stable
2023-09-22,Amlodipine_5mg,Cardiovascular,470,0.12,56.4,False,none,stable
2023-09-23,Amlodipine_5mg,Cardiovascular,373,0.12,44.76,False,none,stable
2023-09-24,Amlodipine_5mg,Cardiovascular,410,0.12,49.2,False,none,stable
2023-09-25,Amlodipine_5mg,Cardiovascular,516,0.12,61.92,False,none,stable
2023-09-26,Amlodipine_5mg,Cardiovascular,473,0.12,56.76,False,none,stable
2023-09-27,Amlodipine_5mg,Cardiovascular,426,0.12,51.12,False,none,stable
2023-09-28,Amlodipine_5mg,Cardiovascular,481,0.12,57.72,False,none,stable
2023-09-29,Amlodipine_5mg,Cardiovascular,513,0.12,61.56,False,none,stable
2023-09-30,Amlodipine_5mg,Cardiovascular,447,0.12,53.64,False,none,stable
2023-10-01,Amlodipine_5mg,Cardiovascular,353,0.12,42.36,False,none,stable
2023-10-02,Amlodipine_5mg,Cardiovascular,472,0.12,56.64,False,none,stable
2023-10-03,Amlodipine_5mg,Cardiovascular,474,0.12,56.88,False,none,stable
2023-10-04,Amlodipine_5mg,Cardiovascular,542,0.12,65.04,False,none,stable
2023-10-05,Amlodipine_5mg,Cardiovascular,488,0.12,58.56,False,none,stable
2023-10-06,Amlodipine_5mg,Cardiovascular,454,0.12,54.48,False,none,stable
2023-10-07,Amlodipine_5mg,Cardiovascular,408,0.12,48.96,False,none,stable
2023-10-08,Amlodipine_5mg,Cardiovascular,378,0.12,45.36,False,none,stable
2023-10-09,Amlodipine_5mg,Cardiovascular,441,0.12,52.92,False,none,stable
2023-10-10,Amlodipine_5mg,Cardiovascular,454,0.12,54.48,False,none,stable
2023-10-11,Amlodipine_5mg,Cardiovascular,557,0.12,66.84,False,none,stable
2023-10-12,Amlodipine_5mg,Cardiovascular,505,0.12,60.6,False,none,stable
2023-10-13,Amlodipine_5mg,Cardiovascular,494,0.12,59.28,False,none,stable
2023-10-14,Amlodipine_5mg,Cardiovascular,384,0.12,46.08,False,none,stable
2023-10-15,Amlodipine_5mg,Cardiovascular,400,0.12,48.0,False,none,stable
2023-10-16,Amlodipine_5mg,Cardiovascular,501,0.12,60.12,False,none,stable
2023-10-17,Amlodipine_5mg,Cardiovascular,501,0.12,60.12,False,none,stable
2023-10-18,Amlodipine_5mg,Cardiovascular,494,0.12,59.28,False,none,stable
2023-10-19,Amlodipine_5mg,Cardiovascular,524,0.12,62.88,False,none,stable
2023-10-20,Amlodipine_5mg,Cardiovascular,491,0.12,58.92,False,none,stable
2023-10-21,Amlodipine_5mg,Cardiovascular,361,0.12,43.32,False,none,stable
2023-10-22,Amlodipine_5mg,Cardiovascular,372,0.12,44.64,False,none,stable
2023-10-23,Amlodipine_5mg,Cardiovascular,412,0.12,49.44,False,none,stable
2023-10-24,Amlodipine_5mg,Cardiovascular,570,0.12,68.4,False,none,stable
2023-10-25,Amlodipine_5mg,Cardiovascular,524,0.12,62.88,False,none,stable
2023-10-26,Amlodipine_5mg,Cardiovascular,458,0.12,54.96,False,none,stable
2023-10-27,Amlodipine_5mg,Cardiovascular,479,0.12,57.48,False,none,stable
2023-10-28,Amlodipine_5mg,Cardiovascular,372,0.12,44.64,False,none,stable
2023-10-29,Amlodipine_5mg,Cardiovascular,440,0.12,52.8,False,none,stable
2023-10-30,Amlodipine_5mg,Cardiovascular,435,0.12,52.2,False,none,stable
2023-10-31,Amlodipine_5mg,Cardiovascular,495,0.12,59.4,False,none,stable
2023-11-01,Amlodipine_5mg,Cardiovascular,486,0.12,58.32,False,none,stable
2023-11-02,Amlodipine_5mg,Cardiovascular,523,0.12,62.76,False,none,stable
2023-11-03,Amlodipine_5mg,Cardiovascular,487,0.12,58.44,False,none,stable
2023-11-04,Amlodipine_5mg,Cardiovascular,337,0.12,40.44,False,none,stable
2023-11-05,Amlodipine_5mg,Cardiovascular,384,0.12,46.08,False,none,stable
2023-11-06,Amlodipine_5mg,Cardiovascular,453,0.12,54.36,False,none,stable
2023-11-07,Amlodipine_5mg,Cardiovascular,494,0.12,59.28,False,none,stable
2023-11-08,Amlodipine_5mg,Cardiovascular,548,0.12,65.76,False,none,stable
2023-11-09,Amlodipine_5mg,Cardiovascular,423,0.12,50.76,False,none,stable
2023-11-10,Amlodipine_5mg,Cardiovascular,460,0.12,55.2,False,none,stable
2023-11-11,Amlodipine_5mg,Cardiovascular,376,0.12,45.12,False,none,stable
2023-11-12,Amlodipine_5mg,Cardiovascular,380,0.12,45.6,False,none,stable
2023-11-13,Amlodipine_5mg,Cardiovascular,521,0.12,62.52,False,none,stable
2023-11-14,Amlodipine_5mg,Cardiovascular,485,0.12,58.2,False,none,stable
2023-11-15,Amlodipine_5mg,Cardiovascular,508,0.12,60.96,False,none,stable
2023-11-16,Amlodipine_5mg,Cardiovascular,467,0.12,56.04,False,none,stable
2023-11-17,Amlodipine_5mg,Cardiovascular,501,0.12,60.12,False,none,stable
2023-11-18,Amlodipine_5mg,Cardiovascular,417,0.12,50.04,False,none,stable
2023-11-19,Amlodipine_5mg,Cardiovascular,370,0.12,44.4,False,none,stable
2023-11-20,Amlodipine_5mg,Cardiovascular,523,0.12,62.76,False,none,stable
2023-11-21,Amlodipine_5mg,Cardiovascular,494,0.12,59.28,False,none,stable
2023-11-22,Amlodipine_5mg,Cardiovascular,533,0.12,63.96,False,none,stable
2023-11-23,Amlodipine_5mg,Cardiovascular,484,0.12,58.08,False,none,stable
2023-11-24,Amlodipine_5mg,Cardiovascular,507,0.12,60.84,False,none,stable
2023-11-25,Amlodipine_5mg,Cardiovascular,392,0.12,47.04,False,none,stable
2023-11-26,Amlodipine_5mg,Cardiovascular,390,0.12,46.8,False,none,stable
2023-11-27,Amlodipine_5mg,Cardiovascular,503,0.12,60.36,False,none,stable
2023-11-28,Amlodipine_5mg,Cardiovascular,514,0.12,61.68,False,none,stable
2023-11-29,Amlodipine_5mg,Cardiovascular,443,0.12,53.16,False,none,stable
2023-11-30,Amlodipine_5mg,Cardiovascular,549,0.12,65.88,False,none,stable
2023-12-01,Amlodipine_5mg,Cardiovascular,419,0.12,50.28,False,none,stable
2023-12-02,Amlodipine_5mg,Cardiovascular,372,0.12,44.64,False,none,stable
2023-12-03,Amlodipine_5mg,Cardiovascular,391,0.12,46.92,False,none,stable
2023-12-04,Amlodipine_5mg,Cardiovascular,509,0.12,61.08,False,none,stable
2023-12-05,Amlodipine_5mg,Cardiovascular,555,0.12,66.6,False,none,stable
2023-12-06,Amlodipine_5mg,Cardiovascular,420,0.12,50.4,False,none,stable
2023-12-07,Amlodipine_5mg,Cardiovascular,473,0.12,56.76,False,none,stable
2023-12-08,Amlodipine_5mg,Cardiovascular,409,0.12,49.08,False,none,stable
2023-12-09,Amlodipine_5mg,Cardiovascular,395,0.12,47.4,False,none,stable
2023-12-10,Amlodipine_5mg,Cardiovascular,403,0.12,48.36,False,none,stable
2023-12-11,Amlodipine_5mg,Cardiovascular,556,0.12,66.72,False,none,stable
2023-12-12,Amlodipine_5mg,Cardiovascular,498,0.12,59.76,False,none,stable
2023-12-13,Amlodipine_5mg,Cardiovascular,535,0.12,64.2,False,none,stable
2023-12-14,Amlodipine_5mg,Cardiovascular,516,0.12,61.92,False,none,stable
2023-12-15,Amlodipine_5mg,Cardiovascular,476,0.12,57.12,False,none,stable
2023-12-16,Amlodipine_5mg,Cardiovascular,350,0.12,42.0,False,none,stable
2023-12-17,Amlodipine_5mg,Cardiovascular,403,0.12,48.36,False,none,stable
2023-12-18,Amlodipine_5mg,Cardiovascular,435,0.12,52.2,False,none,stable
2023-12-19,Amlodipine_5mg,Cardiovascular,545,0.12,65.4,False,none,stable
2023-12-20,Amlodipine_5mg,Cardiovascular,487,0.12,58.44,False,none,stable
2023-12-21,Amlodipine_5mg,Cardiovascular,541,0.12,64.92,False,none,stable
2023-12-22,Amlodipine_5mg,Cardiovascular,475,0.12,57.0,False,none,stable
2023-12-23,Amlodipine_5mg,Cardiovascular,404,0.12,48.48,False,none,stable
2023-12-24,Amlodipine_5mg,Cardiovascular,401,0.12,48.12,False,none,stable
2023-12-25,Amlodipine_5mg,Cardiovascular,492,0.12,59.04,False,none,stable
2023-12-26,Amlodipine_5mg,Cardiovascular,477,0.12,57.24,False,none,stable
2023-12-27,Amlodipine_5mg,Cardiovascular,510,0.12,61.2,False,none,stable
2023-12-28,Amlodipine_5mg,Cardiovascular,458,0.12,54.96,False,none,stable
2023-12-29,Amlodipine_5mg,Cardiovascular,446,0.12,53.52,False,none,stable
2023-12-30,Amlodipine_5mg,Cardiovascular,435,0.12,52.2,False,none,stable
2023-12-31,Amlodipine_5mg,Cardiovascular,418,0.12,50.16,False,none,stable
2024-01-01,Amlodipine_5mg,Cardiovascular,497,0.12,59.64,False,none,stable
2024-01-02,Amlodipine_5mg,Cardiovascular,561,0.12,67.32,False,none,stable
2024-01-03,Amlodipine_5mg,Cardiovascular,484,0.12,58.08,False,none,stable
2024-01-04,Amlodipine_5mg,Cardiovascular,547,0.12,65.64,False,none,stable
2024-01-05,Amlodipine_5mg,Cardiovascular,502,0.12,60.24,False,none,stable
2024-01-06,Amlodipine_5mg,Cardiovascular,363,0.12,43.56,False,none,stable
2024-01-07,Amlodipine_5mg,Cardiovascular,454,0.12,54.48,False,none,stable
2024-01-08,Amlodipine_5mg,Cardiovascular,534,0.12,64.08,False,none,stable
2024-01-09,Amlodipine_5mg,Cardiovascular,490,0.12,58.8,False,none,stable
2024-01-10,Amlodipine_5mg,Cardiovascular,524,0.12,62.88,False,none,stable
2024-01-11,Amlodipine_5mg,Cardiovascular,479,0.12,57.48,False,none,stable
2024-01-12,Amlodipine_5mg,Cardiovascular,528,0.12,63.36,False,none,stable
2024-01-13,Amlodipine_5mg,Cardiovascular,320,0.12,38.4,False,none,stable
2024-01-14,Amlodipine_5mg,Cardiovascular,364,0.12,43.68,False,none,stable
2024-01-15,Amlodipine_5mg,Cardiovascular,534,0.12,64.08,False,none,stable
2024-01-16,Amlodipine_5mg,Cardiovascular,486,0.12,58.32,False,none,stable
2024-01-17,Amlodipine_5mg,Cardiovascular,504,0.12,60.48,False,none,stable
2024-01-18,Amlodipine_5mg,Cardiovascular,442,0.12,53.04,False,none,stable
2024-01-19,Amlodipine_5mg,Cardiovascular,569,0.12,68.28,False,none,stable
2024-01-20,Amlodipine_5mg,Cardiovascular,434,0.12,52.08,False,none,stable
2024-01-21,Amlodipine_5mg,Cardiovascular,390,0.12,46.8,False,none,stable
2024-01-22,Amlodipine_5mg,Cardiovascular,480,0.12,57.6,False,none,stable
2024-01-23,Amlodipine_5mg,Cardiovascular,537,0.12,64.44,False,none,stable
2024-01-24,Amlodipine_5mg,Cardiovascular,575,0.12,69.0,False,none,stable
2024-01-25,Amlodipine_5mg,Cardiovascular,534,0.12,64.08,False,none,stable
2024-01-26,Amlodipine_5mg,Cardiovascular,582,0.12,69.84,False,none,stable
2024-01-27,Amlodipine_5mg,Cardiovascular,367,0.12,44.04,False,none,stable
2024-01-28,Amlodipine_5mg,Cardiovascular,371,0.12,44.52,False,none,stable
2024-01-29,Amlodipine_5mg,Cardiovascular,449,0.12,53.88,False,none,stable
2024-01-30,Amlodipine_5mg,Cardiovascular,514,0.12,61.68,False,none,stable
2024-01-31,Amlodipine_5mg,Cardiovascular,503,0.12,60.36,False,none,stable
2024-02-01,Amlodipine_5mg,Cardiovascular,490,0.12,58.8,False,none,stable
2024-02-02,Amlodipine_5mg,Cardiovascular,529,0.12,63.48,False,none,stable
2024-02-03,Amlodipine_5mg,Cardiovascular,436,0.12,52.32,False,none,stable
2024-02-04,Amlodipine_5mg,Cardiovascular,348,0.12,41.76,False,none,stable
2024-02-05,Amlodipine_5mg,Cardiovascular,473,0.12,56.76,False,none,stable
2024-02-06,Amlodipine_5mg,Cardiovascular,529,0.12,63.48,False,none,stable
2024-02-07,Amlodipine_5mg,Cardiovascular,478,0.12,57.36,False,none,stable
2024-02-08,Amlodipine_5mg,Cardiovascular,465,0.12,55.8,False,none,stable
2024-02-09,Amlodipine_5mg,Cardiovascular,537,0.12,64.44,False,none,stable
2024-02-10,Amlodipine_5mg,Cardiovascular,356,0.12,42.72,False,none,stable
2024-02-11,Amlodipine_5mg,Cardiovascular,388,0.12,46.56,False,none,stable
2024-02-12,Amlodipine_5mg,Cardiovascular,510,0.12,61.2,False,none,stable
2024-02-13,Amlodipine_5mg,Cardiovascular,474,0.12,56.88,False,none,stable
2024-02-14,Amlodipine_5mg,Cardiovascular,528,0.12,63.36,False,none,stable
2024-02-15,Amlodipine_5mg,Cardiovascular,475,0.12,57.0,False,none,stable
2024-02-16,Amlodipine_5mg,Cardiovascular,553,0.12,66.36,False,none,stable
2024-02-17,Amlodipine_5mg,Cardiovascular,393,0.12,47.16,False,none,stable
2024-02-18,Amlodipine_5mg,Cardiovascular,419,0.12,50.28,False,none,stable
2024-02-19,Amlodipine_5mg,Cardiovascular,527,0.12,63.24,False,none,stable
2024-02-20,Amlodipine_5mg,Cardiovascular,473,0.12,56.76,False,none,stable
2024-02-21,Amlodipine_5mg,Cardiovascular,416,0.12,49.92,False,none,stable
2024-02-22,Amlodipine_5mg,Cardiovascular,512,0.12,61.44,False,none,stable
2024-02-23,Amlodipine_5mg,Cardiovascular,501,0.12,60.12,False,none,stable
2024-02-24,Amlodipine_5mg,Cardiovascular,416,0.12,49.92,False,none,stable
2024-02-25,Amlodipine_5mg,Cardiovascular,391,0.12,46.92,False,none,stable
2024-02-26,Amlodipine_5mg,Cardiovascular,481,0.12,57.72,False,none,stable
2024-02-27,Amlodipine_5mg,Cardiovascular,578,0.12,69.36,False,none,stable
2024-02-28,Amlodipine_5mg,Cardiovascular,439,0.12,52.68,False,none,stable
2024-02-29,Amlodipine_5mg,Cardiovascular,527,0.12,63.24,False,none,stable
2024-03-01,Amlodipine_5mg,Cardiovascular,475,0.12,57.0,False,none,stable
2024-03-02,Amlodipine_5mg,Cardiovascular,388,0.12,46.56,False,none,stable
2024-03-03,Amlodipine_5mg,Cardiovascular,388,0.12,46.56,False,none,stable
2024-03-04,Amlodipine_5mg,Cardiovascular,466,0.12,55.92,False,none,stable
2024-03-05,Amlodipine_5mg,Cardiovascular,521,0.12,62.52,False,none,stable
2024-03-06,Amlodipine_5mg,Cardiovascular,554,0.12,66.48,False,none,stable
2024-03-07,Amlodipine_5mg,Cardiovascular,517,0.12,62.04,False,none,stable
2024-03-08,Amlodipine_5mg,Cardiovascular,503,0.12,60.36,False,none,stable
2024-03-09,Amlodipine_5mg,Cardiovascular,367,0.12,44.04,False,none,stable
2024-03-10,Amlodipine_5mg,Cardiovascular,415,0.12,49.8,False,none,stable
2024-03-11,Amlodipine_5mg,Cardiovascular,585,0.12,70.2,False,none,stable
2024-03-12,Amlodipine_5mg,Cardiovascular,484,0.12,58.08,False,none,stable
2024-03-13,Amlodipine_5mg,Cardiovascular,484,0.12,58.08,False,none,stable
2024-03-14,Amlodipine_5mg,Cardiovascular,477,0.12,57.24,False,none,stable
2024-03-15,Amlodipine_5mg,Cardiovascular,480,0.12,57.6,False,none,stable
2024-03-16,Amlodipine_5mg,Cardiovascular,311,0.12,37.32,False,none,stable
2024-03-17,Amlodipine_5mg,Cardiovascular,412,0.12,49.44,False,none,stable
2024-03-18,Amlodipine_5mg,Cardiovascular,465,0.12,55.8,False,none,stable
2024-03-19,Amlodipine_5mg,Cardiovascular,435,0.12,52.2,False,none,stable
2024-03-20,Amlodipine_5mg,Cardiovascular,529,0.12,63.48,False,none,stable
2024-03-21,Amlodipine_5mg,Cardiovascular,456,0.12,54.72,False,none,stable
2024-03-22,Amlodipine_5mg,Cardiovascular,486,0.12,58.32,False,none,stable
2024-03-23,Amlodipine_5mg,Cardiovascular,446,0.12,53.52,False,none,stable
2024-03-24,Amlodipine_5mg,Cardiovascular,354,0.12,42.48,False,none,stable
2024-03-25,Amlodipine_5mg,Cardiovascular,438,0.12,52.56,False,none,stable
2024-03-26,Amlodipine_5mg,Cardiovascular,511,0.12,61.32,False,none,stable
2024-03-27,Amlodipine_5mg,Cardiovascular,546,0.12,65.52,False,none,stable
2024-03-28,Amlodipine_5mg,Cardiovascular,437,0.12,52.44,False,none,stable
2024-03-29,Amlodipine_5mg,Cardiovascular,516,0.12,61.92,False,none,stable
2024-03-30,Amlodipine_5mg,Cardiovascular,418,0.12,50.16,False,none,stable
2024-03-31,Amlodipine_5mg,Cardiovascular,334,0.12,40.08,False,none,stable
2024-04-01,Amlodipine_5mg,Cardiovascular,532,0.12,63.84,False,none,stable
2024-04-02,Amlodipine_5mg,Cardiovascular,535,0.12,64.2,False,none,stable
2024-04-03,Amlodipine_5mg,Cardiovascular,488,0.12,58.56,False,none,stable
2024-04-04,Amlodipine_5mg,Cardiovascular,550,0.12,66.0,False,none,stable
2024-04-05,Amlodipine_5mg,Cardiovascular,546,0.12,65.52,False,none,stable
2024-04-06,Amlodipine_5mg,Cardiovascular,404,0.12,48.48,False,none,stable
2024-04-07,Amlodipine_5mg,Cardiovascular,385,0.12,46.2,False,none,stable
2024-04-08,Amlodipine_5mg,Cardiovascular,462,0.12,55.44,False,none,stable
2024-04-09,Amlodipine_5mg,Cardiovascular,499,0.12,59.88,False,none,stable
2024-04-10,Amlodipine_5mg,Cardiovascular,524,0.12,62.88,False,none,stable
2024-04-11,Amlodipine_5mg,Cardiovascular,488,0.12,58.56,False,none,stable
2024-04-12,Amlodipine_5mg,Cardiovascular,413,0.12,49.56,False,none,stable
2024-04-13,Amlodipine_5mg,Cardiovascular,441,0.12,52.92,False,none,stable
2024-04-14,Amlodipine_5mg,Cardiovascular,407,0.12,48.84,False,none,stable
2024-04-15,Amlodipine_5mg,Cardiovascular,486,0.12,58.32,False,none,stable
2024-04-16,Amlodipine_5mg,Cardiovascular,535,0.12,64.2,False,none,stable
2024-04-17,Amlodipine_5mg,Cardiovascular,562,0.12,67.44,False,none,stable
2024-04-18,Amlodipine_5mg,Cardiovascular,389,0.12,46.68,False,none,stable
2024-04-19,Amlodipine_5mg,Cardiovascular,519,0.12,62.28,False,none,stable
2024-04-20,Amlodipine_5mg,Cardiovascular,355,0.12,42.6,False,none,stable
2024-04-21,Amlodipine_5mg,Cardiovascular,416,0.12,49.92,False,none,stable
2024-04-22,Amlodipine_5mg,Cardiovascular,507,0.12,60.84,False,none,stable
2024-04-23,Amlodipine_5mg,Cardiovascular,527,0.12,63.24,False,none,stable
2024-04-24,Amlodipine_5mg,Cardiovascular,481,0.12,57.72,False,none,stable
2024-04-25,Amlodipine_5mg,Cardiovascular,426,0.12,51.12,False,none,stable
2024-04-26,Amlodipine_5mg,Cardiovascular,484,0.12,58.08,False,none,stable
2024-04-27,Amlodipine_5mg,Cardiovascular,414,0.12,49.68,False,none,stable
2024-04-28,Amlodipine_5mg,Cardiovascular,434,0.12,52.08,False,none,stable
2024-04-29,Amlodipine_5mg,Cardiovascular,455,0.12,54.6,False,none,stable
2024-04-30,Amlodipine_5mg,Cardiovascular,543,0.12,65.16,False,none,stable
2024-05-01,Amlodipine_5mg,Cardiovascular,476,0.12,57.12,False,none,stable
2024-05-02,Amlodipine_5mg,Cardiovascular,517,0.12,62.04,False,none,stable
2024-05-03,Amlodipine_5mg,Cardiovascular,482,0.12,57.84,False,none,stable
2024-05-04,Amlodipine_5mg,Cardiovascular,407,0.12,48.84,False,none,stable
2024-05-05,Amlodipine_5mg,Cardiovascular,430,0.12,51.6,False,none,stable
2024-05-06,Amlodipine_5mg,Cardiovascular,453,0.12,54.36,False,none,stable
2024-05-07,Amlodipine_5mg,Cardiovascular,475,0.12,57.0,False,none,stable
2024-05-08,Amlodipine_5mg,Cardiovascular,510,0.12,61.2,False,none,stable
2024-05-09,Amlodipine_5mg,Cardiovascular,599,0.12,71.88,False,none,stable
2024-05-10,Amlodipine_5mg,Cardiovascular,468,0.12,56.16,False,none,stable
2024-05-11,Amlodipine_5mg,Cardiovascular,468,0.12,56.16,False,none,stable
2024-05-12,Amlodipine_5mg,Cardiovascular,466,0.12,55.92,False,none,stable
2024-05-13,Amlodipine_5mg,Cardiovascular,499,0.12,59.88,False,none,stable
2024-05-14,Amlodipine_5mg,Cardiovascular,491,0.12,58.92,False,none,stable
2024-05-15,Amlodipine_5mg,Cardiovascular,475,0.12,57.0,False,none,stable
2024-05-16,Amlodipine_5mg,Cardiovascular,500,0.12,60.0,False,none,stable
2024-05-17,Amlodipine_5mg,Cardiovascular,446,0.12,53.52,False,none,stable
2024-05-18,Amlodipine_5mg,Cardiovascular,400,0.12,48.0,False,none,stable
2024-05-19,Amlodipine_5mg,Cardiovascular,450,0.12,54.0,False,none,stable
2024-05-20,Amlodipine_5mg,Cardiovascular,479,0.12,57.48,False,none,stable
2024-05-21,Amlodipine_5mg,Cardiovascular,493,0.12,59.16,False,none,stable
2024-05-22,Amlodipine_5mg,Cardiovascular,435,0.12,52.2,False,none,stable
2024-05-23,Amlodipine_5mg,Cardiovascular,518,0.12,62.16,False,none,stable
2024-05-24,Amlodipine_5mg,Cardiovascular,514,0.12,61.68,False,none,stable
2024-05-25,Amlodipine_5mg,Cardiovascular,404,0.12,48.48,False,none,stable
2024-05-26,Amlodipine_5mg,Cardiovascular,396,0.12,47.52,False,none,stable
2024-05-27,Amlodipine_5mg,Cardiovascular,492,0.12,59.04,False,none,stable
2024-05-28,Amlodipine_5mg,Cardiovascular,524,0.12,62.88,False,none,stable
2024-05-29,Amlodipine_5mg,Cardiovascular,503,0.12,60.36,False,none,stable
2024-05-30,Amlodipine_5mg,Cardiovascular,516,0.12,61.92,False,none,stable
2024-05-31,Amlodipine_5mg,Cardiovascular,512,0.12,61.44,False,none,stable
2024-06-01,Amlodipine_5mg,Cardiovascular,439,0.12,52.68,False,none,stable
2024-06-02,Amlodipine_5mg,Cardiovascular,424,0.12,50.88,False,none,stable
2024-06-03,Amlodipine_5mg,Cardiovascular,512,0.12,61.44,False,none,stable
2024-06-04,Amlodipine_5mg,Cardiovascular,565,0.12,67.8,False,none,stable
2024-06-05,Amlodipine_5mg,Cardiovascular,521,0.12,62.52,False,none,stable
2024-06-06,Amlodipine_5mg,Cardiovascular,557,0.12,66.84,False,none,stable
2024-06-07,Amlodipine_5mg,Cardiovascular,529,0.12,63.48,False,none,stable
2024-06-08,Amlodipine_5mg,Cardiovascular,344,0.12,41.28,False,none,stable
2024-06-09,Amlodipine_5mg,Cardiovascular,445,0.12,53.4,False,none,stable
2024-06-10,Amlodipine_5mg,Cardiovascular,510,0.12,61.2,False,none,stable
2024-06-11,Amlodipine_5mg,Cardiovascular,502,0.12,60.24,False,none,stable
2024-06-12,Amlodipine_5mg,Cardiovascular,516,0.12,61.92,False,none,stable
2024-06-13,Amlodipine_5mg,Cardiovascular,491,0.12,58.92,False,none,stable
2024-06-14,Amlodipine_5mg,Cardiovascular,514,0.12,61.68,False,none,stable
2024-06-15,Amlodipine_5mg,Cardiovascular,384,0.12,46.08,False,none,stable
2024-06-16,Amlodipine_5mg,Cardiovascular,444,0.12,53.28,False,none,stable
2024-06-17,Amlodipine_5mg,Cardiovascular,500,0.12,60.0,False,none,stable
2024-06-18,Amlodipine_5mg,Cardiovascular,489,0.12,58.68,False,none,stable
2024-06-19,Amlodipine_5mg,Cardiovascular,468,0.12,56.16,False,none,stable
2024-06-20,Amlodipine_5mg,Cardiovascular,516,0.12,61.92,False,none,stable
2024-06-21,Amlodipine_5mg,Cardiovascular,513,0.12,61.56,False,none,stable
2024-06-22,Amlodipine_5mg,Cardiovascular,416,0.12,49.92,False,none,stable
2024-06-23,Amlodipine_5mg,Cardiovascular,371,0.12,44.52,False,none,stable
2024-06-24,Amlodipine_5mg,Cardiovascular,440,0.12,52.8,False,none,stable
2024-06-25,Amlodipine_5mg,Cardiovascular,531,0.12,63.72,False,none,stable
2024-06-26,Amlodipine_5mg,Cardiovascular,565,0.12,67.8,False,none,stable
2024-06-27,Amlodipine_5mg,Cardiovascular,464,0.12,55.68,False,none,stable
2024-06-28,Amlodipine_5mg,Cardiovascular,570,0.12,68.4,False,none,stable
2024-06-29,Amlodipine_5mg,Cardiovascular,413,0.12,49.56,False,none,stable
2024-06-30,Amlodipine_5mg,Cardiovascular,404,0.12,48.48,False,none,stable
2024-07-01,Amlodipine_5mg,Cardiovascular,490,0.12,58.8,False,none,stable
2024-07-02,Amlodipine_5mg,Cardiovascular,450,0.12,54.0,False,none,stable
2024-07-03,Amlodipine_5mg,Cardiovascular,546,0.12,65.52,False,none,stable
2024-07-04,Amlodipine_5mg,Cardiovascular,474,0.12,56.88,False,none,stable
2024-07-05,Amlodipine_5mg,Cardiovascular,474,0.12,56.88,False,none,stable
2024-07-06,Amlodipine_5mg,Cardiovascular,436,0.12,52.32,False,none,stable
2024-07-07,Amlodipine_5mg,Cardiovascular,344,0.12,41.28,False,none,stable
2024-07-08,Amlodipine_5mg,Cardiovascular,444,0.12,53.28,False,none,stable
2024-07-09,Amlodipine_5mg,Cardiovascular,505,0.12,60.6,False,none,stable
2024-07-10,Amlodipine_5mg,Cardiovascular,518,0.12,62.16,False,none,stable
2024-07-11,Amlodipine_5mg,Cardiovascular,526,0.12,63.12,False,none,stable
2024-07-12,Amlodipine_5mg,Cardiovascular,494,0.12,59.28,False,none,stable
2024-07-13,Amlodipine_5mg,Cardiovascular,487,0.12,58.44,False,none,stable
2024-07-14,Amlodipine_5mg,Cardiovascular,397,0.12,47.64,False,none,stable
2024-07-15,Amlodipine_5mg,Cardiovascular,497,0.12,59.64,False,none,stable
2024-07-16,Amlodipine_5mg,Cardiovascular,474,0.12,56.88,False,none,stable
2024-07-17,Amlodipine_5mg,Cardiovascular,512,0.12,61.44,False,none,stable
2024-07-18,Amlodipine_5mg,Cardiovascular,532,0.12,63.84,False,none,stable
2024-07-19,Amlodipine_5mg,Cardiovascular,556,0.12,66.72,False,none,stable
2024-07-20,Amlodipine_5mg,Cardiovascular,356,0.12,42.72,False,none,stable
2024-07-21,Amlodipine_5mg,Cardiovascular,397,0.12,47.64,False,none,stable
2024-07-22,Amlodipine_5mg,Cardiovascular,525,0.12,63.0,False,none,stable
2024-07-23,Amlodipine_5mg,Cardiovascular,531,0.12,63.72,False,none,stable
2024-07-24,Amlodipine_5mg,Cardiovascular,507,0.12,60.84,False,none,stable
2024-07-25,Amlodipine_5mg,Cardiovascular,529,0.12,63.48,False,none,stable
2024-07-26,Amlodipine_5mg,Cardiovascular,474,0.12,56.88,False,none,stable
2024-07-27,Amlodipine_5mg,Cardiovascular,456,0.12,54.72,False,none,stable
2024-07-28,Amlodipine_5mg,Cardiovascular,438,0.12,52.56,False,none,stable
2024-07-29,Amlodipine_5mg,Cardiovascular,453,0.12,54.36,False,none,stable
2024-07-30,Amlodipine_5mg,Cardiovascular,464,0.12,55.68,False,none,stable
2024-07-31,Amlodipine_5mg,Cardiovascular,465,0.12,55.8,False,none,stable
2024-08-01,Amlodipine_5mg,Cardiovascular,535,0.12,64.2,False,none,stable
2024-08-02,Amlodipine_5mg,Cardiovascular,455,0.12,54.6,False,none,stable
2024-08-03,Amlodipine_5mg,Cardiovascular,395,0.12,47.4,False,none,stable
2024-08-04,Amlodipine_5mg,Cardiovascular,420,0.12,50.4,False,none,stable
2024-08-05,Amlodipine_5mg,Cardiovascular,505,0.12,60.6,False,none,stable
2024-08-06,Amlodipine_5mg,Cardiovascular,518,0.12,62.16,False,none,stable
2024-08-07,Amlodipine_5mg,Cardiovascular,465,0.12,55.8,False,none,stable
2024-08-08,Amlodipine_5mg,Cardiovascular,532,0.12,63.84,False,none,stable
2024-08-09,Amlodipine_5mg,Cardiovascular,483,0.12,57.96,False,none,stable
2024-08-10,Amlodipine_5mg,Cardiovascular,396,0.12,47.52,False,none,stable
2024-08-11,Amlodipine_5mg,Cardiovascular,414,0.12,49.68,False,none,stable
2024-08-12,Amlodipine_5mg,Cardiovascular,513,0.12,61.56,False,none,stable
2024-08-13,Amlodipine_5mg,Cardiovascular,509,0.12,61.08,False,none,stable
2024-08-14,Amlodipine_5mg,Cardiovascular,478,0.12,57.36,False,none,stable
2024-08-15,Amlodipine_5mg,Cardiovascular,496,0.12,59.52,False,none,stable
2024-08-16,Amlodipine_5mg,Cardiovascular,509,0.12,61.08,False,none,stable
2024-08-17,Amlodipine_5mg,Cardiovascular,362,0.12,43.44,False,none,stable
2024-08-18,Amlodipine_5mg,Cardiovascular,392,0.12,47.04,False,none,stable
2024-08-19,Amlodipine_5mg,Cardiovascular,525,0.12,63.0,False,none,stable
2024-08-20,Amlodipine_5mg,Cardiovascular,457,0.12,54.84,False,none,stable
2024-08-21,Amlodipine_5mg,Cardiovascular,556,0.12,66.72,False,none,stable
2024-08-22,Amlodipine_5mg,Cardiovascular,561,0.12,67.32,False,none,stable
2024-08-23,Amlodipine_5mg,Cardiovascular,458,0.12,54.96,False,none,stable
2024-08-24,Amlodipine_5mg,Cardiovascular,451,0.12,54.12,False,none,stable
2024-08-25,Amlodipine_5mg,Cardiovascular,402,0.12,48.24,False,none,stable
2024-08-26,Amlodipine_5mg,Cardiovascular,526,0.12,63.12,False,none,stable
2024-08-27,Amlodipine_5mg,Cardiovascular,489,0.12,58.68,False,none,stable
2024-08-28,Amlodipine_5mg,Cardiovascular,547,0.12,65.64,False,none,stable
2024-08-29,Amlodipine_5mg,Cardiovascular,526,0.12,63.12,False,none,stable
2024-08-30,Amlodipine_5mg,Cardiovascular,476,0.12,57.12,False,none,stable
2024-08-31,Amlodipine_5mg,Cardiovascular,369,0.12,44.28,False,none,stable
2024-09-01,Amlodipine_5mg,Cardiovascular,360,0.12,43.2,False,none,stable
2024-09-02,Amlodipine_5mg,Cardiovascular,517,0.12,62.04,False,none,stable
2024-09-03,Amlodipine_5mg,Cardiovascular,533,0.12,63.96,False,none,stable
2024-09-04,Amlodipine_5mg,Cardiovascular,536,0.12,64.32,False,none,stable
2024-09-05,Amlodipine_5mg,Cardiovascular,505,0.12,60.6,False,none,stable
2024-09-06,Amlodipine_5mg,Cardiovascular,463,0.12,55.56,False,none,stable
2024-09-07,Amlodipine_5mg,Cardiovascular,385,0.12,46.2,False,none,stable
2024-09-08,Amlodipine_5mg,Cardiovascular,445,0.12,53.4,False,none,stable
2024-09-09,Amlodipine_5mg,Cardiovascular,490,0.12,58.8,False,none,stable
2024-09-10,Amlodipine_5mg,Cardiovascular,516,0.12,61.92,False,none,stable
2024-09-11,Amlodipine_5mg,Cardiovascular,466,0.12,55.92,False,none,stable
2024-09-12,Amlodipine_5mg,Cardiovascular,524,0.12,62.88,False,none,stable
2024-09-13,Amlodipine_5mg,Cardiovascular,492,0.12,59.04,False,none,stable
2024-09-14,Amlodipine_5mg,Cardiovascular,442,0.12,53.04,False,none,stable
2024-09-15,Amlodipine_5mg,Cardiovascular,433,0.12,51.96,False,none,stable
2024-09-16,Amlodipine_5mg,Cardiovascular,490,0.12,58.8,False,none,stable
2024-09-17,Amlodipine_5mg,Cardiovascular,505,0.12,60.6,False,none,stable
2024-09-18,Amlodipine_5mg,Cardiovascular,488,0.12,58.56,False,none,stable
2024-09-19,Amlodipine_5mg,Cardiovascular,453,0.12,54.36,False,none,stable
2024-09-20,Amlodipine_5mg,Cardiovascular,476,0.12,57.12,False,none,stable
2024-09-21,Amlodipine_5mg,Cardiovascular,415,0.12,49.8,False,none,stable
2024-09-22,Amlodipine_5mg,Cardiovascular,419,0.12,50.28,False,none,stable
2024-09-23,Amlodipine_5mg,Cardiovascular,517,0.12,62.04,False,none,stable
2024-09-24,Amlodipine_5mg,Cardiovascular,499,0.12,59.88,False,none,stable
2024-09-25,Amlodipine_5mg,Cardiovascular,549,0.12,65.88,False,none,stable
2024-09-26,Amlodipine_5mg,Cardiovascular,514,0.12,61.68,False,none,stable
2024-09-27,Amlodipine_5mg,Cardiovascular,540,0.12,64.8,False,none,stable
2024-09-28,Amlodipine_5mg,Cardiovascular,351,0.12,42.12,False,none,stable
2024-09-29,Amlodipine_5mg,Cardiovascular,280,0.12,33.6,False,none,stable
2024-09-30,Amlodipine_5mg,Cardiovascular,523,0.12,62.76,False,none,stable
2024-10-01,Amlodipine_5mg,Cardiovascular,453,0.12,54.36,False,none,stable
2024-10-02,Amlodipine_5mg,Cardiovascular,503,0.12,60.36,False,none,stable
2024-10-03,Amlodipine_5mg,Cardiovascular,499,0.12,59.88,False,none,stable
2024-10-04,Amlodipine_5mg,Cardiovascular,577,0.12,69.24,False,none,stable
2024-10-05,Amlodipine_5mg,Cardiovascular,422,0.12,50.64,False,none,stable
2024-10-06,Amlodipine_5mg,Cardiovascular,414,0.12,49.68,False,none,stable
2024-10-07,Amlodipine_5mg,Cardiovascular,546,0.12,65.52,False,none,stable
2024-10-08,Amlodipine_5mg,Cardiovascular,527,0.12,63.24,False,none,stable
2024-10-09,Amlodipine_5mg,Cardiovascular,493,0.12,59.16,False,none,stable
2024-10-10,Amlodipine_5mg,Cardiovascular,556,0.12,66.72,False,none,stable
2024-10-11,Amlodipine_5mg,Cardiovascular,467,0.12,56.04,False,none,stable
2024-10-12,Amlodipine_5mg,Cardiovascular,420,0.12,50.4,False,none,stable
2024-10-13,Amlodipine_5mg,Cardiovascular,359,0.12,43.08,False,none,stable
2024-10-14,Amlodipine_5mg,Cardiovascular,521,0.12,62.52,False,none,stable
2024-10-15,Amlodipine_5mg,Cardiovascular,520,0.12,62.4,False,none,stable
2024-10-16,Amlodipine_5mg,Cardiovascular,581,0.12,69.72,False,none,stable
2024-10-17,Amlodipine_5mg,Cardiovascular,448,0.12,53.76,False,none,stable
2024-10-18,Amlodipine_5mg,Cardiovascular,488,0.12,58.56,False,none,stable
2024-10-19,Amlodipine_5mg,Cardiovascular,436,0.12,52.32,False,none,stable
2024-10-20,Amlodipine_5mg,Cardiovascular,420,0.12,50.4,False,none,stable
2024-10-21,Amlodipine_5mg,Cardiovascular,520,0.12,62.4,False,none,stable
2024-10-22,Amlodipine_5mg,Cardiovascular,473,0.12,56.76,False,none,stable
2024-10-23,Amlodipine_5mg,Cardiovascular,488,0.12,58.56,False,none,stable
2024-10-24,Amlodipine_5mg,Cardiovascular,564,0.12,67.68,False,none,stable
2024-10-25,Amlodipine_5mg,Cardiovascular,511,0.12,61.32,False,none,stable
2024-10-26,Amlodipine_5mg,Cardiovascular,422,0.12,50.64,False,none,stable
2024-10-27,Amlodipine_5mg,Cardiovascular,406,0.12,48.72,False,none,stable
2024-10-28,Amlodipine_5mg,Cardiovascular,464,0.12,55.68,False,none,stable
2024-10-29,Amlodipine_5mg,Cardiovascular,551,0.12,66.12,False,none,stable
2024-10-30,Amlodipine_5mg,Cardiovascular,534,0.12,64.08,False,none,stable
2024-10-31,Amlodipine_5mg,Cardiovascular,608,0.12,72.96,False,none,stable
2024-11-01,Amlodipine_5mg,Cardiovascular,585,0.12,70.2,False,flu_outbreak,stable
2024-11-02,Amlodipine_5mg,Cardiovascular,543,0.12,65.16,False,flu_outbreak,stable
2024-11-03,Amlodipine_5mg,Cardiovascular,456,0.12,54.72,False,flu_outbreak,stable
2024-11-04,Amlodipine_5mg,Cardiovascular,645,0.12,77.4,False,flu_outbreak,stable
2024-11-05,Amlodipine_5mg,Cardiovascular,687,0.12,82.44,False,flu_outbreak,stable
2024-11-06,Amlodipine_5mg,Cardiovascular,531,0.12,63.72,False,flu_outbreak,stable
2024-11-07,Amlodipine_5mg,Cardiovascular,627,0.12,75.24,False,flu_outbreak,stable
2024-11-08,Amlodipine_5mg,Cardiovascular,608,0.12,72.96,False,flu_outbreak,stable
2024-11-09,Amlodipine_5mg,Cardiovascular,480,0.12,57.6,False,flu_outbreak,stable
2024-11-10,Amlodipine_5mg,Cardiovascular,525,0.12,63.0,False,flu_outbreak,stable
2024-11-11,Amlodipine_5mg,Cardiovascular,695,0.12,83.4,False,flu_outbreak,stable
2024-11-12,Amlodipine_5mg,Cardiovascular,631,0.12,75.72,False,flu_outbreak,stable
2024-11-13,Amlodipine_5mg,Cardiovascular,648,0.12,77.76,False,flu_outbreak,stable
2024-11-14,Amlodipine_5mg,Cardiovascular,643,0.12,77.16,False,flu_outbreak,stable
2024-11-15,Amlodipine_5mg,Cardiovascular,638,0.12,76.56,False,flu_outbreak,stable
2024-11-16,Amlodipine_5mg,Cardiovascular,465,0.12,55.8,False,flu_outbreak,stable
2024-11-17,Amlodipine_5mg,Cardiovascular,555,0.12,66.6,False,flu_outbreak,stable
2024-11-18,Amlodipine_5mg,Cardiovascular,653,0.12,78.36,False,flu_outbreak,stable
2024-11-19,Amlodipine_5mg,Cardiovascular,658,0.12,78.96,False,flu_outbreak,stable
2024-11-20,Amlodipine_5mg,Cardiovascular,597,0.12,71.64,False,flu_outbreak,stable
2024-11-21,Amlodipine_5mg,Cardiovascular,615,0.12,73.8,False,flu_outbreak,stable
2024-11-22,Amlodipine_5mg,Cardiovascular,629,0.12,75.48,False,flu_outbreak,stable
2024-11-23,Amlodipine_5mg,Cardiovascular,448,0.12,53.76,False,flu_outbreak,stable
2024-11-24,Amlodipine_5mg,Cardiovascular,441,0.12,52.92,False,flu_outbreak,stable
2024-11-25,Amlodipine_5mg,Cardiovascular,608,0.12,72.96,False,flu_outbreak,stable
2024-11-26,Amlodipine_5mg,Cardiovascular,665,0.12,79.8,False,flu_outbreak,stable
2024-11-27,Amlodipine_5mg,Cardiovascular,605,0.12,72.6,False,flu_outbreak,stable
2024-11-28,Amlodipine_5mg,Cardiovascular,587,0.12,70.44,False,flu_outbreak,stable
2024-11-29,Amlodipine_5mg,Cardiovascular,597,0.12,71.64,False,flu_outbreak,stable
2024-11-30,Amlodipine_5mg,Cardiovascular,492,0.12,59.04,False,flu_outbreak,stable
2024-12-01,Amlodipine_5mg,Cardiovascular,496,0.12,59.52,False,flu_outbreak,stable
2024-12-02,Amlodipine_5mg,Cardiovascular,750,0.12,90.0,False,flu_outbreak,stable
2024-12-03,Amlodipine_5mg,Cardiovascular,693,0.12,83.16,False,flu_outbreak,stable
2024-12-04,Amlodipine_5mg,Cardiovascular,692,0.12,83.04,False,flu_outbreak,stable
2024-12-05,Amlodipine_5mg,Cardiovascular,699,0.12,83.88,False,flu_outbreak,stable
2024-12-06,Amlodipine_5mg,Cardiovascular,588,0.12,70.56,False,flu_outbreak,stable
2024-12-07,Amlodipine_5mg,Cardiovascular,461,0.12,55.32,False,flu_outbreak,stable
2024-12-08,Amlodipine_5mg,Cardiovascular,466,0.12,55.92,False,flu_outbreak,stable
2024-12-09,Amlodipine_5mg,Cardiovascular,708,0.12,84.96,False,flu_outbreak,stable
2024-12-10,Amlodipine_5mg,Cardiovascular,612,0.12,73.44,False,flu_outbreak,stable
2024-12-11,Amlodipine_5mg,Cardiovascular,576,0.12,69.12,False,flu_outbreak,stable
2024-12-12,Amlodipine_5mg,Cardiovascular,618,0.12,74.16,False,flu_outbreak,stable
2024-12-13,Amlodipine_5mg,Cardiovascular,628,0.12,75.36,False,flu_outbreak,stable
2024-12-14,Amlodipine_5mg,Cardiovascular,523,0.12,62.76,False,flu_outbreak,stable
2024-12-15,Amlodipine_5mg,Cardiovascular,522,0.12,62.64,False,flu_outbreak,stable
2024-12-16,Amlodipine_5mg,Cardiovascular,598,0.12,71.76,False,flu_outbreak,stable
2024-12-17,Amlodipine_5mg,Cardiovascular,675,0.12,81.0,False,flu_outbreak,stable
2024-12-18,Amlodipine_5mg,Cardiovascular,607,0.12,72.84,False,flu_outbreak,stable
2024-12-19,Amlodipine_5mg,Cardiovascular,632,0.12,75.84,False,flu_outbreak,stable
2024-12-20,Amlodipine_5mg,Cardiovascular,676,0.12,81.12,False,flu_outbreak,stable
2024-12-21,Amlodipine_5mg,Cardiovascular,486,0.12,58.32,False,flu_outbreak,stable
2024-12-22,Amlodipine_5mg,Cardiovascular,488,0.12,58.56,False,flu_outbreak,stable
2024-12-23,Amlodipine_5mg,Cardiovascular,671,0.12,80.52,False,flu_outbreak,stable
2024-12-24,Amlodipine_5mg,Cardiovascular,597,0.12,71.64,False,flu_outbreak,stable
2024-12-25,Amlodipine_5mg,Cardiovascular,621,0.12,74.52,False,flu_outbreak,stable
2024-12-26,Amlodipine_5mg,Cardiovascular,669,0.12,80.28,False,flu_outbreak,stable
2024-12-27,Amlodipine_5mg,Cardiovascular,746,0.12,89.52,False,flu_outbreak,stable
2024-12-28,Amlodipine_5mg,Cardiovascular,537,0.12,64.44,False,flu_outbreak,stable
2024-12-29,Amlodipine_5mg,Cardiovascular,532,0.12,63.84,False,flu_outbreak,stable
2024-12-30,Amlodipine_5mg,Cardiovascular,668,0.12,80.16,False,flu_outbreak,stable
2024-12-31,Amlodipine_5mg,Cardiovascular,586,0.12,70.32,False,flu_outbreak,stable
2022-01-01,Cetirizine_10mg,Antihistamine,348,0.1,34.8,False,covid_wave,spring_peak
2022-01-02,Cetirizine_10mg,Antihistamine,344,0.1,34.4,False,covid_wave,spring_peak
2022-01-03,Cetirizine_10mg,Antihistamine,442,0.1,44.2,False,covid_wave,spring_peak
2022-01-04,Cetirizine_10mg,Antihistamine,435,0.1,43.5,False,covid_wave,spring_peak
2022-01-05,Cetirizine_10mg,Antihistamine,444,0.1,44.4,False,covid_wave,spring_peak
2022-01-06,Cetirizine_10mg,Antihistamine,420,0.1,42.0,False,covid_wave,spring_peak
2022-01-07,Cetirizine_10mg,Antihistamine,433,0.1,43.3,False,covid_wave,spring_peak
2022-01-08,Cetirizine_10mg,Antihistamine,311,0.1,31.1,False,covid_wave,spring_peak
2022-01-09,Cetirizine_10mg,Antihistamine,336,0.1,33.6,False,covid_wave,spring_peak
2022-01-10,Cetirizine_10mg,Antihistamine,479,0.1,47.9,False,covid_wave,spring_peak
2022-01-11,Cetirizine_10mg,Antihistamine,442,0.1,44.2,False,covid_wave,spring_peak
2022-01-12,Cetirizine_10mg,Antihistamine,431,0.1,43.1,False,covid_wave,spring_peak
2022-01-13,Cetirizine_10mg,Antihistamine,497,0.1,49.7,False,covid_wave,spring_peak
2022-01-14,Cetirizine_10mg,Antihistamine,385,0.1,38.5,False,covid_wave,spring_peak
2022-01-15,Cetirizine_10mg,Antihistamine,314,0.1,31.4,False,covid_wave,spring_peak
2022-01-16,Cetirizine_10mg,Antihistamine,392,0.1,39.2,False,covid_wave,spring_peak
2022-01-17,Cetirizine_10mg,Antihistamine,433,0.1,43.3,False,covid_wave,spring_peak
2022-01-18,Cetirizine_10mg,Antihistamine,423,0.1,42.3,False,covid_wave,spring_peak
2022-01-19,Cetirizine_10mg,Antihistamine,390,0.1,39.0,False,covid_wave,spring_peak
2022-01-20,Cetirizine_10mg,Antihistamine,447,0.1,44.7,False,covid_wave,spring_peak
2022-01-21,Cetirizine_10mg,Antihistamine,451,0.1,45.1,False,covid_wave,spring_peak
2022-01-22,Cetirizine_10mg,Antihistamine,315,0.1,31.5,False,covid_wave,spring_peak
2022-01-23,Cetirizine_10mg,Antihistamine,341,0.1,34.1,False,covid_wave,spring_peak
2022-01-24,Cetirizine_10mg,Antihistamine,421,0.1,42.1,False,covid_wave,spring_peak
2022-01-25,Cetirizine_10mg,Antihistamine,441,0.1,44.1,False,covid_wave,spring_peak
2022-01-26,Cetirizine_10mg,Antihistamine,394,0.1,39.4,False,covid_wave,spring_peak
2022-01-27,Cetirizine_10mg,Antihistamine,476,0.1,47.6,False,covid_wave,spring_peak
2022-01-28,Cetirizine_10mg,Antihistamine,464,0.1,46.4,False,covid_wave,spring_peak
2022-01-29,Cetirizine_10mg,Antihistamine,336,0.1,33.6,False,covid_wave,spring_peak
2022-01-30,Cetirizine_10mg,Antihistamine,340,0.1,34.0,False,covid_wave,spring_peak
2022-01-31,Cetirizine_10mg,Antihistamine,428,0.1,42.8,False,covid_wave,spring_peak
2022-02-01,Cetirizine_10mg,Antihistamine,430,0.1,43.0,False,covid_wave,spring_peak
2022-02-02,Cetirizine_10mg,Antihistamine,442,0.1,44.2,False,covid_wave,spring_peak
2022-02-03,Cetirizine_10mg,Antihistamine,448,0.1,44.8,False,covid_wave,spring_peak
2022-02-04,Cetirizine_10mg,Antihistamine,518,0.1,51.8,False,covid_wave,spring_peak
2022-02-05,Cetirizine_10mg,Antihistamine,394,0.1,39.4,False,covid_wave,spring_peak
2022-02-06,Cetirizine_10mg,Antihistamine,394,0.1,39.4,False,covid_wave,spring_peak
2022-02-07,Cetirizine_10mg,Antihistamine,472,0.1,47.2,False,covid_wave,spring_peak
2022-02-08,Cetirizine_10mg,Antihistamine,418,0.1,41.8,False,covid_wave,spring_peak
2022-02-09,Cetirizine_10mg,Antihistamine,457,0.1,45.7,False,covid_wave,spring_peak
2022-02-10,Cetirizine_10mg,Antihistamine,494,0.1,49.4,False,covid_wave,spring_peak
2022-02-11,Cetirizine_10mg,Antihistamine,413,0.1,41.3,False,covid_wave,spring_peak
2022-02-12,Cetirizine_10mg,Antihistamine,385,0.1,38.5,False,covid_wave,spring_peak
2022-02-13,Cetirizine_10mg,Antihistamine,435,0.1,43.5,False,covid_wave,spring_peak
2022-02-14,Cetirizine_10mg,Antihistamine,498,0.1,49.8,False,covid_wave,spring_peak
2022-02-15,Cetirizine_10mg,Antihistamine,511,0.1,51.1,False,covid_wave,spring_peak
2022-02-16,Cetirizine_10mg,Antihistamine,467,0.1,46.7,False,covid_wave,spring_peak
2022-02-17,Cetirizine_10mg,Antihistamine,495,0.1,49.5,False,covid_wave,spring_peak
2022-02-18,Cetirizine_10mg,Antihistamine,433,0.1,43.3,False,covid_wave,spring_peak
2022-02-19,Cetirizine_10mg,Antihistamine,391,0.1,39.1,False,covid_wave,spring_peak
2022-02-20,Cetirizine_10mg,Antihistamine,386,0.1,38.6,False,covid_wave,spring_peak
2022-02-21,Cetirizine_10mg,Antihistamine,470,0.1,47.0,False,covid_wave,spring_peak
2022-02-22,Cetirizine_10mg,Antihistamine,508,0.1,50.8,False,covid_wave,spring_peak
2022-02-23,Cetirizine_10mg,Antihistamine,440,0.1,44.0,False,covid_wave,spring_peak
2022-02-24,Cetirizine_10mg,Antihistamine,453,0.1,45.3,False,covid_wave,spring_peak
2022-02-25,Cetirizine_10mg,Antihistamine,463,0.1,46.3,False,covid_wave,spring_peak
2022-02-26,Cetirizine_10mg,Antihistamine,337,0.1,33.7,False,covid_wave,spring_peak
2022-02-27,Cetirizine_10mg,Antihistamine,374,0.1,37.4,False,covid_wave,spring_peak
2022-02-28,Cetirizine_10mg,Antihistamine,397,0.1,39.7,False,covid_wave,spring_peak
2022-03-01,Cetirizine_10mg,Antihistamine,665,0.1,66.5,False,covid_wave,spring_peak
2022-03-02,Cetirizine_10mg,Antihistamine,616,0.1,61.6,False,covid_wave,spring_peak
2022-03-03,Cetirizine_10mg,Antihistamine,588,0.1,58.8,False,covid_wave,spring_peak
2022-03-04,Cetirizine_10mg,Antihistamine,573,0.1,57.3,False,covid_wave,spring_peak
2022-03-05,Cetirizine_10mg,Antihistamine,481,0.1,48.1,False,covid_wave,spring_peak
2022-03-06,Cetirizine_10mg,Antihistamine,518,0.1,51.8,False,covid_wave,spring_peak
2022-03-07,Cetirizine_10mg,Antihistamine,641,0.1,64.1,False,covid_wave,spring_peak
2022-03-08,Cetirizine_10mg,Antihistamine,579,0.1,57.9,False,covid_wave,spring_peak
2022-03-09,Cetirizine_10mg,Antihistamine,572,0.1,57.2,False,covid_wave,spring_peak
2022-03-10,Cetirizine_10mg,Antihistamine,646,0.1,64.6,False,covid_wave,spring_peak
2022-03-11,Cetirizine_10mg,Antihistamine,579,0.1,57.9,False,covid_wave,spring_peak
2022-03-12,Cetirizine_10mg,Antihistamine,493,0.1,49.3,False,covid_wave,spring_peak
2022-03-13,Cetirizine_10mg,Antihistamine,496,0.1,49.6,False,covid_wave,spring_peak
2022-03-14,Cetirizine_10mg,Antihistamine,630,0.1,63.0,False,covid_wave,spring_peak
2022-03-15,Cetirizine_10mg,Antihistamine,657,0.1,65.7,False,covid_wave,spring_peak
2022-03-16,Cetirizine_10mg,Antihistamine,553,0.1,55.3,False,covid_wave,spring_peak
2022-03-17,Cetirizine_10mg,Antihistamine,521,0.1,52.1,False,covid_wave,spring_peak
2022-03-18,Cetirizine_10mg,Antihistamine,587,0.1,58.7,False,covid_wave,spring_peak
2022-03-19,Cetirizine_10mg,Antihistamine,563,0.1,56.3,False,covid_wave,spring_peak
2022-03-20,Cetirizine_10mg,Antihistamine,572,0.1,57.2,False,covid_wave,spring_peak
2022-03-21,Cetirizine_10mg,Antihistamine,705,0.1,70.5,False,covid_wave,spring_peak
2022-03-22,Cetirizine_10mg,Antihistamine,606,0.1,60.6,False,covid_wave,spring_peak
2022-03-23,Cetirizine_10mg,Antihistamine,527,0.1,52.7,False,covid_wave,spring_peak
2022-03-24,Cetirizine_10mg,Antihistamine,500,0.1,50.0,False,covid_wave,spring_peak
2022-03-25,Cetirizine_10mg,Antihistamine,585,0.1,58.5,False,covid_wave,spring_peak
2022-03-26,Cetirizine_10mg,Antihistamine,484,0.1,48.4,False,covid_wave,spring_peak
2022-03-27,Cetirizine_10mg,Antihistamine,544,0.1,54.4,False,covid_wave,spring_peak
2022-03-28,Cetirizine_10mg,Antihistamine,658,0.1,65.8,False,covid_wave,spring_peak
2022-03-29,Cetirizine_10mg,Antihistamine,627,0.1,62.7,False,covid_wave,spring_peak
2022-03-30,Cetirizine_10mg,Antihistamine,572,0.1,57.2,False,covid_wave,spring_peak
2022-03-31,Cetirizine_10mg,Antihistamine,569,0.1,56.9,False,covid_wave,spring_peak
2022-04-01,Cetirizine_10mg,Antihistamine,524,0.1,52.4,False,none,spring_peak
2022-04-02,Cetirizine_10mg,Antihistamine,433,0.1,43.3,False,none,spring_peak
2022-04-03,Cetirizine_10mg,Antihistamine,424,0.1,42.4,False,none,spring_peak
2022-04-04,Cetirizine_10mg,Antihistamine,471,0.1,47.1,False,none,spring_peak
2022-04-05,Cetirizine_10mg,Antihistamine,540,0.1,54.0,False,none,spring_peak
2022-04-06,Cetirizine_10mg,Antihistamine,531,0.1,53.1,False,none,spring_peak
2022-04-07,Cetirizine_10mg,Antihistamine,470,0.1,47.0,False,none,spring_peak
2022-04-08,Cetirizine_10mg,Antihistamine,481,0.1,48.1,False,none,spring_peak
2022-04-09,Cetirizine_10mg,Antihistamine,433,0.1,43.3,False,none,spring_peak
2022-04-10,Cetirizine_10mg,Antihistamine,403,0.1,40.3,False,none,spring_peak
2022-04-11,Cetirizine_10mg,Antihistamine,579,0.1,57.9,False,none,spring_peak
2022-04-12,Cetirizine_10mg,Antihistamine,535,0.1,53.5,False,none,spring_peak
2022-04-13,Cetirizine_10mg,Antihistamine,494,0.1,49.4,False,none,spring_peak
2022-04-14,Cetirizine_10mg,Antihistamine,514,0.1,51.4,False,none,spring_peak
2022-04-15,Cetirizine_10mg,Antihistamine,517,0.1,51.7,False,none,spring_peak
2022-04-16,Cetirizine_10mg,Antihistamine,387,0.1,38.7,False,none,spring_peak
2022-04-17,Cetirizine_10mg,Antihistamine,381,0.1,38.1,False,none,spring_peak
2022-04-18,Cetirizine_10mg,Antihistamine,543,0.1,54.3,False,none,spring_peak
2022-04-19,Cetirizine_10mg,Antihistamine,549,0.1,54.9,False,none,spring_peak
2022-04-20,Cetirizine_10mg,Antihistamine,539,0.1,53.9,False,none,spring_peak
2022-04-21,Cetirizine_10mg,Antihistamine,577,0.1,57.7,False,none,spring_peak
2022-04-22,Cetirizine_10mg,Antihistamine,492,0.1,49.2,False,none,spring_peak
2022-04-23,Cetirizine_10mg,Antihistamine,467,0.1,46.7,False,none,spring_peak
2022-04-24,Cetirizine_10mg,Antihistamine,382,0.1,38.2,False,none,spring_peak
2022-04-25,Cetirizine_10mg,Antihistamine,473,0.1,47.3,False,none,spring_peak
2022-04-26,Cetirizine_10mg,Antihistamine,442,0.1,44.2,False,none,spring_peak
2022-04-27,Cetirizine_10mg,Antihistamine,497,0.1,49.7,False,none,spring_peak
2022-04-28,Cetirizine_10mg,Antihistamine,494,0.1,49.4,False,none,spring_peak
2022-04-29,Cetirizine_10mg,Antihistamine,537,0.1,53.7,False,none,spring_peak
2022-04-30,Cetirizine_10mg,Antihistamine,420,0.1,42.0,False,none,spring_peak
2022-05-01,Cetirizine_10mg,Antihistamine,360,0.1,36.0,False,none,spring_peak
2022-05-02,Cetirizine_10mg,Antihistamine,482,0.1,48.2,False,none,spring_peak
2022-05-03,Cetirizine_10mg,Antihistamine,483,0.1,48.3,False,none,spring_peak
2022-05-04,Cetirizine_10mg,Antihistamine,427,0.1,42.7,False,none,spring_peak
2022-05-05,Cetirizine_10mg,Antihistamine,459,0.1,45.9,False,none,spring_peak
2022-05-06,Cetirizine_10mg,Antihistamine,467,0.1,46.7,False,none,spring_peak
2022-05-07,Cetirizine_10mg,Antihistamine,444,0.1,44.4,False,none,spring_peak
2022-05-08,Cetirizine_10mg,Antihistamine,404,0.1,40.4,False,none,spring_peak
2022-05-09,Cetirizine_10mg,Antihistamine,525,0.1,52.5,False,none,spring_peak
2022-05-10,Cetirizine_10mg,Antihistamine,438,0.1,43.8,False,none,spring_peak
2022-05-11,Cetirizine_10mg,Antihistamine,546,0.1,54.6,False,none,spring_peak
2022-05-12,Cetirizine_10mg,Antihistamine,550,0.1,55.0,False,none,spring_peak
2022-05-13,Cetirizine_10mg,Antihistamine,419,0.1,41.9,False,none,spring_peak
2022-05-14,Cetirizine_10mg,Antihistamine,376,0.1,37.6,False,none,spring_peak
2022-05-15,Cetirizine_10mg,Antihistamine,414,0.1,41.4,False,none,spring_peak
2022-05-16,Cetirizine_10mg,Antihistamine,524,0.1,52.4,False,none,spring_peak
2022-05-17,Cetirizine_10mg,Antihistamine,472,0.1,47.2,False,none,spring_peak
2022-05-18,Cetirizine_10mg,Antihistamine,486,0.1,48.6,False,none,spring_peak
2022-05-19,Cetirizine_10mg,Antihistamine,475,0.1,47.5,False,none,spring_peak
2022-05-20,Cetirizine_10mg,Antihistamine,503,0.1,50.3,False,none,spring_peak
2022-05-21,Cetirizine_10mg,Antihistamine,437,0.1,43.7,False,none,spring_peak
2022-05-22,Cetirizine_10mg,Antihistamine,374,0.1,37.4,False,none,spring_peak
2022-05-23,Cetirizine_10mg,Antihistamine,539,0.1,53.9,False,none,spring_peak
2022-05-24,Cetirizine_10mg,Antihistamine,468,0.1,46.8,False,none,spring_peak
2022-05-25,Cetirizine_10mg,Antihistamine,465,0.1,46.5,False,none,spring_peak
2022-05-26,Cetirizine_10mg,Antihistamine,532,0.1,53.2,False,none,spring_peak
2022-05-27,Cetirizine_10mg,Antihistamine,536,0.1,53.6,False,none,spring_peak
2022-05-28,Cetirizine_10mg,Antihistamine,426,0.1,42.6,False,none,spring_peak
2022-05-29,Cetirizine_10mg,Antihistamine,357,0.1,35.7,False,none,spring_peak
2022-05-30,Cetirizine_10mg,Antihistamine,481,0.1,48.1,False,none,spring_peak
2022-05-31,Cetirizine_10mg,Antihistamine,532,0.1,53.2,False,none,spring_peak
2022-06-01,Cetirizine_10mg,Antihistamine,412,0.1,41.2,False,none,spring_peak
2022-06-02,Cetirizine_10mg,Antihistamine,375,0.1,37.5,False,none,spring_peak
2022-06-03,Cetirizine_10mg,Antihistamine,426,0.1,42.6,False,none,spring_peak
2022-06-04,Cetirizine_10mg,Antihistamine,309,0.1,30.9,False,none,spring_peak
2022-06-05,Cetirizine_10mg,Antihistamine,376,0.1,37.6,False,none,spring_peak
2022-06-06,Cetirizine_10mg,Antihistamine,461,0.1,46.1,False,none,spring_peak
2022-06-07,Cetirizine_10mg,Antihistamine,431,0.1,43.1,False,none,spring_peak
2022-06-08,Cetirizine_10mg,Antihistamine,455,0.1,45.5,False,none,spring_peak
2022-06-09,Cetirizine_10mg,Antihistamine,413,0.1,41.3,False,none,spring_peak
2022-06-10,Cetirizine_10mg,Antihistamine,436,0.1,43.6,False,none,spring_peak
2022-06-11,Cetirizine_10mg,Antihistamine,368,0.1,36.8,False,none,spring_peak
2022-06-12,Cetirizine_10mg,Antihistamine,335,0.1,33.5,False,none,spring_peak
2022-06-13,Cetirizine_10mg,Antihistamine,403,0.1,40.3,False,none,spring_peak
2022-06-14,Cetirizine_10mg,Antihistamine,355,0.1,35.5,False,none,spring_peak
2022-06-15,Cetirizine_10mg,Antihistamine,408,0.1,40.8,False,none,spring_peak
2022-06-16,Cetirizine_10mg,Antihistamine,438,0.1,43.8,False,none,spring_peak
2022-06-17,Cetirizine_10mg,Antihistamine,442,0.1,44.2,False,none,spring_peak
2022-06-18,Cetirizine_10mg,Antihistamine,342,0.1,34.2,False,none,spring_peak
2022-06-19,Cetirizine_10mg,Antihistamine,314,0.1,31.4,False,none,spring_peak
2022-06-20,Cetirizine_10mg,Antihistamine,346,0.1,34.6,False,none,spring_peak
2022-06-21,Cetirizine_10mg,Antihistamine,395,0.1,39.5,False,none,spring_peak
2022-06-22,Cetirizine_10mg,Antihistamine,401,0.1,40.1,False,none,spring_peak
2022-06-23,Cetirizine_10mg,Antihistamine,401,0.1,40.1,False,none,spring_peak
2022-06-24,Cetirizine_10mg,Antihistamine,432,0.1,43.2,False,none,spring_peak
2022-06-25,Cetirizine_10mg,Antihistamine,381,0.1,38.1,False,none,spring_peak
2022-06-26,Cetirizine_10mg,Antihistamine,332,0.1,33.2,False,none,spring_peak
2022-06-27,Cetirizine_10mg,Antihistamine,405,0.1,40.5,False,none,spring_peak
2022-06-28,Cetirizine_10mg,Antihistamine,403,0.1,40.3,False,none,spring_peak
2022-06-29,Cetirizine_10mg,Antihistamine,416,0.1,41.6,False,none,spring_peak
2022-06-30,Cetirizine_10mg,Antihistamine,385,0.1,38.5,False,none,spring_peak
2022-07-01,Cetirizine_10mg,Antihistamine,325,0.1,32.5,False,none,spring_peak
2022-07-02,Cetirizine_10mg,Antihistamine,267,0.1,26.7,False,none,spring_peak
2022-07-03,Cetirizine_10mg,Antihistamine,262,0.1,26.2,False,none,spring_peak
2022-07-04,Cetirizine_10mg,Antihistamine,334,0.1,33.4,False,none,spring_peak
2022-07-05,Cetirizine_10mg,Antihistamine,334,0.1,33.4,False,none,spring_peak
2022-07-06,Cetirizine_10mg,Antihistamine,277,0.1,27.7,False,none,spring_peak
2022-07-07,Cetirizine_10mg,Antihistamine,339,0.1,33.9,False,none,spring_peak
2022-07-08,Cetirizine_10mg,Antihistamine,305,0.1,30.5,False,none,spring_peak
2022-07-09,Cetirizine_10mg,Antihistamine,235,0.1,23.5,False,none,spring_peak
2022-07-10,Cetirizine_10mg,Antihistamine,235,0.1,23.5,False,none,spring_peak
2022-07-11,Cetirizine_10mg,Antihistamine,334,0.1,33.4,False,none,spring_peak
2022-07-12,Cetirizine_10mg,Antihistamine,317,0.1,31.7,False,none,spring_peak
2022-07-13,Cetirizine_10mg,Antihistamine,279,0.1,27.9,False,none,spring_peak
2022-07-14,Cetirizine_10mg,Antihistamine,335,0.1,33.5,False,none,spring_peak
2022-07-15,Cetirizine_10mg,Antihistamine,286,0.1,28.6,False,none,spring_peak
2022-07-16,Cetirizine_10mg,Antihistamine,261,0.1,26.1,False,none,spring_peak
2022-07-17,Cetirizine_10mg,Antihistamine,263,0.1,26.3,False,none,spring_peak
2022-07-18,Cetirizine_10mg,Antihistamine,346,0.1,34.6,False,none,spring_peak
2022-07-19,Cetirizine_10mg,Antihistamine,369,0.1,36.9,False,none,spring_peak
2022-07-20,Cetirizine_10mg,Antihistamine,288,0.1,28.8,False,none,spring_peak
2022-07-21,Cetirizine_10mg,Antihistamine,322,0.1,32.2,False,none,spring_peak
2022-07-22,Cetirizine_10mg,Antihistamine,316,0.1,31.6,False,none,spring_peak
2022-07-23,Cetirizine_10mg,Antihistamine,267,0.1,26.7,False,none,spring_peak
2022-07-24,Cetirizine_10mg,Antihistamine,263,0.1,26.3,False,none,spring_peak
2022-07-25,Cetirizine_10mg,Antihistamine,314,0.1,31.4,False,none,spring_peak
2022-07-26,Cetirizine_10mg,Antihistamine,312,0.1,31.2,False,none,spring_peak
2022-07-27,Cetirizine_10mg,Antihistamine,294,0.1,29.4,False,none,spring_peak
2022-07-28,Cetirizine_10mg,Antihistamine,349,0.1,34.9,False,none,spring_peak
2022-07-29,Cetirizine_10mg,Antihistamine,335,0.1,33.5,False,none,spring_peak
2022-07-30,Cetirizine_10mg,Antihistamine,277,0.1,27.7,False,none,spring_peak
2022-07-31,Cetirizine_10mg,Antihistamine,252,0.1,25.2,False,none,spring_peak
2022-08-01,Cetirizine_10mg,Antihistamine,290,0.1,29.0,False,none,spring_peak
2022-08-02,Cetirizine_10mg,Antihistamine,279,0.1,27.9,False,none,spring_peak
2022-08-03,Cetirizine_10mg,Antihistamine,315,0.1,31.5,False,none,spring_peak
2022-08-04,Cetirizine_10mg,Antihistamine,280,0.1,28.0,False,none,spring_peak
2022-08-05,Cetirizine_10mg,Antihistamine,351,0.1,35.1,False,none,spring_peak
2022-08-06,Cetirizine_10mg,Antihistamine,219,0.1,21.9,False,none,spring_peak
2022-08-07,Cetirizine_10mg,Antihistamine,250,0.1,25.0,False,none,spring_peak
2022-08-08,Cetirizine_10mg,Antihistamine,344,0.1,34.4,False,none,spring_peak
2022-08-09,Cetirizine_10mg,Antihistamine,321,0.1,32.1,False,none,spring_peak
2022-08-10,Cetirizine_10mg,Antihistamine,310,0.1,31.0,False,none,spring_peak
2022-08-11,Cetirizine_10mg,Antihistamine,282,0.1,28.2,False,none,spring_peak
2022-08-12,Cetirizine_10mg,Antihistamine,272,0.1,27.2,False,none,spring_peak
2022-08-13,Cetirizine_10mg,Antihistamine,260,0.1,26.0,False,none,spring_peak
2022-08-14,Cetirizine_10mg,Antihistamine,274,0.1,27.4,False,none,spring_peak
2022-08-15,Cetirizine_10mg,Antihistamine,295,0.1,29.5,False,none,spring_peak
2022-08-16,Cetirizine_10mg,Antihistamine,278,0.1,27.8,False,none,spring_peak
2022-08-17,Cetirizine_10mg,Antihistamine,246,0.1,24.6,False,none,spring_peak
2022-08-18,Cetirizine_10mg,Antihistamine,282,0.1,28.2,False,none,spring_peak
2022-08-19,Cetirizine_10mg,Antihistamine,304,0.1,30.4,False,none,spring_peak
2022-08-20,Cetirizine_10mg,Antihistamine,276,0.1,27.6,False,none,spring_peak
2022-08-21,Cetirizine_10mg,Antihistamine,258,0.1,25.8,False,none,spring_peak
2022-08-22,Cetirizine_10mg,Antihistamine,314,0.1,31.4,False,none,spring_peak
2022-08-23,Cetirizine_10mg,Antihistamine,297,0.1,29.7,False,none,spring_peak
2022-08-24,Cetirizine_10mg,Antihistamine,292,0.1,29.2,False,none,spring_peak
2022-08-25,Cetirizine_10mg,Antihistamine,341,0.1,34.1,False,none,spring_peak
2022-08-26,Cetirizine_10mg,Antihistamine,312,0.1,31.2,False,none,spring_peak
2022-08-27,Cetirizine_10mg,Antihistamine,204,0.1,20.4,False,none,spring_peak
2022-08-28,Cetirizine_10mg,Antihistamine,232,0.1,23.2,False,none,spring_peak
2022-08-29,Cetirizine_10mg,Antihistamine,286,0.1,28.6,False,none,spring_peak
2022-08-30,Cetirizine_10mg,Antihistamine,293,0.1,29.3,False,none,spring_peak
2022-08-31,Cetirizine_10mg,Antihistamine,321,0.1,32.1,False,none,spring_peak
2022-09-01,Cetirizine_10mg,Antihistamine,322,0.1,32.2,False,none,spring_peak
2022-09-02,Cetirizine_10mg,Antihistamine,323,0.1,32.3,False,none,spring_peak
2022-09-03,Cetirizine_10mg,Antihistamine,287,0.1,28.7,False,none,spring_peak
2022-09-04,Cetirizine_10mg,Antihistamine,245,0.1,24.5,False,none,spring_peak
2022-09-05,Cetirizine_10mg,Antihistamine,374,0.1,37.4,False,none,spring_peak
2022-09-06,Cetirizine_10mg,Antihistamine,308,0.1,30.8,False,none,spring_peak
2022-09-07,Cetirizine_10mg,Antihistamine,328,0.1,32.8,False,none,spring_peak
2022-09-08,Cetirizine_10mg,Antihistamine,318,0.1,31.8,False,none,spring_peak
2022-09-09,Cetirizine_10mg,Antihistamine,329,0.1,32.9,False,none,spring_peak
2022-09-10,Cetirizine_10mg,Antihistamine,269,0.1,26.9,False,none,spring_peak
2022-09-11,Cetirizine_10mg,Antihistamine,269,0.1,26.9,False,none,spring_peak
2022-09-12,Cetirizine_10mg,Antihistamine,306,0.1,30.6,False,none,spring_peak
2022-09-13,Cetirizine_10mg,Antihistamine,296,0.1,29.6,False,none,spring_peak
2022-09-14,Cetirizine_10mg,Antihistamine,391,0.1,39.1,False,none,spring_peak
2022-09-15,Cetirizine_10mg,Antihistamine,313,0.1,31.3,False,none,spring_peak
2022-09-16,Cetirizine_10mg,Antihistamine,344,0.1,34.4,False,none,spring_peak
2022-09-17,Cetirizine_10mg,Antihistamine,227,0.1,22.7,False,none,spring_peak
2022-09-18,Cetirizine_10mg,Antihistamine,254,0.1,25.4,False,none,spring_peak
2022-09-19,Cetirizine_10mg,Antihistamine,322,0.1,32.2,False,none,spring_peak
2022-09-20,Cetirizine_10mg,Antihistamine,338,0.1,33.8,False,none,spring_peak
2022-09-21,Cetirizine_10mg,Antihistamine,255,0.1,25.5,False,none,spring_peak
2022-09-22,Cetirizine_10mg,Antihistamine,330,0.1,33.0,False,none,spring_peak
2022-09-23,Cetirizine_10mg,Antihistamine,296,0.1,29.6,False,none,spring_peak
2022-09-24,Cetirizine_10mg,Antihistamine,267,0.1,26.7,False,none,spring_peak
2022-09-25,Cetirizine_10mg,Antihistamine,239,0.1,23.9,False,none,spring_peak
2022-09-26,Cetirizine_10mg,Antihistamine,304,0.1,30.4,False,none,spring_peak
2022-09-27,Cetirizine_10mg,Antihistamine,319,0.1,31.9,False,none,spring_peak
2022-09-28,Cetirizine_10mg,Antihistamine,299,0.1,29.9,False,none,spring_peak
2022-09-29,Cetirizine_10mg,Antihistamine,314,0.1,31.4,False,none,spring_peak
2022-09-30,Cetirizine_10mg,Antihistamine,295,0.1,29.5,False,none,spring_peak
2022-10-01,Cetirizine_10mg,Antihistamine,247,0.1,24.7,False,none,spring_peak
2022-10-02,Cetirizine_10mg,Antihistamine,313,0.1,31.3,False,none,spring_peak
2022-10-03,Cetirizine_10mg,Antihistamine,325,0.1,32.5,False,none,spring_peak
2022-10-04,Cetirizine_10mg,Antihistamine,358,0.1,35.8,False,none,spring_peak
2022-10-05,Cetirizine_10mg,Antihistamine,385,0.1,38.5,False,none,spring_peak
2022-10-06,Cetirizine_10mg,Antihistamine,345,0.1,34.5,False,none,spring_peak
2022-10-07,Cetirizine_10mg,Antihistamine,339,0.1,33.9,False,none,spring_peak
2022-10-08,Cetirizine_10mg,Antihistamine,296,0.1,29.6,False,none,spring_peak
2022-10-09,Cetirizine_10mg,Antihistamine,316,0.1,31.6,False,none,spring_peak
2022-10-10,Cetirizine_10mg,Antihistamine,329,0.1,32.9,False,none,spring_peak
2022-10-11,Cetirizine_10mg,Antihistamine,359,0.1,35.9,False,none,spring_peak
2022-10-12,Cetirizine_10mg,Antihistamine,313,0.1,31.3,False,none,spring_peak
2022-10-13,Cetirizine_10mg,Antihistamine,352,0.1,35.2,False,none,spring_peak
2022-10-14,Cetirizine_10mg,Antihistamine,364,0.1,36.4,False,none,spring_peak
2022-10-15,Cetirizine_10mg,Antihistamine,270,0.1,27.0,False,none,spring_peak
2022-10-16,Cetirizine_10mg,Antihistamine,280,0.1,28.0,False,none,spring_peak
2022-10-17,Cetirizine_10mg,Antihistamine,322,0.1,32.2,False,none,spring_peak
2022-10-18,Cetirizine_10mg,Antihistamine,366,0.1,36.6,False,none,spring_peak
2022-10-19,Cetirizine_10mg,Antihistamine,394,0.1,39.4,False,none,spring_peak
2022-10-20,Cetirizine_10mg,Antihistamine,332,0.1,33.2,False,none,spring_peak
2022-10-21,Cetirizine_10mg,Antihistamine,345,0.1,34.5,False,none,spring_peak
2022-10-22,Cetirizine_10mg,Antihistamine,302,0.1,30.2,False,none,spring_peak
2022-10-23,Cetirizine_10mg,Antihistamine,319,0.1,31.9,False,none,spring_peak
2022-10-24,Cetirizine_10mg,Antihistamine,320,0.1,32.0,False,none,spring_peak
2022-10-25,Cetirizine_10mg,Antihistamine,359,0.1,35.9,False,none,spring_peak
2022-10-26,Cetirizine_10mg,Antihistamine,372,0.1,37.2,False,none,spring_peak
2022-10-27,Cetirizine_10mg,Antihistamine,361,0.1,36.1,False,none,spring_peak
2022-10-28,Cetirizine_10mg,Antihistamine,292,0.1,29.2,False,none,spring_peak
2022-10-29,Cetirizine_10mg,Antihistamine,303,0.1,30.3,False,none,spring_peak
2022-10-30,Cetirizine_10mg,Antihistamine,326,0.1,32.6,False,none,spring_peak
2022-10-31,Cetirizine_10mg,Antihistamine,367,0.1,36.7,False,none,spring_peak
2022-11-01,Cetirizine_10mg,Antihistamine,317,0.1,31.7,False,none,spring_peak
2022-11-02,Cetirizine_10mg,Antihistamine,332,0.1,33.2,False,none,spring_peak
2022-11-03,Cetirizine_10mg,Antihistamine,395,0.1,39.5,False,none,spring_peak
2022-11-04,Cetirizine_10mg,Antihistamine,371,0.1,37.1,False,none,spring_peak
2022-11-05,Cetirizine_10mg,Antihistamine,291,0.1,29.1,False,none,spring_peak
2022-11-06,Cetirizine_10mg,Antihistamine,284,0.1,28.4,False,none,spring_peak
2022-11-07,Cetirizine_10mg,Antihistamine,328,0.1,32.8,False,none,spring_peak
2022-11-08,Cetirizine_10mg,Antihistamine,341,0.1,34.1,False,none,spring_peak
2022-11-09,Cetirizine_10mg,Antihistamine,344,0.1,34.4,False,none,spring_peak
2022-11-10,Cetirizine_10mg,Antihistamine,362,0.1,36.2,False,none,spring_peak
2022-11-11,Cetirizine_10mg,Antihistamine,388,0.1,38.8,False,none,spring_peak
2022-11-12,Cetirizine_10mg,Antihistamine,301,0.1,30.1,False,none,spring_peak
2022-11-13,Cetirizine_10mg,Antihistamine,245,0.1,24.5,False,none,spring_peak
2022-11-14,Cetirizine_10mg,Antihistamine,353,0.1,35.3,False,none,spring_peak
2022-11-15,Cetirizine_10mg,Antihistamine,367,0.1,36.7,False,none,spring_peak
2022-11-16,Cetirizine_10mg,Antihistamine,364,0.1,36.4,False,none,spring_peak
2022-11-17,Cetirizine_10mg,Antihistamine,329,0.1,32.9,False,none,spring_peak
2022-11-18,Cetirizine_10mg,Antihistamine,428,0.1,42.8,False,none,spring_peak
2022-11-19,Cetirizine_10mg,Antihistamine,248,0.1,24.8,False,none,spring_peak
2022-11-20,Cetirizine_10mg,Antihistamine,253,0.1,25.3,False,none,spring_peak
2022-11-21,Cetirizine_10mg,Antihistamine,353,0.1,35.3,False,none,spring_peak
2022-11-22,Cetirizine_10mg,Antihistamine,406,0.1,40.6,False,none,spring_peak
2022-11-23,Cetirizine_10mg,Antihistamine,324,0.1,32.4,False,none,spring_peak
2022-11-24,Cetirizine_10mg,Antihistamine,340,0.1,34.0,False,none,spring_peak
2022-11-25,Cetirizine_10mg,Antihistamine,377,0.1,37.7,False,none,spring_peak
2022-11-26,Cetirizine_10mg,Antihistamine,276,0.1,27.6,False,none,spring_peak
2022-11-27,Cetirizine_10mg,Antihistamine,270,0.1,27.0,False,none,spring_peak
2022-11-28,Cetirizine_10mg,Antihistamine,363,0.1,36.3,False,none,spring_peak
2022-11-29,Cetirizine_10mg,Antihistamine,355,0.1,35.5,False,none,spring_peak
2022-11-30,Cetirizine_10mg,Antihistamine,376,0.1,37.6,False,none,spring_peak
2022-12-01,Cetirizine_10mg,Antihistamine,343,0.1,34.3,False,none,spring_peak
2022-12-02,Cetirizine_10mg,Antihistamine,318,0.1,31.8,False,none,spring_peak
2022-12-03,Cetirizine_10mg,Antihistamine,254,0.1,25.4,False,none,spring_peak
2022-12-04,Cetirizine_10mg,Antihistamine,252,0.1,25.2,False,none,spring_peak
2022-12-05,Cetirizine_10mg,Antihistamine,323,0.1,32.3,False,none,spring_peak
2022-12-06,Cetirizine_10mg,Antihistamine,312,0.1,31.2,False,none,spring_peak
2022-12-07,Cetirizine_10mg,Antihistamine,311,0.1,31.1,False,none,spring_peak
2022-12-08,Cetirizine_10mg,Antihistamine,341,0.1,34.1,False,none,spring_peak
2022-12-09,Cetirizine_10mg,Antihistamine,349,0.1,34.9,False,none,spring_peak
2022-12-10,Cetirizine_10mg,Antihistamine,218,0.1,21.8,False,none,spring_peak
2022-12-11,Cetirizine_10mg,Antihistamine,248,0.1,24.8,False,none,spring_peak
2022-12-12,Cetirizine_10mg,Antihistamine,294,0.1,29.4,False,none,spring_peak
2022-12-13,Cetirizine_10mg,Antihistamine,303,0.1,30.3,False,none,spring_peak
2022-12-14,Cetirizine_10mg,Antihistamine,321,0.1,32.1,False,none,spring_peak
2022-12-15,Cetirizine_10mg,Antihistamine,328,0.1,32.8,False,none,spring_peak
2022-12-16,Cetirizine_10mg,Antihistamine,308,0.1,30.8,False,none,spring_peak
2022-12-17,Cetirizine_10mg,Antihistamine,211,0.1,21.1,False,none,spring_peak
2022-12-18,Cetirizine_10mg,Antihistamine,229,0.1,22.9,False,none,spring_peak
2022-12-19,Cetirizine_10mg,Antihistamine,334,0.1,33.4,False,none,spring_peak
2022-12-20,Cetirizine_10mg,Antihistamine,243,0.1,24.3,False,none,spring_peak
2022-12-21,Cetirizine_10mg,Antihistamine,341,0.1,34.1,False,none,spring_peak
2022-12-22,Cetirizine_10mg,Antihistamine,324,0.1,32.4,False,none,spring_peak
2022-12-23,Cetirizine_10mg,Antihistamine,344,0.1,34.4,False,none,spring_peak
2022-12-24,Cetirizine_10mg,Antihistamine,245,0.1,24.5,False,none,spring_peak
2022-12-25,Cetirizine_10mg,Antihistamine,208,0.1,20.8,False,none,spring_peak
2022-12-26,Cetirizine_10mg,Antihistamine,322,0.1,32.2,False,none,spring_peak
2022-12-27,Cetirizine_10mg,Antihistamine,344,0.1,34.4,False,none,spring_peak
2022-12-28,Cetirizine_10mg,Antihistamine,335,0.1,33.5,False,none,spring_peak
2022-12-29,Cetirizine_10mg,Antihistamine,295,0.1,29.5,False,none,spring_peak
2022-12-30,Cetirizine_10mg,Antihistamine,314,0.1,31.4,False,none,spring_peak
2022-12-31,Cetirizine_10mg,Antihistamine,239,0.1,23.9,False,none,spring_peak
2023-01-01,Cetirizine_10mg,Antihistamine,232,0.1,23.2,False,none,spring_peak
2023-01-02,Cetirizine_10mg,Antihistamine,336,0.1,33.6,False,none,spring_peak
2023-01-03,Cetirizine_10mg,Antihistamine,282,0.1,28.2,False,none,spring_peak
2023-01-04,Cetirizine_10mg,Antihistamine,290,0.1,29.0,False,none,spring_peak
2023-01-05,Cetirizine_10mg,Antihistamine,284,0.1,28.4,False,none,spring_peak
2023-01-06,Cetirizine_10mg,Antihistamine,275,0.1,27.5,False,none,spring_peak
2023-01-07,Cetirizine_10mg,Antihistamine,252,0.1,25.2,False,none,spring_peak
2023-01-08,Cetirizine_10mg,Antihistamine,272,0.1,27.2,False,none,spring_peak
2023-01-09,Cetirizine_10mg,Antihistamine,308,0.1,30.8,False,none,spring_peak
2023-01-10,Cetirizine_10mg,Antihistamine,275,0.1,27.5,False,none,spring_peak
2023-01-11,Cetirizine_10mg,Antihistamine,333,0.1,33.3,False,none,spring_peak
2023-01-12,Cetirizine_10mg,Antihistamine,355,0.1,35.5,False,none,spring_peak
2023-01-13,Cetirizine_10mg,Antihistamine,296,0.1,29.6,False,none,spring_peak
2023-01-14,Cetirizine_10mg,Antihistamine,240,0.1,24.0,False,none,spring_peak
2023-01-15,Cetirizine_10mg,Antihistamine,260,0.1,26.0,False,none,spring_peak
2023-01-16,Cetirizine_10mg,Antihistamine,353,0.1,35.3,False,none,spring_peak
2023-01-17,Cetirizine_10mg,Antihistamine,300,0.1,30.0,False,none,spring_peak
2023-01-18,Cetirizine_10mg,Antihistamine,279,0.1,27.9,False,none,spring_peak
2023-01-19,Cetirizine_10mg,Antihistamine,328,0.1,32.8,False,none,spring_peak
2023-01-20,Cetirizine_10mg,Antihistamine,333,0.1,33.3,False,none,spring_peak
2023-01-21,Cetirizine_10mg,Antihistamine,250,0.1,25.0,False,none,spring_peak
2023-01-22,Cetirizine_10mg,Antihistamine,239,0.1,23.9,False,none,spring_peak
2023-01-23,Cetirizine_10mg,Antihistamine,338,0.1,33.8,False,none,spring_peak
2023-01-24,Cetirizine_10mg,Antihistamine,326,0.1,32.6,False,none,spring_peak
2023-01-25,Cetirizine_10mg,Antihistamine,294,0.1,29.4,False,none,spring_peak
2023-01-26,Cetirizine_10mg,Antihistamine,314,0.1,31.4,False,none,spring_peak
2023-01-27,Cetirizine_10mg,Antihistamine,279,0.1,27.9,False,none,spring_peak
2023-01-28,Cetirizine_10mg,Antihistamine,264,0.1,26.4,False,none,spring_peak
2023-01-29,Cetirizine_10mg,Antihistamine,244,0.1,24.4,False,none,spring_peak
2023-01-30,Cetirizine_10mg,Antihistamine,302,0.1,30.2,False,none,spring_peak
2023-01-31,Cetirizine_10mg,Antihistamine,312,0.1,31.2,False,none,spring_peak
2023-02-01,Cetirizine_10mg,Antihistamine,333,0.1,33.3,False,none,spring_peak
2023-02-02,Cetirizine_10mg,Antihistamine,355,0.1,35.5,False,none,spring_peak
2023-02-03,Cetirizine_10mg,Antihistamine,347,0.1,34.7,False,none,spring_peak
2023-02-04,Cetirizine_10mg,Antihistamine,262,0.1,26.2,False,none,spring_peak
2023-02-05,Cetirizine_10mg,Antihistamine,281,0.1,28.1,False,none,spring_peak
2023-02-06,Cetirizine_10mg,Antihistamine,342,0.1,34.2,False,none,spring_peak
2023-02-07,Cetirizine_10mg,Antihistamine,321,0.1,32.1,False,none,spring_peak
2023-02-08,Cetirizine_10mg,Antihistamine,329,0.1,32.9,False,none,spring_peak
2023-02-09,Cetirizine_10mg,Antihistamine,328,0.1,32.8,False,none,spring_peak
2023-02-10,Cetirizine_10mg,Antihistamine,345,0.1,34.5,False,none,spring_peak
2023-02-11,Cetirizine_10mg,Antihistamine,257,0.1,25.7,False,none,spring_peak
2023-02-12,Cetirizine_10mg,Antihistamine,257,0.1,25.7,False,none,spring_peak
2023-02-13,Cetirizine_10mg,Antihistamine,384,0.1,38.4,False,none,spring_peak
2023-02-14,Cetirizine_10mg,Antihistamine,357,0.1,35.7,False,none,spring_peak
2023-02-15,Cetirizine_10mg,Antihistamine,312,0.1,31.2,False,none,spring_peak
2023-02-16,Cetirizine_10mg,Antihistamine,347,0.1,34.7,False,none,spring_peak
2023-02-17,Cetirizine_10mg,Antihistamine,335,0.1,33.5,False,none,spring_peak
2023-02-18,Cetirizine_10mg,Antihistamine,274,0.1,27.4,False,none,spring_peak
2023-02-19,Cetirizine_10mg,Antihistamine,268,0.1,26.8,False,none,spring_peak
2023-02-20,Cetirizine_10mg,Antihistamine,364,0.1,36.4,False,none,spring_peak
2023-02-21,Cetirizine_10mg,Antihistamine,342,0.1,34.2,False,none,spring_peak
2023-02-22,Cetirizine_10mg,Antihistamine,331,0.1,33.1,False,none,spring_peak
2023-02-23,Cetirizine_10mg,Antihistamine,360,0.1,36.0,False,none,spring_peak
2023-02-24,Cetirizine_10mg,Antihistamine,339,0.1,33.9,False,none,spring_peak
2023-02-25,Cetirizine_10mg,Antihistamine,268,0.1,26.8,False,none,spring_peak
2023-02-26,Cetirizine_10mg,Antihistamine,272,0.1,27.2,False,none,spring_peak
2023-02-27,Cetirizine_10mg,Antihistamine,330,0.1,33.0,False,none,spring_peak
2023-02-28,Cetirizine_10mg,Antihistamine,333,0.1,33.3,False,none,spring_peak
2023-03-01,Cetirizine_10mg,Antihistamine,423,0.1,42.3,False,none,spring_peak
2023-03-02,Cetirizine_10mg,Antihistamine,417,0.1,41.7,False,none,spring_peak
2023-03-03,Cetirizine_10mg,Antihistamine,408,0.1,40.8,False,none,spring_peak
2023-03-04,Cetirizine_10mg,Antihistamine,316,0.1,31.6,False,none,spring_peak
2023-03-05,Cetirizine_10mg,Antihistamine,330,0.1,33.0,False,none,spring_peak
2023-03-06,Cetirizine_10mg,Antihistamine,438,0.1,43.8,False,none,spring_peak
2023-03-07,Cetirizine_10mg,Antihistamine,448,0.1,44.8,False,none,spring_peak
2023-03-08,Cetirizine_10mg,Antihistamine,435,0.1,43.5,False,none,spring_peak
2023-03-09,Cetirizine_10mg,Antihistamine,361,0.1,36.1,False,none,spring_peak
2023-03-10,Cetirizine_10mg,Antihistamine,500,0.1,50.0,False,none,spring_peak
2023-03-11,Cetirizine_10mg,Antihistamine,386,0.1,38.6,False,none,spring_peak
2023-03-12,Cetirizine_10mg,Antihistamine,368,0.1,36.8,False,none,spring_peak
2023-03-13,Cetirizine_10mg,Antihistamine,513,0.1,51.3,False,none,spring_peak
2023-03-14,Cetirizine_10mg,Antihistamine,410,0.1,41.0,False,none,spring_peak
2023-03-15,Cetirizine_10mg,Antihistamine,512,0.1,51.2,False,none,spring_peak
2023-03-16,Cetirizine_10mg,Antihistamine,410,0.1,41.0,False,none,spring_peak
2023-03-17,Cetirizine_10mg,Antihistamine,453,0.1,45.3,False,none,spring_peak
2023-03-18,Cetirizine_10mg,Antihistamine,319,0.1,31.9,False,none,spring_peak
2023-03-19,Cetirizine_10mg,Antihistamine,356,0.1,35.6,False,none,spring_peak
2023-03-20,Cetirizine_10mg,Antihistamine,459,0.1,45.9,False,none,spring_peak
2023-03-21,Cetirizine_10mg,Antihistamine,440,0.1,44.0,False,none,spring_peak
2023-03-22,Cetirizine_10mg,Antihistamine,471,0.1,47.1,False,none,spring_peak
2023-03-23,Cetirizine_10mg,Antihistamine,449,0.1,44.9,False,none,spring_peak
2023-03-24,Cetirizine_10mg,Antihistamine,427,0.1,42.7,False,none,spring_peak
2023-03-25,Cetirizine_10mg,Antihistamine,340,0.1,34.0,False,none,spring_peak
2023-03-26,Cetirizine_10mg,Antihistamine,379,0.1,37.9,False,none,spring_peak
2023-03-27,Cetirizine_10mg,Antihistamine,422,0.1,42.2,False,none,spring_peak
2023-03-28,Cetirizine_10mg,Antihistamine,478,0.1,47.8,False,none,spring_peak
2023-03-29,Cetirizine_10mg,Antihistamine,489,0.1,48.9,False,none,spring_peak
2023-03-30,Cetirizine_10mg,Antihistamine,386,0.1,38.6,False,none,spring_peak
2023-03-31,Cetirizine_10mg,Antihistamine,486,0.1,48.6,False,none,spring_peak
2023-04-01,Cetirizine_10mg,Antihistamine,501,0.1,50.1,False,none,spring_peak
2023-04-02,Cetirizine_10mg,Antihistamine,440,0.1,44.0,False,none,spring_peak
2023-04-03,Cetirizine_10mg,Antihistamine,565,0.1,56.5,False,none,spring_peak
2023-04-04,Cetirizine_10mg,Antihistamine,584,0.1,58.4,False,none,spring_peak
2023-04-05,Cetirizine_10mg,Antihistamine,527,0.1,52.7,False,none,spring_peak
2023-04-06,Cetirizine_10mg,Antihistamine,547,0.1,54.7,False,none,spring_peak
2023-04-07,Cetirizine_10mg,Antihistamine,482,0.1,48.2,False,none,spring_peak
2023-04-08,Cetirizine_10mg,Antihistamine,436,0.1,43.6,False,none,spring_peak
2023-04-09,Cetirizine_10mg,Antihistamine,448,0.1,44.8,False,none,spring_peak
2023-04-10,Cetirizine_10mg,Antihistamine,562,0.1,56.2,False,none,spring_peak
2023-04-11,Cetirizine_10mg,Antihistamine,585,0.1,58.5,False,none,spring_peak
2023-04-12,Cetirizine_10mg,Antihistamine,506,0.1,50.6,False,none,spring_peak
2023-04-13,Cetirizine_10mg,Antihistamine,516,0.1,51.6,False,none,spring_peak
2023-04-14,Cetirizine_10mg,Antihistamine,621,0.1,62.1,False,none,spring_peak
2023-04-15,Cetirizine_10mg,Antihistamine,426,0.1,42.6,False,none,spring_peak
2023-04-16,Cetirizine_10mg,Antihistamine,438,0.1,43.8,False,none,spring_peak
2023-04-17,Cetirizine_10mg,Antihistamine,537,0.1,53.7,False,none,spring_peak
2023-04-18,Cetirizine_10mg,Antihistamine,504,0.1,50.4,False,none,spring_peak
2023-04-19,Cetirizine_10mg,Antihistamine,610,0.1,61.0,False,none,spring_peak
2023-04-20,Cetirizine_10mg,Antihistamine,517,0.1,51.7,False,none,spring_peak
2023-04-21,Cetirizine_10mg,Antihistamine,491,0.1,49.1,False,none,spring_peak
2023-04-22,Cetirizine_10mg,Antihistamine,416,0.1,41.6,False,none,spring_peak
2023-04-23,Cetirizine_10mg,Antihistamine,363,0.1,36.3,False,none,spring_peak
2023-04-24,Cetirizine_10mg,Antihistamine,512,0.1,51.2,False,none,spring_peak
2023-04-25,Cetirizine_10mg,Antihistamine,498,0.1,49.8,False,none,spring_peak
2023-04-26,Cetirizine_10mg,Antihistamine,567,0.1,56.7,False,none,spring_peak
2023-04-27,Cetirizine_10mg,Antihistamine,511,0.1,51.1,False,none,spring_peak
2023-04-28,Cetirizine_10mg,Antihistamine,579,0.1,57.9,False,none,spring_peak
2023-04-29,Cetirizine_10mg,Antihistamine,480,0.1,48.0,False,none,spring_peak
2023-04-30,Cetirizine_10mg,Antihistamine,459,0.1,45.9,False,none,spring_peak
2023-05-01,Cetirizine_10mg,Antihistamine,513,0.1,51.3,False,none,spring_peak
2023-05-02,Cetirizine_10mg,Antihistamine,528,0.1,52.8,False,none,spring_peak
2023-05-03,Cetirizine_10mg,Antihistamine,458,0.1,45.8,False,none,spring_peak
2023-05-04,Cetirizine_10mg,Antihistamine,517,0.1,51.7,False,none,spring_peak
2023-05-05,Cetirizine_10mg,Antihistamine,486,0.1,48.6,False,none,spring_peak
2023-05-06,Cetirizine_10mg,Antihistamine,440,0.1,44.0,False,none,spring_peak
2023-05-07,Cetirizine_10mg,Antihistamine,504,0.1,50.4,False,none,spring_peak
2023-05-08,Cetirizine_10mg,Antihistamine,543,0.1,54.3,False,none,spring_peak
2023-05-09,Cetirizine_10mg,Antihistamine,439,0.1,43.9,False,none,spring_peak
2023-05-10,Cetirizine_10mg,Antihistamine,508,0.1,50.8,False,none,spring_peak
2023-05-11,Cetirizine_10mg,Antihistamine,528,0.1,52.8,False,none,spring_peak
2023-05-12,Cetirizine_10mg,Antihistamine,526,0.1,52.6,False,none,spring_peak
2023-05-13,Cetirizine_10mg,Antihistamine,393,0.1,39.3,False,none,spring_peak
2023-05-14,Cetirizine_10mg,Antihistamine,426,0.1,42.6,False,none,spring_peak
2023-05-15,Cetirizine_10mg,Antihistamine,471,0.1,47.1,False,none,spring_peak
2023-05-16,Cetirizine_10mg,Antihistamine,483,0.1,48.3,False,none,spring_peak
2023-05-17,Cetirizine_10mg,Antihistamine,550,0.1,55.0,False,none,spring_peak
2023-05-18,Cetirizine_10mg,Antihistamine,481,0.1,48.1,False,none,spring_peak
2023-05-19,Cetirizine_10mg,Antihistamine,546,0.1,54.6,False,none,spring_peak
2023-05-20,Cetirizine_10mg,Antihistamine,372,0.1,37.2,False,none,spring_peak
2023-05-21,Cetirizine_10mg,Antihistamine,477,0.1,47.7,False,none,spring_peak
2023-05-22,Cetirizine_10mg,Antihistamine,491,0.1,49.1,False,none,spring_peak
2023-05-23,Cetirizine_10mg,Antihistamine,514,0.1,51.4,False,none,spring_peak
2023-05-24,Cetirizine_10mg,Antihistamine,537,0.1,53.7,False,none,spring_peak
2023-05-25,Cetirizine_10mg,Antihistamine,500,0.1,50.0,False,none,spring_peak
2023-05-26,Cetirizine_10mg,Antihistamine,530,0.1,53.0,False,none,spring_peak
2023-05-27,Cetirizine_10mg,Antihistamine,438,0.1,43.8,False,none,spring_peak
2023-05-28,Cetirizine_10mg,Antihistamine,451,0.1,45.1,False,none,spring_peak
2023-05-29,Cetirizine_10mg,Antihistamine,557,0.1,55.7,False,none,spring_peak
2023-05-30,Cetirizine_10mg,Antihistamine,517,0.1,51.7,False,none,spring_peak
2023-05-31,Cetirizine_10mg,Antihistamine,518,0.1,51.8,False,none,spring_peak
2023-06-01,Cetirizine_10mg,Antihistamine,511,0.1,51.1,False,none,spring_peak
2023-06-02,Cetirizine_10mg,Antihistamine,463,0.1,46.3,False,none,spring_peak
2023-06-03,Cetirizine_10mg,Antihistamine,319,0.1,31.9,False,none,spring_peak
2023-06-04,Cetirizine_10mg,Antihistamine,347,0.1,34.7,False,none,spring_peak
2023-06-05,Cetirizine_10mg,Antihistamine,419,0.1,41.9,False,none,spring_peak
2023-06-06,Cetirizine_10mg,Antihistamine,426,0.1,42.6,False,none,spring_peak
2023-06-07,Cetirizine_10mg,Antihistamine,388,0.1,38.8,False,none,spring_peak
2023-06-08,Cetirizine_10mg,Antihistamine,417,0.1,41.7,False,none,spring_peak
2023-06-09,Cetirizine_10mg,Antihistamine,493,0.1,49.3,False,none,spring_peak
2023-06-10,Cetirizine_10mg,Antihistamine,360,0.1,36.0,False,none,spring_peak
2023-06-11,Cetirizine_10mg,Antihistamine,276,0.1,27.6,False,none,spring_peak
2023-06-12,Cetirizine_10mg,Antihistamine,473,0.1,47.3,False,none,spring_peak
2023-06-13,Cetirizine_10mg,Antihistamine,469,0.1,46.9,False,none,spring_peak
2023-06-14,Cetirizine_10mg,Antihistamine,419,0.1,41.9,False,none,spring_peak
2023-06-15,Cetirizine_10mg,Antihistamine,456,0.1,45.6,False,none,spring_peak
2023-06-16,Cetirizine_10mg,Antihistamine,402,0.1,40.2,False,none,spring_peak
2023-06-17,Cetirizine_10mg,Antihistamine,332,0.1,33.2,False,none,spring_peak
2023-06-18,Cetirizine_10mg,Antihistamine,386,0.1,38.6,False,none,spring_peak
2023-06-19,Cetirizine_10mg,Antihistamine,422,0.1,42.2,False,none,spring_peak
2023-06-20,Cetirizine_10mg,Antihistamine,367,0.1,36.7,False,none,spring_peak
2023-06-21,Cetirizine_10mg,Antihistamine,429,0.1,42.9,False,none,spring_peak
2023-06-22,Cetirizine_10mg,Antihistamine,429,0.1,42.9,False,none,spring_peak
2023-06-23,Cetirizine_10mg,Antihistamine,473,0.1,47.3,False,none,spring_peak
2023-06-24,Cetirizine_10mg,Antihistamine,345,0.1,34.5,False,none,spring_peak
2023-06-25,Cetirizine_10mg,Antihistamine,333,0.1,33.3,False,none,spring_peak
2023-06-26,Cetirizine_10mg,Antihistamine,468,0.1,46.8,False,none,spring_peak
2023-06-27,Cetirizine_10mg,Antihistamine,436,0.1,43.6,False,none,spring_peak
2023-06-28,Cetirizine_10mg,Antihistamine,406,0.1,40.6,False,none,spring_peak
2023-06-29,Cetirizine_10mg,Antihistamine,472,0.1,47.2,False,none,spring_peak
2023-06-30,Cetirizine_10mg,Antihistamine,439,0.1,43.9,False,none,spring_peak
2023-07-01,Cetirizine_10mg,Antihistamine,270,0.1,27.0,False,none,spring_peak
2023-07-02,Cetirizine_10mg,Antihistamine,274,0.1,27.4,False,none,spring_peak
2023-07-03,Cetirizine_10mg,Antihistamine,309,0.1,30.9,False,none,spring_peak
2023-07-04,Cetirizine_10mg,Antihistamine,324,0.1,32.4,False,none,spring_peak
2023-07-05,Cetirizine_10mg,Antihistamine,338,0.1,33.8,False,none,spring_peak
2023-07-06,Cetirizine_10mg,Antihistamine,333,0.1,33.3,False,none,spring_peak
2023-07-07,Cetirizine_10mg,Antihistamine,373,0.1,37.3,False,none,spring_peak
2023-07-08,Cetirizine_10mg,Antihistamine,275,0.1,27.5,False,none,spring_peak
2023-07-09,Cetirizine_10mg,Antihistamine,289,0.1,28.9,False,none,spring_peak
2023-07-10,Cetirizine_10mg,Antihistamine,339,0.1,33.9,False,none,spring_peak
2023-07-11,Cetirizine_10mg,Antihistamine,367,0.1,36.7,False,none,spring_peak
2023-07-12,Cetirizine_10mg,Antihistamine,349,0.1,34.9,False,none,spring_peak
2023-07-13,Cetirizine_10mg,Antihistamine,339,0.1,33.9,False,none,spring_peak
2023-07-14,Cetirizine_10mg,Antihistamine,338,0.1,33.8,False,none,spring_peak
2023-07-15,Cetirizine_10mg,Antihistamine,250,0.1,25.0,False,none,spring_peak
2023-07-16,Cetirizine_10mg,Antihistamine,281,0.1,28.1,False,none,spring_peak
2023-07-17,Cetirizine_10mg,Antihistamine,338,0.1,33.8,False,none,spring_peak
2023-07-18,Cetirizine_10mg,Antihistamine,325,0.1,32.5,False,none,spring_peak
2023-07-19,Cetirizine_10mg,Antihistamine,369,0.1,36.9,False,none,spring_peak
2023-07-20,Cetirizine_10mg,Antihistamine,305,0.1,30.5,False,none,spring_peak
2023-07-21,Cetirizine_10mg,Antihistamine,327,0.1,32.7,False,none,spring_peak
2023-07-22,Cetirizine_10mg,Antihistamine,293,0.1,29.3,False,none,spring_peak
2023-07-23,Cetirizine_10mg,Antihistamine,278,0.1,27.8,False,none,spring_peak
2023-07-24,Cetirizine_10mg,Antihistamine,338,0.1,33.8,False,none,spring_peak
2023-07-25,Cetirizine_10mg,Antihistamine,346,0.1,34.6,False,none,spring_peak
2023-07-26,Cetirizine_10mg,Antihistamine,344,0.1,34.4,False,none,spring_peak
2023-07-27,Cetirizine_10mg,Antihistamine,298,0.1,29.8,False,none,spring_peak
2023-07-28,Cetirizine_10mg,Antihistamine,330,0.1,33.0,False,none,spring_peak
2023-07-29,Cetirizine_10mg,Antihistamine,306,0.1,30.6,False,none,spring_peak
2023-07-30,Cetirizine_10mg,Antihistamine,256,0.1,25.6,False,none,spring_peak
2023-07-31,Cetirizine_10mg,Antihistamine,331,0.1,33.1,False,none,spring_peak
2023-08-01,Cetirizine_10mg,Antihistamine,279,0.1,27.9,False,supply_shortage,spring_peak
2023-08-02,Cetirizine_10mg,Antihistamine,290,0.1,29.0,False,supply_shortage,spring_peak
2023-08-03,Cetirizine_10mg,Antihistamine,278,0.1,27.8,False,supply_shortage,spring_peak
2023-08-04,Cetirizine_10mg,Antihistamine,303,0.1,30.3,False,supply_shortage,spring_peak
2023-08-05,Cetirizine_10mg,Antihistamine,236,0.1,23.6,False,supply_shortage,spring_peak
2023-08-06,Cetirizine_10mg,Antihistamine,248,0.1,24.8,False,supply_shortage,spring_peak
2023-08-07,Cetirizine_10mg,Antihistamine,267,0.1,26.7,False,supply_shortage,spring_peak
2023-08-08,Cetirizine_10mg,Antihistamine,284,0.1,28.4,False,supply_shortage,spring_peak
2023-08-09,Cetirizine_10mg,Antihistamine,287,0.1,28.7,False,supply_shortage,spring_peak
2023-08-10,Cetirizine_10mg,Antihistamine,303,0.1,30.3,False,supply_shortage,spring_peak
2023-08-11,Cetirizine_10mg,Antihistamine,273,0.1,27.3,False,supply_shortage,spring_peak
2023-08-12,Cetirizine_10mg,Antihistamine,250,0.1,25.0,False,supply_shortage,spring_peak
2023-08-13,Cetirizine_10mg,Antihistamine,256,0.1,25.6,False,supply_shortage,spring_peak
2023-08-14,Cetirizine_10mg,Antihistamine,269,0.1,26.9,False,supply_shortage,spring_peak
2023-08-15,Cetirizine_10mg,Antihistamine,281,0.1,28.1,False,supply_shortage,spring_peak
2023-08-16,Cetirizine_10mg,Antihistamine,280,0.1,28.0,False,supply_shortage,spring_peak
2023-08-17,Cetirizine_10mg,Antihistamine,354,0.1,35.4,False,supply_shortage,spring_peak
2023-08-18,Cetirizine_10mg,Antihistamine,282,0.1,28.2,False,supply_shortage,spring_peak
2023-08-19,Cetirizine_10mg,Antihistamine,265,0.1,26.5,False,supply_shortage,spring_peak
2023-08-20,Cetirizine_10mg,Antihistamine,210,0.1,21.0,False,supply_shortage,spring_peak
2023-08-21,Cetirizine_10mg,Antihistamine,269,0.1,26.9,False,supply_shortage,spring_peak
2023-08-22,Cetirizine_10mg,Antihistamine,276,0.1,27.6,False,supply_shortage,spring_peak
2023-08-23,Cetirizine_10mg,Antihistamine,273,0.1,27.3,False,supply_shortage,spring_peak
2023-08-24,Cetirizine_10mg,Antihistamine,286,0.1,28.6,False,supply_shortage,spring_peak
2023-08-25,Cetirizine_10mg,Antihistamine,276,0.1,27.6,False,supply_shortage,spring_peak
2023-08-26,Cetirizine_10mg,Antihistamine,218,0.1,21.8,False,supply_shortage,spring_peak
2023-08-27,Cetirizine_10mg,Antihistamine,256,0.1,25.6,False,supply_shortage,spring_peak
2023-08-28,Cetirizine_10mg,Antihistamine,321,0.1,32.1,False,supply_shortage,spring_peak
2023-08-29,Cetirizine_10mg,Antihistamine,315,0.1,31.5,False,supply_shortage,spring_peak
2023-08-30,Cetirizine_10mg,Antihistamine,305,0.1,30.5,False,supply_shortage,spring_peak
2023-08-31,Cetirizine_10mg,Antihistamine,295,0.1,29.5,False,supply_shortage,spring_peak
2023-09-01,Cetirizine_10mg,Antihistamine,298,0.1,29.8,False,supply_shortage,spring_peak
2023-09-02,Cetirizine_10mg,Antihistamine,228,0.1,22.8,False,supply_shortage,spring_peak
2023-09-03,Cetirizine_10mg,Antihistamine,255,0.1,25.5,False,supply_shortage,spring_peak
2023-09-04,Cetirizine_10mg,Antihistamine,281,0.1,28.1,False,supply_shortage,spring_peak
2023-09-05,Cetirizine_10mg,Antihistamine,285,0.1,28.5,False,supply_shortage,spring_peak
2023-09-06,Cetirizine_10mg,Antihistamine,339,0.1,33.9,False,supply_shortage,spring_peak
2023-09-07,Cetirizine_10mg,Antihistamine,358,0.1,35.8,False,supply_shortage,spring_peak
2023-09-08,Cetirizine_10mg,Antihistamine,320,0.1,32.0,False,supply_shortage,spring_peak
2023-09-09,Cetirizine_10mg,Antihistamine,270,0.1,27.0,False,supply_shortage,spring_peak
2023-09-10,Cetirizine_10mg,Antihistamine,243,0.1,24.3,False,supply_shortage,spring_peak
2023-09-11,Cetirizine_10mg,Antihistamine,277,0.1,27.7,False,supply_shortage,spring_peak
2023-09-12,Cetirizine_10mg,Antihistamine,326,0.1,32.6,False,supply_shortage,spring_peak
2023-09-13,Cetirizine_10mg,Antihistamine,325,0.1,32.5,False,supply_shortage,spring_peak
2023-09-14,Cetirizine_10mg,Antihistamine,312,0.1,31.2,False,supply_shortage,spring_peak
2023-09-15,Cetirizine_10mg,Antihistamine,305,0.1,30.5,False,supply_shortage,spring_peak
2023-09-16,Cetirizine_10mg,Antihistamine,294,0.1,29.4,False,none,spring_peak
2023-09-17,Cetirizine_10mg,Antihistamine,251,0.1,25.1,False,none,spring_peak
2023-09-18,Cetirizine_10mg,Antihistamine,320,0.1,32.0,False,none,spring_peak
2023-09-19,Cetirizine_10mg,Antihistamine,314,0.1,31.4,False,none,spring_peak
2023-09-20,Cetirizine_10mg,Antihistamine,344,0.1,34.4,False,none,spring_peak
2023-09-21,Cetirizine_10mg,Antihistamine,312,0.1,31.2,False,none,spring_peak
2023-09-22,Cetirizine_10mg,Antihistamine,323,0.1,32.3,False,none,spring_peak
2023-09-23,Cetirizine_10mg,Antihistamine,257,0.1,25.7,False,none,spring_peak
2023-09-24,Cetirizine_10mg,Antihistamine,268,0.1,26.8,False,none,spring_peak
2023-09-25,Cetirizine_10mg,Antihistamine,301,0.1,30.1,False,none,spring_peak
2023-09-26,Cetirizine_10mg,Antihistamine,344,0.1,34.4,False,none,spring_peak
2023-09-27,Cetirizine_10mg,Antihistamine,376,0.1,37.6,False,none,spring_peak
2023-09-28,Cetirizine_10mg,Antihistamine,346,0.1,34.6,False,none,spring_peak
2023-09-29,Cetirizine_10mg,Antihistamine,384,0.1,38.4,False,none,spring_peak
2023-09-30,Cetirizine_10mg,Antihistamine,303,0.1,30.3,False,none,spring_peak
2023-10-01,Cetirizine_10mg,Antihistamine,323,0.1,32.3,False,none,spring_peak
2023-10-02,Cetirizine_10mg,Antihistamine,382,0.1,38.2,False,none,spring_peak
2023-10-03,Cetirizine_10mg,Antihistamine,381,0.1,38.1,False,none,spring_peak
2023-10-04,Cetirizine_10mg,Antihistamine,403,0.1,40.3,False,none,spring_peak
2023-10-05,Cetirizine_10mg,Antihistamine,368,0.1,36.8,False,none,spring_peak
2023-10-06,Cetirizine_10mg,Antihistamine,323,0.1,32.3,False,none,spring_peak
2023-10-07,Cetirizine_10mg,Antihistamine,316,0.1,31.6,False,none,spring_peak
2023-10-08,Cetirizine_10mg,Antihistamine,276,0.1,27.6,False,none,spring_peak
2023-10-09,Cetirizine_10mg,Antihistamine,351,0.1,35.1,False,none,spring_peak
2023-10-10,Cetirizine_10mg,Antihistamine,381,0.1,38.1,False,none,spring_peak
2023-10-11,Cetirizine_10mg,Antihistamine,378,0.1,37.8,False,none,spring_peak
2023-10-12,Cetirizine_10mg,Antihistamine,338,0.1,33.8,False,none,spring_peak
2023-10-13,Cetirizine_10mg,Antihistamine,386,0.1,38.6,False,none,spring_peak
2023-10-14,Cetirizine_10mg,Antihistamine,328,0.1,32.8,False,none,spring_peak
2023-10-15,Cetirizine_10mg,Antihistamine,276,0.1,27.6,False,none,spring_peak
2023-10-16,Cetirizine_10mg,Antihistamine,420,0.1,42.0,False,none,spring_peak
2023-10-17,Cetirizine_10mg,Antihistamine,333,0.1,33.3,False,none,spring_peak
2023-10-18,Cetirizine_10mg,Antihistamine,446,0.1,44.6,False,none,spring_peak
2023-10-19,Cetirizine_10mg,Antihistamine,368,0.1,36.8,False,none,spring_peak
2023-10-20,Cetirizine_10mg,Antihistamine,385,0.1,38.5,False,none,spring_peak
2023-10-21,Cetirizine_10mg,Antihistamine,258,0.1,25.8,False,none,spring_peak
2023-10-22,Cetirizine_10mg,Antihistamine,303,0.1,30.3,False,none,spring_peak
2023-10-23,Cetirizine_10mg,Antihistamine,388,0.1,38.8,False,none,spring_peak
2023-10-24,Cetirizine_10mg,Antihistamine,379,0.1,37.9,False,none,spring_peak
2023-10-25,Cetirizine_10mg,Antihistamine,364,0.1,36.4,False,none,spring_peak
2023-10-26,Cetirizine_10mg,Antihistamine,352,0.1,35.2,False,none,spring_peak
2023-10-27,Cetirizine_10mg,Antihistamine,416,0.1,41.6,False,none,spring_peak
2023-10-28,Cetirizine_10mg,Antihistamine,305,0.1,30.5,False,none,spring_peak
2023-10-29,Cetirizine_10mg,Antihistamine,343,0.1,34.3,False,none,spring_peak
2023-10-30,Cetirizine_10mg,Antihistamine,365,0.1,36.5,False,none,spring_peak
2023-10-31,Cetirizine_10mg,Antihistamine,368,0.1,36.8,False,none,spring_peak
2023-11-01,Cetirizine_10mg,Antihistamine,386,0.1,38.6,False,none,spring_peak
2023-11-02,Cetirizine_10mg,Antihistamine,315,0.1,31.5,False,none,spring_peak
2023-11-03,Cetirizine_10mg,Antihistamine,327,0.1,32.7,False,none,spring_peak
2023-11-04,Cetirizine_10mg,Antihistamine,315,0.1,31.5,False,none,spring_peak
2023-11-05,Cetirizine_10mg,Antihistamine,263,0.1,26.3,False,none,spring_peak
2023-11-06,Cetirizine_10mg,Antihistamine,310,0.1,31.0,False,none,spring_peak
2023-11-07,Cetirizine_10mg,Antihistamine,417,0.1,41.7,False,none,spring_peak
2023-11-08,Cetirizine_10mg,Antihistamine,322,0.1,32.2,False,none,spring_peak
2023-11-09,Cetirizine_10mg,Antihistamine,368,0.1,36.8,False,none,spring_peak
2023-11-10,Cetirizine_10mg,Antihistamine,365,0.1,36.5,False,none,spring_peak
2023-11-11,Cetirizine_10mg,Antihistamine,224,0.1,22.4,False,none,spring_peak
2023-11-12,Cetirizine_10mg,Antihistamine,284,0.1,28.4,False,none,spring_peak
2023-11-13,Cetirizine_10mg,Antihistamine,376,0.1,37.6,False,none,spring_peak
2023-11-14,Cetirizine_10mg,Antihistamine,373,0.1,37.3,False,none,spring_peak
2023-11-15,Cetirizine_10mg,Antihistamine,389,0.1,38.9,False,none,spring_peak
2023-11-16,Cetirizine_10mg,Antihistamine,352,0.1,35.2,False,none,spring_peak
2023-11-17,Cetirizine_10mg,Antihistamine,384,0.1,38.4,False,none,spring_peak
2023-11-18,Cetirizine_10mg,Antihistamine,274,0.1,27.4,False,none,spring_peak
2023-11-19,Cetirizine_10mg,Antihistamine,257,0.1,25.7,False,none,spring_peak
2023-11-20,Cetirizine_10mg,Antihistamine,326,0.1,32.6,False,none,spring_peak
2023-11-21,Cetirizine_10mg,Antihistamine,321,0.1,32.1,False,none,spring_peak
2023-11-22,Cetirizine_10mg,Antihistamine,393,0.1,39.3,False,none,spring_peak
2023-11-23,Cetirizine_10mg,Antihistamine,319,0.1,31.9,False,none,spring_peak
2023-11-24,Cetirizine_10mg,Antihistamine,371,0.1,37.1,False,none,spring_peak
2023-11-25,Cetirizine_10mg,Antihistamine,284,0.1,28.4,False,none,spring_peak
2023-11-26,Cetirizine_10mg,Antihistamine,288,0.1,28.8,False,none,spring_peak
2023-11-27,Cetirizine_10mg,Antihistamine,403,0.1,40.3,False,none,spring_peak
2023-11-28,Cetirizine_10mg,Antihistamine,351,0.1,35.1,False,none,spring_peak
2023-11-29,Cetirizine_10mg,Antihistamine,382,0.1,38.2,False,none,spring_peak
2023-11-30,Cetirizine_10mg,Antihistamine,365,0.1,36.5,False,none,spring_peak
2023-12-01,Cetirizine_10mg,Antihistamine,322,0.1,32.2,False,none,spring_peak
2023-12-02,Cetirizine_10mg,Antihistamine,308,0.1,30.8,False,none,spring_peak
2023-12-03,Cetirizine_10mg,Antihistamine,230,0.1,23.0,False,none,spring_peak
2023-12-04,Cetirizine_10mg,Antihistamine,359,0.1,35.9,False,none,spring_peak
2023-12-05,Cetirizine_10mg,Antihistamine,343,0.1,34.3,False,none,spring_peak
2023-12-06,Cetirizine_10mg,Antihistamine,313,0.1,31.3,False,none,spring_peak
2023-12-07,Cetirizine_10mg,Antihistamine,368,0.1,36.8,False,none,spring_peak
2023-12-08,Cetirizine_10mg,Antihistamine,278,0.1,27.8,False,none,spring_peak
2023-12-09,Cetirizine_10mg,Antihistamine,249,0.1,24.9,False,none,spring_peak
2023-12-10,Cetirizine_10mg,Antihistamine,235,0.1,23.5,False,none,spring_peak
2023-12-11,Cetirizine_10mg,Antihistamine,337,0.1,33.7,False,none,spring_peak
2023-12-12,Cetirizine_10mg,Antihistamine,297,0.1,29.7,False,none,spring_peak
2023-12-13,Cetirizine_10mg,Antihistamine,337,0.1,33.7,False,none,spring_peak
2023-12-14,Cetirizine_10mg,Antihistamine,321,0.1,32.1,False,none,spring_peak
2023-12-15,Cetirizine_10mg,Antihistamine,314,0.1,31.4,False,none,spring_peak
2023-12-16,Cetirizine_10mg,Antihistamine,268,0.1,26.8,False,none,spring_peak
2023-12-17,Cetirizine_10mg,Antihistamine,255,0.1,25.5,False,none,spring_peak
2023-12-18,Cetirizine_10mg,Antihistamine,298,0.1,29.8,False,none,spring_peak
2023-12-19,Cetirizine_10mg,Antihistamine,399,0.1,39.9,False,none,spring_peak
2023-12-20,Cetirizine_10mg,Antihistamine,314,0.1,31.4,False,none,spring_peak
2023-12-21,Cetirizine_10mg,Antihistamine,268,0.1,26.8,False,none,spring_peak
2023-12-22,Cetirizine_10mg,Antihistamine,304,0.1,30.4,False,none,spring_peak
2023-12-23,Cetirizine_10mg,Antihistamine,234,0.1,23.4,False,none,spring_peak
2023-12-24,Cetirizine_10mg,Antihistamine,278,0.1,27.8,False,none,spring_peak
2023-12-25,Cetirizine_10mg,Antihistamine,335,0.1,33.5,False,none,spring_peak
2023-12-26,Cetirizine_10mg,Antihistamine,337,0.1,33.7,False,none,spring_peak
2023-12-27,Cetirizine_10mg,Antihistamine,317,0.1,31.7,False,none,spring_peak
2023-12-28,Cetirizine_10mg,Antihistamine,319,0.1,31.9,False,none,spring_peak
2023-12-29,Cetirizine_10mg,Antihistamine,317,0.1,31.7,False,none,spring_peak
2023-12-30,Cetirizine_10mg,Antihistamine,260,0.1,26.0,False,none,spring_peak
2023-12-31,Cetirizine_10mg,Antihistamine,279,0.1,27.9,False,none,spring_peak
2024-01-01,Cetirizine_10mg,Antihistamine,336,0.1,33.6,False,none,spring_peak
2024-01-02,Cetirizine_10mg,Antihistamine,340,0.1,34.0,False,none,spring_peak
2024-01-03,Cetirizine_10mg,Antihistamine,340,0.1,34.0,False,none,spring_peak
2024-01-04,Cetirizine_10mg,Antihistamine,350,0.1,35.0,False,none,spring_peak
2024-01-05,Cetirizine_10mg,Antihistamine,334,0.1,33.4,False,none,spring_peak
2024-01-06,Cetirizine_10mg,Antihistamine,268,0.1,26.8,False,none,spring_peak
2024-01-07,Cetirizine_10mg,Antihistamine,286,0.1,28.6,False,none,spring_peak
2024-01-08,Cetirizine_10mg,Antihistamine,310,0.1,31.0,False,none,spring_peak
2024-01-09,Cetirizine_10mg,Antihistamine,305,0.1,30.5,False,none,spring_peak
2024-01-10,Cetirizine_10mg,Antihistamine,296,0.1,29.6,False,none,spring_peak
2024-01-11,Cetirizine_10mg,Antihistamine,332,0.1,33.2,False,none,spring_peak
2024-01-12,Cetirizine_10mg,Antihistamine,279,0.1,27.9,False,none,spring_peak
2024-01-13,Cetirizine_10mg,Antihistamine,271,0.1,27.1,False,none,spring_peak
2024-01-14,Cetirizine_10mg,Antihistamine,259,0.1,25.9,False,none,spring_peak
2024-01-15,Cetirizine_10mg,Antihistamine,357,0.1,35.7,False,none,spring_peak
2024-01-16,Cetirizine_10mg,Antihistamine,310,0.1,31.0,False,none,spring_peak
2024-01-17,Cetirizine_10mg,Antihistamine,322,0.1,32.2,False,none,spring_peak
2024-01-18,Cetirizine_10mg,Antihistamine,357,0.1,35.7,False,none,spring_peak
2024-01-19,Cetirizine_10mg,Antihistamine,364,0.1,36.4,False,none,spring_peak
2024-01-20,Cetirizine_10mg,Antihistamine,248,0.1,24.8,False,none,spring_peak
2024-01-21,Cetirizine_10mg,Antihistamine,265,0.1,26.5,False,none,spring_peak
2024-01-22,Cetirizine_10mg,Antihistamine,335,0.1,33.5,False,none,spring_peak
2024-01-23,Cetirizine_10mg,Antihistamine,337,0.1,33.7,False,none,spring_peak
2024-01-24,Cetirizine_10mg,Antihistamine,321,0.1,32.1,False,none,spring_peak
2024-01-25,Cetirizine_10mg,Antihistamine,361,0.1,36.1,False,none,spring_peak
2024-01-26,Cetirizine_10mg,Antihistamine,278,0.1,27.8,False,none,spring_peak
2024-01-27,Cetirizine_10mg,Antihistamine,253,0.1,25.3,False,none,spring_peak
2024-01-28,Cetirizine_10mg,Antihistamine,272,0.1,27.2,False,none,spring_peak
2024-01-29,Cetirizine_10mg,Antihistamine,340,0.1,34.0,False,none,spring_peak
2024-01-30,Cetirizine_10mg,Antihistamine,363,0.1,36.3,False,none,spring_peak
2024-01-31,Cetirizine_10mg,Antihistamine,359,0.1,35.9,False,none,spring_peak
2024-02-01,Cetirizine_10mg,Antihistamine,339,0.1,33.9,False,none,spring_peak
2024-02-02,Cetirizine_10mg,Antihistamine,384,0.1,38.4,False,none,spring_peak
2024-02-03,Cetirizine_10mg,Antihistamine,262,0.1,26.2,False,none,spring_peak
2024-02-04,Cetirizine_10mg,Antihistamine,298,0.1,29.8,False,none,spring_peak
2024-02-05,Cetirizine_10mg,Antihistamine,398,0.1,39.8,False,none,spring_peak
2024-02-06,Cetirizine_10mg,Antihistamine,381,0.1,38.1,False,none,spring_peak
2024-02-07,Cetirizine_10mg,Antihistamine,351,0.1,35.1,False,none,spring_peak
2024-02-08,Cetirizine_10mg,Antihistamine,338,0.1,33.8,False,none,spring_peak
2024-02-09,Cetirizine_10mg,Antihistamine,305,0.1,30.5,False,none,spring_peak
2024-02-10,Cetirizine_10mg,Antihistamine,284,0.1,28.4,False,none,spring_peak
2024-02-11,Cetirizine_10mg,Antihistamine,253,0.1,25.3,False,none,spring_peak
2024-02-12,Cetirizine_10mg,Antihistamine,326,0.1,32.6,False,none,spring_peak
2024-02-13,Cetirizine_10mg,Antihistamine,315,0.1,31.5,False,none,spring_peak
2024-02-14,Cetirizine_10mg,Antihistamine,335,0.1,33.5,False,none,spring_peak
2024-02-15,Cetirizine_10mg,Antihistamine,347,0.1,34.7,False,none,spring_peak
2024-02-16,Cetirizine_10mg,Antihistamine,356,0.1,35.6,False,none,spring_peak
2024-02-17,Cetirizine_10mg,Antihistamine,264,0.1,26.4,False,none,spring_peak
2024-02-18,Cetirizine_10mg,Antihistamine,302,0.1,30.2,False,none,spring_peak
2024-02-19,Cetirizine_10mg,Antihistamine,342,0.1,34.2,False,none,spring_peak
2024-02-20,Cetirizine_10mg,Antihistamine,326,0.1,32.6,False,none,spring_peak
2024-02-21,Cetirizine_10mg,Antihistamine,355,0.1,35.5,False,none,spring_peak
2024-02-22,Cetirizine_10mg,Antihistamine,403,0.1,40.3,False,none,spring_peak
2024-02-23,Cetirizine_10mg,Antihistamine,358,0.1,35.8,False,none,spring_peak
2024-02-24,Cetirizine_10mg,Antihistamine,270,0.1,27.0,False,none,spring_peak
2024-02-25,Cetirizine_10mg,Antihistamine,244,0.1,24.4,False,none,spring_peak
2024-02-26,Cetirizine_10mg,Antihistamine,342,0.1,34.2,False,none,spring_peak
2024-02-27,Cetirizine_10mg,Antihistamine,355,0.1,35.5,False,none,spring_peak
2024-02-28,Cetirizine_10mg,Antihistamine,338,0.1,33.8,False,none,spring_peak
2024-02-29,Cetirizine_10mg,Antihistamine,302,0.1,30.2,False,none,spring_peak
2024-03-01,Cetirizine_10mg,Antihistamine,433,0.1,43.3,False,none,spring_peak
2024-03-02,Cetirizine_10mg,Antihistamine,415,0.1,41.5,False,none,spring_peak
2024-03-03,Cetirizine_10mg,Antihistamine,414,0.1,41.4,False,none,spring_peak
2024-03-04,Cetirizine_10mg,Antihistamine,432,0.1,43.2,False,none,spring_peak
2024-03-05,Cetirizine_10mg,Antihistamine,490,0.1,49.0,False,none,spring_peak
2024-03-06,Cetirizine_10mg,Antihistamine,421,0.1,42.1,False,none,spring_peak
2024-03-07,Cetirizine_10mg,Antihistamine,518,0.1,51.8,False,none,spring_peak
2024-03-08,Cetirizine_10mg,Antihistamine,474,0.1,47.4,False,none,spring_peak
2024-03-09,Cetirizine_10mg,Antihistamine,400,0.1,40.0,False,none,spring_peak
2024-03-10,Cetirizine_10mg,Antihistamine,321,0.1,32.1,False,none,spring_peak
2024-03-11,Cetirizine_10mg,Antihistamine,491,0.1,49.1,False,none,spring_peak
2024-03-12,Cetirizine_10mg,Antihistamine,465,0.1,46.5,False,none,spring_peak
2024-03-13,Cetirizine_10mg,Antihistamine,497,0.1,49.7,False,none,spring_peak
2024-03-14,Cetirizine_10mg,Antihistamine,500,0.1,50.0,False,none,spring_peak
2024-03-15,Cetirizine_10mg,Antihistamine,468,0.1,46.8,False,none,spring_peak
2024-03-16,Cetirizine_10mg,Antihistamine,354,0.1,35.4,False,none,spring_peak
2024-03-17,Cetirizine_10mg,Antihistamine,396,0.1,39.6,False,none,spring_peak
2024-03-18,Cetirizine_10mg,Antihistamine,464,0.1,46.4,False,none,spring_peak
2024-03-19,Cetirizine_10mg,Antihistamine,433,0.1,43.3,False,none,spring_peak
2024-03-20,Cetirizine_10mg,Antihistamine,432,0.1,43.2,False,none,spring_peak
2024-03-21,Cetirizine_10mg,Antihistamine,411,0.1,41.1,False,none,spring_peak
2024-03-22,Cetirizine_10mg,Antihistamine,447,0.1,44.7,False,none,spring_peak
2024-03-23,Cetirizine_10mg,Antihistamine,405,0.1,40.5,False,none,spring_peak
2024-03-24,Cetirizine_10mg,Antihistamine,378,0.1,37.8,False,none,spring_peak
2024-03-25,Cetirizine_10mg,Antihistamine,447,0.1,44.7,False,none,spring_peak
2024-03-26,Cetirizine_10mg,Antihistamine,496,0.1,49.6,False,none,spring_peak
2024-03-27,Cetirizine_10mg,Antihistamine,435,0.1,43.5,False,none,spring_peak
2024-03-28,Cetirizine_10mg,Antihistamine,470,0.1,47.0,False,none,spring_peak
2024-03-29,Cetirizine_10mg,Antihistamine,460,0.1,46.0,False,none,spring_peak
2024-03-30,Cetirizine_10mg,Antihistamine,396,0.1,39.6,False,none,spring_peak
2024-03-31,Cetirizine_10mg,Antihistamine,326,0.1,32.6,False,none,spring_peak
2024-04-01,Cetirizine_10mg,Antihistamine,526,0.1,52.6,False,none,spring_peak
2024-04-02,Cetirizine_10mg,Antihistamine,490,0.1,49.0,False,none,spring_peak
2024-04-03,Cetirizine_10mg,Antihistamine,552,0.1,55.2,False,none,spring_peak
2024-04-04,Cetirizine_10mg,Antihistamine,619,0.1,61.9,False,none,spring_peak
2024-04-05,Cetirizine_10mg,Antihistamine,542,0.1,54.2,False,none,spring_peak
2024-04-06,Cetirizine_10mg,Antihistamine,432,0.1,43.2,False,none,spring_peak
2024-04-07,Cetirizine_10mg,Antihistamine,483,0.1,48.3,False,none,spring_peak
2024-04-08,Cetirizine_10mg,Antihistamine,613,0.1,61.3,False,none,spring_peak
2024-04-09,Cetirizine_10mg,Antihistamine,561,0.1,56.1,False,none,spring_peak
2024-04-10,Cetirizine_10mg,Antihistamine,596,0.1,59.6,False,none,spring_peak
2024-04-11,Cetirizine_10mg,Antihistamine,516,0.1,51.6,False,none,spring_peak
2024-04-12,Cetirizine_10mg,Antihistamine,627,0.1,62.7,False,none,spring_peak
2024-04-13,Cetirizine_10mg,Antihistamine,529,0.1,52.9,False,none,spring_peak
2024-04-14,Cetirizine_10mg,Antihistamine,471,0.1,47.1,False,none,spring_peak
2024-04-15,Cetirizine_10mg,Antihistamine,471,0.1,47.1,False,none,spring_peak
2024-04-16,Cetirizine_10mg,Antihistamine,540,0.1,54.0,False,none,spring_peak
2024-04-17,Cetirizine_10mg,Antihistamine,593,0.1,59.3,False,none,spring_peak
2024-04-18,Cetirizine_10mg,Antihistamine,546,0.1,54.6,False,none,spring_peak
2024-04-19,Cetirizine_10mg,Antihistamine,623,0.1,62.3,False,none,spring_peak
2024-04-20,Cetirizine_10mg,Antihistamine,473,0.1,47.3,False,none,spring_peak
2024-04-21,Cetirizine_10mg,Antihistamine,426,0.1,42.6,False,none,spring_peak
2024-04-22,Cetirizine_10mg,Antihistamine,567,0.1,56.7,False,none,spring_peak
2024-04-23,Cetirizine_10mg,Antihistamine,525,0.1,52.5,False,none,spring_peak
2024-04-24,Cetirizine_10mg,Antihistamine,557,0.1,55.7,False,none,spring_peak
2024-04-25,Cetirizine_10mg,Antihistamine,541,0.1,54.1,False,none,spring_peak
2024-04-26,Cetirizine_10mg,Antihistamine,619,0.1,61.9,False,none,spring_peak
2024-04-27,Cetirizine_10mg,Antihistamine,529,0.1,52.9,False,none,spring_peak
2024-04-28,Cetirizine_10mg,Antihistamine,400,0.1,40.0,False,none,spring_peak
2024-04-29,Cetirizine_10mg,Antihistamine,479,0.1,47.9,False,none,spring_peak
2024-04-30,Cetirizine_10mg,Antihistamine,555,0.1,55.5,False,none,spring_peak
2024-05-01,Cetirizine_10mg,Antihistamine,480,0.1,48.0,False,none,spring_peak
2024-05-02,Cetirizine_10mg,Antihistamine,549,0.1,54.9,False,none,spring_peak
2024-05-03,Cetirizine_10mg,Antihistamine,580,0.1,58.0,False,none,spring_peak
2024-05-04,Cetirizine_10mg,Antihistamine,489,0.1,48.9,False,none,spring_peak
2024-05-05,Cetirizine_10mg,Antihistamine,444,0.1,44.4,False,none,spring_peak
2024-05-06,Cetirizine_10mg,Antihistamine,538,0.1,53.8,False,none,spring_peak
2024-05-07,Cetirizine_10mg,Antihistamine,460,0.1,46.0,False,none,spring_peak
2024-05-08,Cetirizine_10mg,Antihistamine,548,0.1,54.8,False,none,spring_peak
2024-05-09,Cetirizine_10mg,Antihistamine,550,0.1,55.0,False,none,spring_peak
2024-05-10,Cetirizine_10mg,Antihistamine,575,0.1,57.5,False,none,spring_peak
2024-05-11,Cetirizine_10mg,Antihistamine,412,0.1,41.2,False,none,spring_peak
2024-05-12,Cetirizine_10mg,Antihistamine,422,0.1,42.2,False,none,spring_peak
2024-05-13,Cetirizine_10mg,Antihistamine,483,0.1,48.3,False,none,spring_peak
2024-05-14,Cetirizine_10mg,Antihistamine,447,0.1,44.7,False,none,spring_peak
2024-05-15,Cetirizine_10mg,Antihistamine,499,0.1,49.9,False,none,spring_peak
2024-05-16,Cetirizine_10mg,Antihistamine,479,0.1,47.9,False,none,spring_peak
2024-05-17,Cetirizine_10mg,Antihistamine,562,0.1,56.2,False,none,spring_peak
2024-05-18,Cetirizine_10mg,Antihistamine,420,0.1,42.0,False,none,spring_peak
2024-05-19,Cetirizine_10mg,Antihistamine,419,0.1,41.9,False,none,spring_peak
2024-05-20,Cetirizine_10mg,Antihistamine,505,0.1,50.5,False,none,spring_peak
2024-05-21,Cetirizine_10mg,Antihistamine,406,0.1,40.6,False,none,spring_peak
2024-05-22,Cetirizine_10mg,Antihistamine,614,0.1,61.4,False,none,spring_peak
2024-05-23,Cetirizine_10mg,Antihistamine,504,0.1,50.4,False,none,spring_peak
2024-05-24,Cetirizine_10mg,Antihistamine,530,0.1,53.0,False,none,spring_peak
2024-05-25,Cetirizine_10mg,Antihistamine,387,0.1,38.7,False,none,spring_peak
2024-05-26,Cetirizine_10mg,Antihistamine,472,0.1,47.2,False,none,spring_peak
2024-05-27,Cetirizine_10mg,Antihistamine,555,0.1,55.5,False,none,spring_peak
2024-05-28,Cetirizine_10mg,Antihistamine,512,0.1,51.2,False,none,spring_peak
2024-05-29,Cetirizine_10mg,Antihistamine,531,0.1,53.1,False,none,spring_peak
2024-05-30,Cetirizine_10mg,Antihistamine,622,0.1,62.2,False,none,spring_peak
2024-05-31,Cetirizine_10mg,Antihistamine,545,0.1,54.5,False,none,spring_peak
2024-06-01,Cetirizine_10mg,Antihistamine,355,0.1,35.5,False,none,spring_peak
2024-06-02,Cetirizine_10mg,Antihistamine,333,0.1,33.3,False,none,spring_peak
2024-06-03,Cetirizine_10mg,Antihistamine,382,0.1,38.2,False,none,spring_peak
2024-06-04,Cetirizine_10mg,Antihistamine,445,0.1,44.5,False,none,spring_peak
2024-06-05,Cetirizine_10mg,Antihistamine,463,0.1,46.3,False,none,spring_peak
2024-06-06,Cetirizine_10mg,Antihistamine,491,0.1,49.1,False,none,spring_peak
2024-06-07,Cetirizine_10mg,Antihistamine,370,0.1,37.0,False,none,spring_peak
2024-06-08,Cetirizine_10mg,Antihistamine,328,0.1,32.8,False,none,spring_peak
2024-06-09,Cetirizine_10mg,Antihistamine,344,0.1,34.4,False,none,spring_peak
2024-06-10,Cetirizine_10mg,Antihistamine,451,0.1,45.1,False,none,spring_peak
2024-06-11,Cetirizine_10mg,Antihistamine,446,0.1,44.6,False,none,spring_peak
2024-06-12,Cetirizine_10mg,Antihistamine,447,0.1,44.7,False,none,spring_peak
2024-06-13,Cetirizine_10mg,Antihistamine,466,0.1,46.6,False,none,spring_peak
2024-06-14,Cetirizine_10mg,Antihistamine,419,0.1,41.9,False,none,spring_peak
2024-06-15,Cetirizine_10mg,Antihistamine,388,0.1,38.8,False,none,spring_peak
2024-06-16,Cetirizine_10mg,Antihistamine,373,0.1,37.3,False,none,spring_peak
2024-06-17,Cetirizine_10mg,Antihistamine,440,0.1,44.0,False,none,spring_peak
2024-06-18,Cetirizine_10mg,Antihistamine,509,0.1,50.9,False,none,spring_peak
2024-06-19,Cetirizine_10mg,Antihistamine,508,0.1,50.8,False,none,spring_peak
2024-06-20,Cetirizine_10mg,Antihistamine,485,0.1,48.5,False,none,spring_peak
2024-06-21,Cetirizine_10mg,Antihistamine,343,0.1,34.3,False,none,spring_peak
2024-06-22,Cetirizine_10mg,Antihistamine,407,0.1,40.7,False,none,spring_peak
2024-06-23,Cetirizine_10mg,Antihistamine,384,0.1,38.4,False,none,spring_peak
2024-06-24,Cetirizine_10mg,Antihistamine,525,0.1,52.5,False,none,spring_peak
2024-06-25,Cetirizine_10mg,Antihistamine,497,0.1,49.7,False,none,spring_peak
2024-06-26,Cetirizine_10mg,Antihistamine,509,0.1,50.9,False,none,spring_peak
2024-06-27,Cetirizine_10mg,Antihistamine,484,0.1,48.4,False,none,spring_peak
2024-06-28,Cetirizine_10mg,Antihistamine,501,0.1,50.1,False,none,spring_peak
2024-06-29,Cetirizine_10mg,Antihistamine,419,0.1,41.9,False,none,spring_peak
2024-06-30,Cetirizine_10mg,Antihistamine,368,0.1,36.8,False,none,spring_peak
2024-07-01,Cetirizine_10mg,Antihistamine,309,0.1,30.9,False,none,spring_peak
2024-07-02,Cetirizine_10mg,Antihistamine,345,0.1,34.5,False,none,spring_peak
2024-07-03,Cetirizine_10mg,Antihistamine,365,0.1,36.5,False,none,spring_peak
2024-07-04,Cetirizine_10mg,Antihistamine,356,0.1,35.6,False,none,spring_peak
2024-07-05,Cetirizine_10mg,Antihistamine,319,0.1,31.9,False,none,spring_peak
2024-07-06,Cetirizine_10mg,Antihistamine,246,0.1,24.6,False,none,spring_peak
2024-07-07,Cetirizine_10mg,Antihistamine,266,0.1,26.6,False,none,spring_peak
2024-07-08,Cetirizine_10mg,Antihistamine,377,0.1,37.7,False,none,spring_peak
2024-07-09,Cetirizine_10mg,Antihistamine,399,0.1,39.9,False,none,spring_peak
2024-07-10,Cetirizine_10mg,Antihistamine,380,0.1,38.0,False,none,spring_peak
2024-07-11,Cetirizine_10mg,Antihistamine,384,0.1,38.4,False,none,spring_peak
2024-07-12,Cetirizine_10mg,Antihistamine,352,0.1,35.2,False,none,spring_peak
2024-07-13,Cetirizine_10mg,Antihistamine,244,0.1,24.4,False,none,spring_peak
2024-07-14,Cetirizine_10mg,Antihistamine,272,0.1,27.2,False,none,spring_peak
2024-07-15,Cetirizine_10mg,Antihistamine,347,0.1,34.7,False,none,spring_peak
2024-07-16,Cetirizine_10mg,Antihistamine,340,0.1,34.0,False,none,spring_peak
2024-07-17,Cetirizine_10mg,Antihistamine,356,0.1,35.6,False,none,spring_peak
2024-07-18,Cetirizine_10mg,Antihistamine,367,0.1,36.7,False,none,spring_peak
2024-07-19,Cetirizine_10mg,Antihistamine,379,0.1,37.9,False,none,spring_peak
2024-07-20,Cetirizine_10mg,Antihistamine,277,0.1,27.7,False,none,spring_peak
2024-07-21,Cetirizine_10mg,Antihistamine,240,0.1,24.0,False,none,spring_peak
2024-07-22,Cetirizine_10mg,Antihistamine,341,0.1,34.1,False,none,spring_peak
2024-07-23,Cetirizine_10mg,Antihistamine,356,0.1,35.6,False,none,spring_peak
2024-07-24,Cetirizine_10mg,Antihistamine,390,0.1,39.0,False,none,spring_peak
2024-07-25,Cetirizine_10mg,Antihistamine,339,0.1,33.9,False,none,spring_peak
2024-07-26,Cetirizine_10mg,Antihistamine,370,0.1,37.0,False,none,spring_peak
2024-07-27,Cetirizine_10mg,Antihistamine,290,0.1,29.0,False,none,spring_peak
2024-07-28,Cetirizine_10mg,Antihistamine,284,0.1,28.4,False,none,spring_peak
2024-07-29,Cetirizine_10mg,Antihistamine,382,0.1,38.2,False,none,spring_peak
2024-07-30,Cetirizine_10mg,Antihistamine,336,0.1,33.6,False,none,spring_peak
2024-07-31,Cetirizine_10mg,Antihistamine,339,0.1,33.9,False,none,spring_peak
2024-08-01,Cetirizine_10mg,Antihistamine,335,0.1,33.5,False,none,spring_peak
2024-08-02,Cetirizine_10mg,Antihistamine,318,0.1,31.8,False,none,spring_peak
2024-08-03,Cetirizine_10mg,Antihistamine,279,0.1,27.9,False,none,spring_peak
2024-08-04,Cetirizine_10mg,Antihistamine,252,0.1,25.2,False,none,spring_peak
2024-08-05,Cetirizine_10mg,Antihistamine,342,0.1,34.2,False,none,spring_peak
2024-08-06,Cetirizine_10mg,Antihistamine,333,0.1,33.3,False,none,spring_peak
2024-08-07,Cetirizine_10mg,Antihistamine,341,0.1,34.1,False,none,spring_peak
2024-08-08,Cetirizine_10mg,Antihistamine,323,0.1,32.3,False,none,spring_peak
2024-08-09,Cetirizine_10mg,Antihistamine,327,0.1,32.7,False,none,spring_peak
2024-08-10,Cetirizine_10mg,Antihistamine,270,0.1,27.0,False,none,spring_peak
2024-08-11,Cetirizine_10mg,Antihistamine,272,0.1,27.2,False,none,spring_peak
2024-08-12,Cetirizine_10mg,Antihistamine,336,0.1,33.6,False,none,spring_peak
2024-08-13,Cetirizine_10mg,Antihistamine,382,0.1,38.2,False,none,spring_peak
2024-08-14,Cetirizine_10mg,Antihistamine,309,0.1,30.9,False,none,spring_peak
2024-08-15,Cetirizine_10mg,Antihistamine,334,0.1,33.4,False,none,spring_peak
2024-08-16,Cetirizine_10mg,Antihistamine,294,0.1,29.4,False,none,spring_peak
2024-08-17,Cetirizine_10mg,Antihistamine,276,0.1,27.6,False,none,spring_peak
2024-08-18,Cetirizine_10mg,Antihistamine,244,0.1,24.4,False,none,spring_peak
2024-08-19,Cetirizine_10mg,Antihistamine,329,0.1,32.9,False,none,spring_peak
2024-08-20,Cetirizine_10mg,Antihistamine,326,0.1,32.6,False,none,spring_peak
2024-08-21,Cetirizine_10mg,Antihistamine,344,0.1,34.4,False,none,spring_peak
2024-08-22,Cetirizine_10mg,Antihistamine,321,0.1,32.1,False,none,spring_peak
2024-08-23,Cetirizine_10mg,Antihistamine,320,0.1,32.0,False,none,spring_peak
2024-08-24,Cetirizine_10mg,Antihistamine,300,0.1,30.0,False,none,spring_peak
2024-08-25,Cetirizine_10mg,Antihistamine,275,0.1,27.5,False,none,spring_peak
2024-08-26,Cetirizine_10mg,Antihistamine,321,0.1,32.1,False,none,spring_peak
2024-08-27,Cetirizine_10mg,Antihistamine,330,0.1,33.0,False,none,spring_peak
2024-08-28,Cetirizine_10mg,Antihistamine,381,0.1,38.1,False,none,spring_peak
2024-08-29,Cetirizine_10mg,Antihistamine,330,0.1,33.0,False,none,spring_peak
2024-08-30,Cetirizine_10mg,Antihistamine,318,0.1,31.8,False,none,spring_peak
2024-08-31,Cetirizine_10mg,Antihistamine,254,0.1,25.4,False,none,spring_peak
2024-09-01,Cetirizine_10mg,Antihistamine,272,0.1,27.2,False,none,spring_peak
2024-09-02,Cetirizine_10mg,Antihistamine,340,0.1,34.0,False,none,spring_peak
2024-09-03,Cetirizine_10mg,Antihistamine,320,0.1,32.0,False,none,spring_peak
2024-09-04,Cetirizine_10mg,Antihistamine,325,0.1,32.5,False,none,spring_peak
2024-09-05,Cetirizine_10mg,Antihistamine,333,0.1,33.3,False,none,spring_peak
2024-09-06,Cetirizine_10mg,Antihistamine,374,0.1,37.4,False,none,spring_peak
2024-09-07,Cetirizine_10mg,Antihistamine,276,0.1,27.6,False,none,spring_peak
2024-09-08,Cetirizine_10mg,Antihistamine,280,0.1,28.0,False,none,spring_peak
2024-09-09,Cetirizine_10mg,Antihistamine,393,0.1,39.3,False,none,spring_peak
2024-09-10,Cetirizine_10mg,Antihistamine,394,0.1,39.4,False,none,spring_peak
2024-09-11,Cetirizine_10mg,Antihistamine,349,0.1,34.9,False,none,spring_peak
2024-09-12,Cetirizine_10mg,Antihistamine,339,0.1,33.9,False,none,spring_peak
2024-09-13,Cetirizine_10mg,Antihistamine,332,0.1,33.2,False,none,spring_peak
2024-09-14,Cetirizine_10mg,Antihistamine,301,0.1,30.1,False,none,spring_peak
2024-09-15,Cetirizine_10mg,Antihistamine,280,0.1,28.0,False,none,spring_peak
2024-09-16,Cetirizine_10mg,Antihistamine,346,0.1,34.6,False,none,spring_peak
2024-09-17,Cetirizine_10mg,Antihistamine,334,0.1,33.4,False,none,spring_peak
2024-09-18,Cetirizine_10mg,Antihistamine,335,0.1,33.5,False,none,spring_peak
2024-09-19,Cetirizine_10mg,Antihistamine,366,0.1,36.6,False,none,spring_peak
2024-09-20,Cetirizine_10mg,Antihistamine,320,0.1,32.0,False,none,spring_peak
2024-09-21,Cetirizine_10mg,Antihistamine,308,0.1,30.8,False,none,spring_peak
2024-09-22,Cetirizine_10mg,Antihistamine,273,0.1,27.3,False,none,spring_peak
2024-09-23,Cetirizine_10mg,Antihistamine,353,0.1,35.3,False,none,spring_peak
2024-09-24,Cetirizine_10mg,Antihistamine,319,0.1,31.9,False,none,spring_peak
2024-09-25,Cetirizine_10mg,Antihistamine,357,0.1,35.7,False,none,spring_peak
2024-09-26,Cetirizine_10mg,Antihistamine,348,0.1,34.8,False,none,spring_peak
2024-09-27,Cetirizine_10mg,Antihistamine,356,0.1,35.6,False,none,spring_peak
2024-09-28,Cetirizine_10mg,Antihistamine,320,0.1,32.0,False,none,spring_peak
2024-09-29,Cetirizine_10mg,Antihistamine,290,0.1,29.0,False,none,spring_peak
2024-09-30,Cetirizine_10mg,Antihistamine,335,0.1,33.5,False,none,spring_peak
2024-10-01,Cetirizine_10mg,Antihistamine,375,0.1,37.5,False,none,spring_peak
2024-10-02,Cetirizine_10mg,Antihistamine,417,0.1,41.7,False,none,spring_peak
2024-10-03,Cetirizine_10mg,Antihistamine,439,0.1,43.9,False,none,spring_peak
2024-10-04,Cetirizine_10mg,Antihistamine,407,0.1,40.7,False,none,spring_peak
2024-10-05,Cetirizine_10mg,Antihistamine,336,0.1,33.6,False,none,spring_peak
2024-10-06,Cetirizine_10mg,Antihistamine,333,0.1,33.3,False,none,spring_peak
2024-10-07,Cetirizine_10mg,Antihistamine,443,0.1,44.3,False,none,spring_peak
2024-10-08,Cetirizine_10mg,Antihistamine,336,0.1,33.6,False,none,spring_peak
2024-10-09,Cetirizine_10mg,Antihistamine,419,0.1,41.9,False,none,spring_peak
2024-10-10,Cetirizine_10mg,Antihistamine,429,0.1,42.9,False,none,spring_peak
2024-10-11,Cetirizine_10mg,Antihistamine,355,0.1,35.5,False,none,spring_peak
2024-10-12,Cetirizine_10mg,Antihistamine,296,0.1,29.6,False,none,spring_peak
2024-10-13,Cetirizine_10mg,Antihistamine,296,0.1,29.6,False,none,spring_peak
2024-10-14,Cetirizine_10mg,Antihistamine,375,0.1,37.5,False,none,spring_peak
2024-10-15,Cetirizine_10mg,Antihistamine,383,0.1,38.3,False,none,spring_peak
2024-10-16,Cetirizine_10mg,Antihistamine,406,0.1,40.6,False,none,spring_peak
2024-10-17,Cetirizine_10mg,Antihistamine,426,0.1,42.6,False,none,spring_peak
2024-10-18,Cetirizine_10mg,Antihistamine,433,0.1,43.3,False,none,spring_peak
2024-10-19,Cetirizine_10mg,Antihistamine,297,0.1,29.7,False,none,spring_peak
2024-10-20,Cetirizine_10mg,Antihistamine,297,0.1,29.7,False,none,spring_peak
2024-10-21,Cetirizine_10mg,Antihistamine,441,0.1,44.1,False,none,spring_peak
2024-10-22,Cetirizine_10mg,Antihistamine,419,0.1,41.9,False,none,spring_peak
2024-10-23,Cetirizine_10mg,Antihistamine,401,0.1,40.1,False,none,spring_peak
2024-10-24,Cetirizine_10mg,Antihistamine,414,0.1,41.4,False,none,spring_peak
2024-10-25,Cetirizine_10mg,Antihistamine,398,0.1,39.8,False,none,spring_peak
2024-10-26,Cetirizine_10mg,Antihistamine,332,0.1,33.2,False,none,spring_peak
2024-10-27,Cetirizine_10mg,Antihistamine,310,0.1,31.0,False,none,spring_peak
2024-10-28,Cetirizine_10mg,Antihistamine,408,0.1,40.8,False,none,spring_peak
2024-10-29,Cetirizine_10mg,Antihistamine,351,0.1,35.1,False,none,spring_peak
2024-10-30,Cetirizine_10mg,Antihistamine,377,0.1,37.7,False,none,spring_peak
2024-10-31,Cetirizine_10mg,Antihistamine,377,0.1,37.7,False,none,spring_peak
2024-11-01,Cetirizine_10mg,Antihistamine,456,0.1,45.6,False,flu_outbreak,spring_peak
2024-11-02,Cetirizine_10mg,Antihistamine,348,0.1,34.8,False,flu_outbreak,spring_peak
2024-11-03,Cetirizine_10mg,Antihistamine,360,0.1,36.0,False,flu_outbreak,spring_peak
2024-11-04,Cetirizine_10mg,Antihistamine,413,0.1,41.3,False,flu_outbreak,spring_peak
2024-11-05,Cetirizine_10mg,Antihistamine,491,0.1,49.1,False,flu_outbreak,spring_peak
2024-11-06,Cetirizine_10mg,Antihistamine,467,0.1,46.7,False,flu_outbreak,spring_peak
2024-11-07,Cetirizine_10mg,Antihistamine,406,0.1,40.6,False,flu_outbreak,spring_peak
2024-11-08,Cetirizine_10mg,Antihistamine,439,0.1,43.9,False,flu_outbreak,spring_peak
2024-11-09,Cetirizine_10mg,Antihistamine,386,0.1,38.6,False,flu_outbreak,spring_peak
2024-11-10,Cetirizine_10mg,Antihistamine,360,0.1,36.0,False,flu_outbreak,spring_peak
2024-11-11,Cetirizine_10mg,Antihistamine,445,0.1,44.5,False,flu_outbreak,spring_peak
2024-11-12,Cetirizine_10mg,Antihistamine,468,0.1,46.8,False,flu_outbreak,spring_peak
2024-11-13,Cetirizine_10mg,Antihistamine,484,0.1,48.4,False,flu_outbreak,spring_peak
2024-11-14,Cetirizine_10mg,Antihistamine,417,0.1,41.7,False,flu_outbreak,spring_peak
2024-11-15,Cetirizine_10mg,Antihistamine,492,0.1,49.2,False,flu_outbreak,spring_peak
2024-11-16,Cetirizine_10mg,Antihistamine,352,0.1,35.2,False,flu_outbreak,spring_peak
2024-11-17,Cetirizine_10mg,Antihistamine,376,0.1,37.6,False,flu_outbreak,spring_peak
2024-11-18,Cetirizine_10mg,Antihistamine,470,0.1,47.0,False,flu_outbreak,spring_peak
2024-11-19,Cetirizine_10mg,Antihistamine,451,0.1,45.1,False,flu_outbreak,spring_peak
2024-11-20,Cetirizine_10mg,Antihistamine,433,0.1,43.3,False,flu_outbreak,spring_peak
2024-11-21,Cetirizine_10mg,Antihistamine,461,0.1,46.1,False,flu_outbreak,spring_peak
2024-11-22,Cetirizine_10mg,Antihistamine,533,0.1,53.3,False,flu_outbreak,spring_peak
2024-11-23,Cetirizine_10mg,Antihistamine,336,0.1,33.6,False,flu_outbreak,spring_peak
2024-11-24,Cetirizine_10mg,Antihistamine,428,0.1,42.8,False,flu_outbreak,spring_peak
2024-11-25,Cetirizine_10mg,Antihistamine,462,0.1,46.2,False,flu_outbreak,spring_peak
2024-11-26,Cetirizine_10mg,Antihistamine,473,0.1,47.3,False,flu_outbreak,spring_peak
2024-11-27,Cetirizine_10mg,Antihistamine,431,0.1,43.1,False,flu_outbreak,spring_peak
2024-11-28,Cetirizine_10mg,Antihistamine,443,0.1,44.3,False,flu_outbreak,spring_peak
2024-11-29,Cetirizine_10mg,Antihistamine,453,0.1,45.3,False,flu_outbreak,spring_peak
2024-11-30,Cetirizine_10mg,Antihistamine,345,0.1,34.5,False,flu_outbreak,spring_peak
2024-12-01,Cetirizine_10mg,Antihistamine,332,0.1,33.2,False,flu_outbreak,spring_peak
2024-12-02,Cetirizine_10mg,Antihistamine,409,0.1,40.9,False,flu_outbreak,spring_peak
2024-12-03,Cetirizine_10mg,Antihistamine,485,0.1,48.5,False,flu_outbreak,spring_peak
2024-12-04,Cetirizine_10mg,Antihistamine,383,0.1,38.3,False,flu_outbreak,spring_peak
2024-12-05,Cetirizine_10mg,Antihistamine,426,0.1,42.6,False,flu_outbreak,spring_peak
2024-12-06,Cetirizine_10mg,Antihistamine,431,0.1,43.1,False,flu_outbreak,spring_peak
2024-12-07,Cetirizine_10mg,Antihistamine,308,0.1,30.8,False,flu_outbreak,spring_peak
2024-12-08,Cetirizine_10mg,Antihistamine,356,0.1,35.6,False,flu_outbreak,spring_peak
2024-12-09,Cetirizine_10mg,Antihistamine,409,0.1,40.9,False,flu_outbreak,spring_peak
2024-12-10,Cetirizine_10mg,Antihistamine,338,0.1,33.8,False,flu_outbreak,spring_peak
2024-12-11,Cetirizine_10mg,Antihistamine,445,0.1,44.5,False,flu_outbreak,spring_peak
2024-12-12,Cetirizine_10mg,Antihistamine,385,0.1,38.5,False,flu_outbreak,spring_peak
2024-12-13,Cetirizine_10mg,Antihistamine,387,0.1,38.7,False,flu_outbreak,spring_peak
2024-12-14,Cetirizine_10mg,Antihistamine,356,0.1,35.6,False,flu_outbreak,spring_peak
2024-12-15,Cetirizine_10mg,Antihistamine,328,0.1,32.8,False,flu_outbreak,spring_peak
2024-12-16,Cetirizine_10mg,Antihistamine,454,0.1,45.4,False,flu_outbreak,spring_peak
2024-12-17,Cetirizine_10mg,Antihistamine,464,0.1,46.4,False,flu_outbreak,spring_peak
2024-12-18,Cetirizine_10mg,Antihistamine,401,0.1,40.1,False,flu_outbreak,spring_peak
2024-12-19,Cetirizine_10mg,Antihistamine,450,0.1,45.0,False,flu_outbreak,spring_peak
2024-12-20,Cetirizine_10mg,Antihistamine,398,0.1,39.8,False,flu_outbreak,spring_peak
2024-12-21,Cetirizine_10mg,Antihistamine,399,0.1,39.9,False,flu_outbreak,spring_peak
2024-12-22,Cetirizine_10mg,Antihistamine,320,0.1,32.0,False,flu_outbreak,spring_peak
2024-12-23,Cetirizine_10mg,Antihistamine,458,0.1,45.8,False,flu_outbreak,spring_peak
2024-12-24,Cetirizine_10mg,Antihistamine,452,0.1,45.2,False,flu_outbreak,spring_peak
2024-12-25,Cetirizine_10mg,Antihistamine,434,0.1,43.4,False,flu_outbreak,spring_peak
2024-12-26,Cetirizine_10mg,Antihistamine,401,0.1,40.1,False,flu_outbreak,spring_peak
2024-12-27,Cetirizine_10mg,Antihistamine,418,0.1,41.8,False,flu_outbreak,spring_peak
2024-12-28,Cetirizine_10mg,Antihistamine,280,0.1,28.0,False,flu_outbreak,spring_peak
2024-12-29,Cetirizine_10mg,Antihistamine,344,0.1,34.4,False,flu_outbreak,spring_peak
2024-12-30,Cetirizine_10mg,Antihistamine,436,0.1,43.6,False,flu_outbreak,spring_peak
2024-12-31,Cetirizine_10mg,Antihistamine,428,0.1,42.8,False,flu_outbreak,spring_peak
